case_index	design_wavelength_nm	candidate_index	selected	wavelength_eligible	final_min_wavelength_nm	final_abs_wavelength_error_nm	final_min_transmittance	final_fwhm_nm	valley_penalty_normalized	fwhm_penalty_normalized	quality_score	cvae_min_wavelength_nm	cvae_min_transmittance	cvae_fwhm_nm	ideal_to_final_mse	R	n_host
1.0000000000e+00	4.1000000000e+02	0.0000000000e+00	0.0000000000e+00	1.0000000000e+00	4.1037591553e+02	3.7591552734e-01	1.1607178301e-01	1.5707464693e+01	1.1607178301e+00	5.2358215644e-01	8.4214999325e-01	4.1079562378e+02	1.3961605728e-01	1.5639824558e+01	9.3472525477e-03	3.9404585361e+00	1.5461682081e+00
1.0000000000e+00	4.1000000000e+02	1.0000000000e+00	0.0000000000e+00	1.0000000000e+00	4.1079562378e+02	7.9562377930e-01	2.4834099412e-01	1.4985452921e+01	2.4834099412e+00	4.9951509737e-01	1.4914625193e+00	4.1079562378e+02	3.3437359333e-01	1.6764597751e+01	1.4356170781e-02	3.4306955338e+00	1.5392209291e+00
1.0000000000e+00	4.1000000000e+02	2.0000000000e+00	0.0000000000e+00	1.0000000000e+00	4.1037591553e+02	3.7591552734e-01	4.5665581711e-03	3.1009984943e+01	4.5665581711e-02	1.0336661648e+00	5.3966587324e-01	4.1163504028e+02	1.3307717629e-02	3.1741097093e+01	1.6830862733e-03	5.8692770004e+00	1.5553113222e+00
1.0000000000e+00	4.1000000000e+02	3.0000000000e+00	0.0000000000e+00	1.0000000000e+00	4.1037591553e+02	3.7591552734e-01	9.2770280316e-03	2.6445904195e+01	9.2770280316e-02	8.8153013984e-01	4.8715021008e-01	4.0953649902e+02	5.7447995991e-02	2.8462372709e+01	1.5545616625e-03	5.4278211594e+00	1.5437780619e+00
1.0000000000e+00	4.1000000000e+02	4.0000000000e+00	0.0000000000e+00	1.0000000000e+00	4.1079562378e+02	7.9562377930e-01	2.4279966950e-01	1.4736267247e+01	2.4279966950e+00	4.9120890824e-01	1.4596028016e+00	4.1163504028e+02	2.3506638408e-01	1.4630925902e+01	1.4177105390e-02	3.4676241875e+00	1.5662901402e+00
1.0000000000e+00	4.1000000000e+02	5.0000000000e+00	0.0000000000e+00	1.0000000000e+00	4.1037591553e+02	3.7591552734e-01	6.4378507435e-02	1.7620387005e+01	6.4378507435e-01	5.8734623349e-01	6.1556565392e-01	4.1079562378e+02	9.3070566654e-02	1.8950467899e+01	6.5126926638e-03	4.2964725494e+00	1.5578026772e+00
1.0000000000e+00	4.1000000000e+02	6.0000000000e+00	0.0000000000e+00	1.0000000000e+00	4.1037591553e+02	3.7591552734e-01	2.9628174379e-03	3.5256700453e+01	2.9628174379e-02	1.1752233484e+00	6.0242576140e-01	4.0953649902e+02	1.0283374228e-02	3.6050825725e+01	2.5812259410e-03	6.2047386169e+00	1.5420545340e+00
1.0000000000e+00	4.1000000000e+02	7.0000000000e+00	0.0000000000e+00	1.0000000000e+00	4.1037591553e+02	3.7591552734e-01	5.6384750642e-03	2.9495265392e+01	5.6384750642e-02	9.8317551306e-01	5.1978013185e-01	4.1079562378e+02	2.8469117358e-02	3.1188098956e+01	1.5734416666e-03	5.7370300293e+00	1.5606017113e+00
1.0000000000e+00	4.1000000000e+02	8.0000000000e+00	0.0000000000e+00	1.0000000000e+00	4.1037591553e+02	3.7591552734e-01	7.1833403781e-03	2.7698864798e+01	7.1833403781e-02	9.2329549327e-01	4.9756444853e-01	4.1079562378e+02	2.2829202935e-02	2.8575497687e+01	1.4499671524e-03	5.5689530373e+00	1.5480158329e+00
1.0000000000e+00	4.1000000000e+02	9.0000000000e+00	0.0000000000e+00	1.0000000000e+00	4.1079562378e+02	7.9562377930e-01	2.4315267801e-01	1.4419413429e+01	2.4315267801e+00	4.8064711429e-01	1.4560869472e+00	4.1079562378e+02	2.4286861718e-01	1.4405091142e+01	1.4539617114e-02	3.4348220825e+00	1.5633589029e+00
1.0000000000e+00	4.1000000000e+02	1.0000000000e+01	1.0000000000e+00	1.0000000000e+00	4.1037591553e+02	3.7591552734e-01	1.6171099618e-02	2.3124609578e+01	1.6171099618e-01	7.7082031926e-01	4.6626565772e-01	4.1163504028e+02	3.5439487547e-02	2.4950497363e+01	2.4194936268e-03	5.0552554131e+00	1.5597651005e+00
1.0000000000e+00	4.1000000000e+02	1.1000000000e+01	0.0000000000e+00	1.0000000000e+00	4.1121533203e+02	1.2153320312e+00	2.7875822783e-01	1.4185130748e+01	2.7875822783e+00	4.7283769161e-01	1.6302099849e+00	4.1079562378e+02	3.6456635594e-01	1.7307868946e+01	1.5939002857e-02	3.3116941452e+00	1.5577235222e+00
1.0000000000e+00	4.1000000000e+02	1.2000000000e+01	0.0000000000e+00	1.0000000000e+00	4.1037591553e+02	3.7591552734e-01	1.0729340836e-02	2.5307347294e+01	1.0729340836e-01	8.4357824313e-01	4.7543582575e-01	4.1079562378e+02	3.9271611720e-02	2.7160161657e+01	1.7551735509e-03	5.2960290909e+00	1.5551619530e+00
1.0000000000e+00	4.1000000000e+02	1.3000000000e+01	0.0000000000e+00	1.0000000000e+00	4.1037591553e+02	3.7591552734e-01	8.9595895261e-03	2.6394886928e+01	8.9595895261e-02	8.7982956426e-01	4.8471272976e-01	4.1079562378e+02	4.0562778711e-02	2.8106257497e+01	1.5582127962e-03	5.4222888947e+00	1.5500699282e+00
1.0000000000e+00	4.1000000000e+02	1.4000000000e+01	0.0000000000e+00	1.0000000000e+00	4.1037591553e+02	3.7591552734e-01	5.1143027842e-02	1.9373898552e+01	5.1143027842e-01	6.4579661839e-01	5.7861344841e-01	4.0953649902e+02	1.2118432671e-01	2.0824984869e+01	4.8216795549e-03	4.5309963226e+00	1.5387008190e+00
1.0000000000e+00	4.1000000000e+02	1.5000000000e+01	0.0000000000e+00	1.0000000000e+00	4.1121533203e+02	1.2153320312e+00	4.8155206442e-01	1.2509478694e+01	4.8155206442e+00	4.1698262312e-01	2.6162516337e+00	4.1079562378e+02	4.8658576608e-01	1.2945203676e+01	2.4680668488e-02	2.6659126282e+00	1.5382319689e+00
1.0000000000e+00	4.1000000000e+02	1.6000000000e+01	0.0000000000e+00	1.0000000000e+00	4.1037591553e+02	3.7591552734e-01	2.2927308455e-02	2.1835471133e+01	2.2927308455e-01	7.2784903778e-01	4.7856106117e-01	4.1079562378e+02	4.6692524105e-02	2.3215945795e+01	3.0502376612e-03	4.8657131195e+00	1.5612474680e+00
1.0000000000e+00	4.1000000000e+02	1.7000000000e+01	0.0000000000e+00	1.0000000000e+00	4.1037591553e+02	3.7591552734e-01	1.6340818256e-02	2.3087355622e+01	1.6340818256e-01	7.6957852073e-01	4.6649335164e-01	4.1079562378e+02	4.6327322721e-02	2.5141951981e+01	2.4292797316e-03	5.0565280914e+00	1.5573364496e+00
1.0000000000e+00	4.1000000000e+02	1.8000000000e+01	0.0000000000e+00	1.0000000000e+00	4.1037591553e+02	3.7591552734e-01	1.0032941587e-02	2.5712272452e+01	1.0032941587e-01	8.5707574839e-01	4.7870258213e-01	4.1079562378e+02	2.8905943036e-02	2.7094441736e+01	1.6744683962e-03	5.3459234238e+00	1.5541961193e+00
1.0000000000e+00	4.1000000000e+02	1.9000000000e+01	0.0000000000e+00	1.0000000000e+00	4.1121533203e+02	1.2153320312e+00	5.1760035753e-01	1.3295036790e+01	5.1760035753e+00	4.4316789300e-01	2.8095857342e+00	4.1121533203e+02	5.0440067053e-01	1.2360486531e+01	2.5596581399e-02	2.6235733032e+00	1.5325530767e+00
2.0000000000e+00	4.1827586207e+02	0.0000000000e+00	0.0000000000e+00	1.0000000000e+00	4.1709124756e+02	1.1846145104e+00	1.6439488530e-01	1.6598326248e+01	1.6439488530e+00	5.5327754159e-01	1.0986131973e+00	4.1877008057e+02	1.7218214273e-01	1.7323859571e+01	1.0031724349e-02	3.6725192070e+00	1.6165850163e+00
2.0000000000e+00	4.1827586207e+02	1.0000000000e+00	0.0000000000e+00	1.0000000000e+00	4.1709124756e+02	1.1846145104e+00	2.1791979671e-01	1.5071032875e+01	2.1791979671e+00	5.0236776249e-01	1.3407828648e+00	4.1751095581e+02	3.1123039126e-01	1.8305534592e+01	1.3103611767e-02	3.3855409622e+00	1.6123924255e+00
2.0000000000e+00	4.1827586207e+02	2.0000000000e+00	0.0000000000e+00	1.0000000000e+00	4.1751095581e+02	7.6490625842e-01	3.6361820530e-03	3.2193625802e+01	3.6361820530e-02	1.0731208601e+00	5.5474134029e-01	4.1835037231e+02	1.5842312947e-02	3.3441860847e+01	1.9284640439e-03	5.8046789169e+00	1.6176426411e+00
2.0000000000e+00	4.1827586207e+02	3.0000000000e+00	1.0000000000e+00	1.0000000000e+00	4.1751095581e+02	7.6490625842e-01	9.2924237251e-03	2.5256698873e+01	9.2924237251e-02	8.4188996245e-01	4.6740709985e-01	4.1751095581e+02	5.6492831558e-02	2.7877959488e+01	2.2349881474e-03	5.1351451874e+00	1.6076989174e+00
2.0000000000e+00	4.1827586207e+02	4.0000000000e+00	0.0000000000e+00	1.0000000000e+00	4.1709124756e+02	1.1846145104e+00	2.1714572608e-01	1.5082671311e+01	2.1714572608e+00	5.0275571035e-01	1.3371064856e+00	4.1918978882e+02	2.5211980939e-01	1.6166286632e+01	1.3069633394e-02	3.3882145882e+00	1.6128185987e+00
2.0000000000e+00	4.1827586207e+02	5.0000000000e+00	0.0000000000e+00	1.0000000000e+00	4.1751095581e+02	7.6490625842e-01	6.4270392060e-02	1.9441501121e+01	6.4270392060e-01	6.4805003735e-01	6.4537697898e-01	4.1751095581e+02	1.0620002449e-01	2.0226906082e+01	5.4611135274e-03	4.2136640549e+00	1.6162692308e+00
2.0000000000e+00	4.1827586207e+02	6.0000000000e+00	0.0000000000e+00	1.0000000000e+00	4.1751095581e+02	7.6490625842e-01	2.5443159975e-03	3.6363575109e+01	2.5443159975e-02	1.2121191703e+00	6.1878116514e-01	4.1751095581e+02	1.4889386483e-02	3.7907482275e+01	3.5829218104e-03	6.2246847153e+00	1.6005948782e+00
2.0000000000e+00	4.1827586207e+02	7.0000000000e+00	0.0000000000e+00	1.0000000000e+00	4.1751095581e+02	7.6490625842e-01	5.2964985371e-03	3.1152121983e+01	5.2964985371e-02	1.0384040661e+00	5.4568452573e-01	4.1877008057e+02	2.8725005686e-02	3.2136492589e+01	1.5222079819e-03	5.6385049820e+00	1.6212773323e+00
2.0000000000e+00	4.1827586207e+02	8.0000000000e+00	0.0000000000e+00	1.0000000000e+00	4.1751095581e+02	7.6490625842e-01	6.6363075748e-03	2.7488705288e+01	6.6363075748e-02	9.1629017628e-01	4.9132662602e-01	4.1751095581e+02	2.3481270298e-02	2.8860961698e+01	1.8510317896e-03	5.3814382553e+00	1.6078286171e+00
2.0000000000e+00	4.1827586207e+02	9.0000000000e+00	0.0000000000e+00	1.0000000000e+00	4.1793066406e+02	3.4519800647e-01	2.4691548944e-01	1.5735902333e+01	2.4691548944e+00	5.2453007778e-01	1.4968424861e+00	4.1918978882e+02	2.7648574114e-01	1.6274429788e+01	1.3213458471e-02	3.3327827454e+00	1.6124755144e+00
2.0000000000e+00	4.1827586207e+02	1.0000000000e+01	0.0000000000e+00	1.0000000000e+00	4.1751095581e+02	7.6490625842e-01	1.4970826916e-02	2.5214550165e+01	1.4970826916e-01	8.4048500551e-01	4.9509663734e-01	4.1877008057e+02	4.0599614382e-02	2.6193093499e+01	1.8632930005e-03	4.9784479141e+00	1.6195374727e+00
2.0000000000e+00	4.1827586207e+02	1.1000000000e+01	0.0000000000e+00	1.0000000000e+00	4.1960949707e+02	1.3336350013e+00	2.7352797985e-01	1.6375264125e+01	2.7352797985e+00	5.4584213751e-01	1.6405609680e+00	4.2002920532e+02	3.3523941040e-01	1.9000813561e+01	1.3384222984e-02	3.3240821362e+00	1.6187338829e+00
2.0000000000e+00	4.1827586207e+02	1.2000000000e+01	0.0000000000e+00	1.0000000000e+00	4.1751095581e+02	7.6490625842e-01	8.6911525577e-03	2.6124986699e+01	8.6911525577e-02	8.7083288996e-01	4.7887220777e-01	4.1877008057e+02	4.4195346534e-02	2.8046099237e+01	1.7996403622e-03	5.1495680809e+00	1.6179709435e+00
2.0000000000e+00	4.1827586207e+02	1.3000000000e+01	0.0000000000e+00	1.0000000000e+00	4.1751095581e+02	7.6490625842e-01	7.4341935106e-03	2.6178759404e+01	7.4341935106e-02	8.7262531346e-01	4.7348362428e-01	4.1751095581e+02	4.2816359550e-02	2.8536093478e+01	1.9719998818e-03	5.2364754677e+00	1.6114072800e+00
2.0000000000e+00	4.1827586207e+02	1.4000000000e+01	0.0000000000e+00	1.0000000000e+00	4.1751095581e+02	7.6490625842e-01	5.2251420915e-02	1.8879521948e+01	5.2251420915e-01	6.2931739828e-01	5.7591580372e-01	4.1751095581e+02	1.1310657859e-01	2.1067044502e+01	5.7168039493e-03	4.2830705643e+00	1.6112184525e+00
2.0000000000e+00	4.1827586207e+02	1.5000000000e+01	0.0000000000e+00	1.0000000000e+00	4.1877008057e+02	4.9421849744e-01	4.1359204054e-01	1.2042473659e+01	4.1359204054e+00	4.0141578865e-01	2.2686680970e+00	4.1877008057e+02	4.7876727581e-01	1.4232085050e+01	2.2883478552e-02	2.7057273388e+00	1.6051615477e+00
2.0000000000e+00	4.1827586207e+02	1.6000000000e+01	0.0000000000e+00	1.0000000000e+00	4.1793066406e+02	3.4519800647e-01	3.0022628605e-02	2.3664963089e+01	3.0022628605e-01	7.8883210297e-01	5.4452919451e-01	4.1877008057e+02	4.7808561474e-02	2.3671694055e+01	2.4311037268e-03	4.7444391251e+00	1.6214417219e+00
2.0000000000e+00	4.1827586207e+02	1.7000000000e+01	0.0000000000e+00	1.0000000000e+00	4.1751095581e+02	7.6490625842e-01	1.8250359222e-02	2.4913502633e+01	1.8250359222e-01	8.3045008776e-01	5.0647683999e-01	4.1877008057e+02	5.4935086519e-02	2.6086139693e+01	1.9271619385e-03	4.9185256958e+00	1.6200549603e+00
2.0000000000e+00	4.1827586207e+02	1.8000000000e+01	0.0000000000e+00	1.0000000000e+00	4.1751095581e+02	7.6490625842e-01	7.6714623719e-03	2.6177069900e+01	7.6714623719e-02	8.7256899667e-01	4.7464181019e-01	4.1835037231e+02	3.4453567117e-02	2.8113896458e+01	1.8653422594e-03	5.2037258148e+00	1.6160693169e+00
2.0000000000e+00	4.1827586207e+02	1.9000000000e+01	0.0000000000e+00	1.0000000000e+00	4.1877008057e+02	4.9421849744e-01	4.4563433528e-01	1.2013320708e+01	4.4563433528e+00	4.0044402359e-01	2.4283936882e+00	4.1877008057e+02	4.9245005846e-01	1.3621001623e+01	2.4114960805e-02	2.6363162994e+00	1.6039457321e+00
3.0000000000e+00	4.2655172414e+02	0.0000000000e+00	0.0000000000e+00	0.0000000000e+00	4.2380661011e+02	2.7451140305e+00	1.4512231946e-01	1.7643119051e+01	inf	inf	inf	4.2548544312e+02	1.4733731747e-01	1.7867577394e+01	9.1061638668e-03	3.7100493908e+00	1.6687618494e+00
3.0000000000e+00	4.2655172414e+02	1.0000000000e+00	0.0000000000e+00	1.0000000000e+00	4.2590515137e+02	6.4657277074e-01	1.9524754584e-01	1.7979606440e+01	1.9524754584e+00	5.9932021467e-01	1.2758978365e+00	4.2758398438e+02	2.4360504746e-01	1.8630144097e+01	9.6380952746e-03	3.5261840820e+00	1.6763020754e+00
3.0000000000e+00	4.2655172414e+02	2.0000000000e+00	0.0000000000e+00	1.0000000000e+00	4.2800369263e+02	1.4519684890e+00	4.6250005253e-03	3.6612430037e+01	4.6250005253e-02	1.2204143346e+00	6.3333216992e-01	4.2632485962e+02	1.5740307048e-02	3.7884851979e+01	3.7041101605e-03	5.8649592400e+00	1.6764178276e+00
3.0000000000e+00	4.2655172414e+02	3.0000000000e+00	0.0000000000e+00	0.0000000000e+00	4.2380661011e+02	2.7451140305e+00	1.7743511125e-02	2.8251560275e+01	inf	inf	inf	4.2632485962e+02	4.5700237155e-02	2.9765418722e+01	1.8171508564e-03	5.1002664566e+00	1.6704318523e+00
3.0000000000e+00	4.2655172414e+02	4.0000000000e+00	0.0000000000e+00	1.0000000000e+00	4.2548544312e+02	1.0662810227e+00	2.0794348419e-01	1.7243936153e+01	2.0794348419e+00	5.7479787178e-01	1.3271163568e+00	4.2590515137e+02	2.5018310547e-01	1.8393887697e+01	1.0742614046e-02	3.4298391342e+00	1.6730955839e+00
3.0000000000e+00	4.2655172414e+02	5.0000000000e+00	0.0000000000e+00	0.0000000000e+00	4.3010223389e+02	3.5505097488e+00	5.4151941091e-02	2.1846424045e+01	inf	inf	inf	4.2590515137e+02	9.5608413219e-02	2.2856044491e+01	4.2540971190e-03	4.3062124252e+00	1.6786088943e+00
3.0000000000e+00	4.2655172414e+02	6.0000000000e+00	0.0000000000e+00	0.0000000000e+00	4.2296719360e+02	3.5845305344e+00	2.6291944087e-03	3.9557074795e+01	inf	inf	inf	4.2464602661e+02	1.3147792779e-02	4.1208075379e+01	5.7527599856e-03	6.2136411667e+00	1.6596029997e+00
3.0000000000e+00	4.2655172414e+02	7.0000000000e+00	0.0000000000e+00	1.0000000000e+00	4.2842340088e+02	1.8716767410e+00	6.3120368868e-03	3.3227127773e+01	6.3120368868e-02	1.1075709258e+00	5.8534564732e-01	4.2758398438e+02	2.4383570999e-02	3.4532740348e+01	2.3166958708e-03	5.5791916847e+00	1.6787297726e+00
3.0000000000e+00	4.2655172414e+02	8.0000000000e+00	0.0000000000e+00	0.0000000000e+00	4.2380661011e+02	2.7451140305e+00	9.4044348225e-03	3.2200843720e+01	inf	inf	inf	4.2464602661e+02	2.5119308382e-02	3.3581420096e+01	2.2966170218e-03	5.5062122345e+00	1.6678102016e+00
3.0000000000e+00	4.2655172414e+02	9.0000000000e+00	0.0000000000e+00	1.0000000000e+00	4.2716427612e+02	6.1255198512e-01	2.2273901105e-01	1.7513619917e+01	2.2273901105e+00	5.8378733055e-01	1.4055887205e+00	4.2674456787e+02	2.6472657919e-01	1.8465196200e+01	1.0820128024e-02	3.3942573071e+00	1.6760379076e+00
3.0000000000e+00	4.2655172414e+02	1.0000000000e+01	0.0000000000e+00	0.0000000000e+00	4.2884310913e+02	2.2913849929e+00	1.5321303159e-02	2.7496721218e+01	inf	inf	inf	4.2632485962e+02	4.0858566761e-02	2.9696193284e+01	1.8312737811e-03	5.0402774811e+00	1.6807826757e+00
3.0000000000e+00	4.2655172414e+02	1.1000000000e+01	0.0000000000e+00	0.0000000000e+00	4.2968252563e+02	3.1308014968e+00	1.7087289691e-01	1.7296410224e+01	inf	inf	inf	4.2968252563e+02	2.3606358469e-01	1.8088663509e+01	1.0154969990e-02	3.4656178951e+00	1.6852653027e+00
3.0000000000e+00	4.2655172414e+02	1.2000000000e+01	0.0000000000e+00	0.0000000000e+00	4.2884310913e+02	2.2913849929e+00	1.3013862073e-02	2.9212452232e+01	inf	inf	inf	4.2674456787e+02	4.1047051549e-02	3.0896331480e+01	1.6851237742e-03	5.1807708740e+00	1.6792222261e+00
3.0000000000e+00	4.2655172414e+02	1.3000000000e+01	0.0000000000e+00	1.0000000000e+00	4.2716427612e+02	6.1255198512e-01	1.6676960513e-02	2.9525872056e+01	1.6676960513e-01	9.8419573520e-01	5.7548267017e-01	4.2632485962e+02	3.8455124944e-02	3.0994786284e+01	1.6020647017e-03	5.2205963135e+00	1.6741268635e+00
3.0000000000e+00	4.2655172414e+02	1.4000000000e+01	0.0000000000e+00	0.0000000000e+00	4.2926281738e+02	2.7110932449e+00	6.9261647761e-02	2.2401531460e+01	inf	inf	inf	4.2548544312e+02	9.8161943257e-02	2.2685404804e+01	3.7900295574e-03	4.3048362732e+00	1.6759326458e+00
3.0000000000e+00	4.2655172414e+02	1.5000000000e+01	0.0000000000e+00	1.0000000000e+00	4.2590515137e+02	6.4657277074e-01	4.3153718114e-01	1.4961585170e+01	4.3153718114e+00	4.9871950568e-01	2.4070456585e+00	4.2926281738e+02	4.8149690032e-01	1.8700872459e+01	2.0319979638e-02	2.7471499443e+00	1.6655426025e+00
3.0000000000e+00	4.2655172414e+02	1.6000000000e+01	0.0000000000e+00	0.0000000000e+00	4.3010223389e+02	3.5505097488e+00	1.5334667638e-02	2.5513210624e+01	inf	inf	inf	4.2548544312e+02	4.3842658401e-02	2.6638871276e+01	2.5425881613e-03	4.8151965141e+00	1.6834285259e+00
3.0000000000e+00	4.2655172414e+02	1.7000000000e+01	0.0000000000e+00	0.0000000000e+00	4.3010223389e+02	3.5505097488e+00	1.2874408625e-02	2.6601348623e+01	inf	inf	inf	4.2674456787e+02	5.4588422179e-02	2.8852222520e+01	2.2763451561e-03	4.9298181534e+00	1.6826374531e+00
3.0000000000e+00	4.2655172414e+02	1.8000000000e+01	1.0000000000e+00	1.0000000000e+00	4.2800369263e+02	1.4519684890e+00	1.3432790525e-02	3.0367953971e+01	1.3432790525e-01	1.0122651324e+00	5.7329651880e-01	4.2632485962e+02	3.6201734096e-02	3.2145826264e+01	1.6454345314e-03	5.2934589386e+00	1.6757115126e+00
3.0000000000e+00	4.2655172414e+02	1.9000000000e+01	0.0000000000e+00	1.0000000000e+00	4.2548544312e+02	1.0662810227e+00	4.3554776907e-01	1.4163253392e+01	4.3554776907e+00	4.7210844638e-01	2.4137930685e+00	4.2758398438e+02	5.2422243357e-01	1.8827545057e+01	2.1494947374e-02	2.6628103256e+00	1.6587222815e+00
4.0000000000e+00	4.3482758621e+02	0.0000000000e+00	0.0000000000e+00	1.0000000000e+00	4.3639788818e+02	1.5703019767e+00	1.3679990172e-01	1.8174993499e+01	1.3679990172e+00	6.0583311663e-01	9.8691606694e-01	4.3555847168e+02	2.3155587912e-01	2.2765248294e+01	7.9905446619e-03	3.6598975658e+00	1.7244343758e+00
4.0000000000e+00	4.3482758621e+02	1.0000000000e+00	0.0000000000e+00	0.0000000000e+00	4.3765701294e+02	2.8294267326e+00	1.3564123213e-01	1.6291581908e+01	inf	inf	inf	4.3471905518e+02	2.2845371068e-01	1.9577930893e+01	1.0228949599e-02	3.4439175129e+00	1.7315803766e+00
4.0000000000e+00	4.3482758621e+02	2.0000000000e+00	0.0000000000e+00	0.0000000000e+00	4.3723730469e+02	2.4097184806e+00	3.7576998584e-03	3.9463817981e+01	inf	inf	inf	4.3429934692e+02	1.4089210890e-02	3.9842310082e+01	4.8263464123e-03	5.8134870529e+00	1.7319520712e+00
4.0000000000e+00	4.3482758621e+02	3.0000000000e+00	1.0000000000e+00	1.0000000000e+00	4.3429934692e+02	5.2823928307e-01	1.6326429322e-02	3.1286279187e+01	1.6326429322e-01	1.0428759729e+00	6.0307013307e-01	4.3304022217e+02	3.4541681409e-02	3.2077534284e+01	1.7286747461e-03	5.1152935028e+00	1.7267100811e+00
4.0000000000e+00	4.3482758621e+02	4.0000000000e+00	0.0000000000e+00	0.0000000000e+00	4.3765701294e+02	2.8294267326e+00	1.5152288973e-01	1.6213119283e+01	inf	inf	inf	4.3429934692e+02	2.4699488282e-01	1.9402136806e+01	1.0677166283e-02	3.3746669292e+00	1.7284436226e+00
4.0000000000e+00	4.3482758621e+02	5.0000000000e+00	0.0000000000e+00	0.0000000000e+00	4.3723730469e+02	2.4097184806e+00	2.5764418766e-02	2.2744898563e+01	inf	inf	inf	4.3429934692e+02	9.3004770577e-02	2.5164577584e+01	3.3967141062e-03	4.3551769257e+00	1.7320894003e+00
4.0000000000e+00	4.3482758621e+02	6.0000000000e+00	0.0000000000e+00	0.0000000000e+00	4.3178109741e+02	3.0464887948e+00	2.2847915534e-03	4.2068717416e+01	inf	inf	inf	4.3136138916e+02	1.0673719458e-02	4.2357204937e+01	7.4027515948e-03	6.1340150833e+00	1.7147960663e+00
4.0000000000e+00	4.3482758621e+02	7.0000000000e+00	0.0000000000e+00	0.0000000000e+00	4.3723730469e+02	2.4097184806e+00	5.1044751890e-03	3.6099963592e+01	inf	inf	inf	4.3429934692e+02	2.1131968126e-02	3.6353658998e+01	3.1761785503e-03	5.5123462677e+00	1.7368171215e+00
4.0000000000e+00	4.3482758621e+02	8.0000000000e+00	0.0000000000e+00	0.0000000000e+00	4.3220080566e+02	2.6267805428e+00	7.4446508661e-03	3.5039622108e+01	inf	inf	inf	4.3304022217e+02	2.3733330891e-02	3.5906365264e+01	3.2686330378e-03	5.4512109756e+00	1.7259607315e+00
4.0000000000e+00	4.3482758621e+02	9.0000000000e+00	0.0000000000e+00	0.0000000000e+00	4.3765701294e+02	2.8294267326e+00	1.4979748428e-01	1.5847275225e+01	inf	inf	inf	4.3471905518e+02	2.5473973155e-01	1.9422054038e+01	1.1364527978e-02	3.3448584080e+00	1.7304325104e+00
4.0000000000e+00	4.3482758621e+02	1.0000000000e+01	0.0000000000e+00	0.0000000000e+00	4.3723730469e+02	2.4097184806e+00	7.8764678910e-03	2.9496707809e+01	inf	inf	inf	4.3429934692e+02	4.1892748326e-02	3.0819662194e+01	1.8050484359e-03	4.9678783417e+00	1.7361234426e+00
4.0000000000e+00	4.3482758621e+02	1.1000000000e+01	0.0000000000e+00	0.0000000000e+00	4.3765701294e+02	2.8294267326e+00	1.3593885303e-01	1.5964582678e+01	inf	inf	inf	4.3639788818e+02	2.3317137361e-01	1.9143112349e+01	1.0838306509e-02	3.3900716305e+00	1.7365157604e+00
4.0000000000e+00	4.3482758621e+02	1.2000000000e+01	0.0000000000e+00	0.0000000000e+00	4.3723730469e+02	2.4097184806e+00	6.6304099746e-03	3.1322047677e+01	inf	inf	inf	4.3429934692e+02	3.2035302371e-02	3.2380410937e+01	1.8811966293e-03	5.1368880272e+00	1.7347476482e+00
4.0000000000e+00	4.3482758621e+02	1.3000000000e+01	0.0000000000e+00	0.0000000000e+00	4.3723730469e+02	2.4097184806e+00	1.1139695533e-02	3.2487510214e+01	inf	inf	inf	4.3387963867e+02	3.0543381348e-02	3.2977643339e+01	1.8886107719e-03	5.2011675835e+00	1.7293643951e+00
4.0000000000e+00	4.3482758621e+02	1.4000000000e+01	0.0000000000e+00	0.0000000000e+00	4.3723730469e+02	2.4097184806e+00	2.8025090694e-02	2.2518680860e+01	inf	inf	inf	4.3345993042e+02	8.3221212029e-02	2.4952813523e+01	3.4205673728e-03	4.3534922600e+00	1.7283581495e+00
4.0000000000e+00	4.3482758621e+02	1.5000000000e+01	0.0000000000e+00	1.0000000000e+00	4.3597817993e+02	1.1505937247e+00	5.0340825319e-01	1.7683995821e+01	5.0340825319e+00	5.8946652736e-01	2.8117745296e+00	4.3304022217e+02	4.3123945594e-01	1.5673464773e+01	2.1436363459e-02	2.6379117966e+00	1.7207887173e+00
4.0000000000e+00	4.3482758621e+02	1.6000000000e+01	0.0000000000e+00	0.0000000000e+00	4.3723730469e+02	2.4097184806e+00	1.2699877843e-02	2.6305925342e+01	inf	inf	inf	4.3471905518e+02	6.4440347254e-02	2.8596724252e+01	2.0592189394e-03	4.7145948410e+00	1.7316254377e+00
4.0000000000e+00	4.3482758621e+02	1.7000000000e+01	0.0000000000e+00	0.0000000000e+00	4.3723730469e+02	2.4097184806e+00	8.3284461871e-03	2.8518653901e+01	inf	inf	inf	4.3429934692e+02	4.2909409851e-02	2.9971695791e+01	1.9170297310e-03	4.8793640137e+00	1.7375445366e+00
4.0000000000e+00	4.3482758621e+02	1.8000000000e+01	0.0000000000e+00	0.0000000000e+00	4.3723730469e+02	2.4097184806e+00	6.5942117944e-03	3.2356837339e+01	inf	inf	inf	4.3429934692e+02	2.9980424792e-02	3.3389907550e+01	2.0259895828e-03	5.2197113037e+00	1.7335394621e+00
4.0000000000e+00	4.3482758621e+02	1.9000000000e+01	0.0000000000e+00	0.0000000000e+00	4.3220080566e+02	2.6267805428e+00	4.1766369343e-01	1.4045720571e+01	inf	inf	inf	4.3304022217e+02	4.4579052925e-01	1.4827033176e+01	2.1719446406e-02	2.6031401157e+00	1.7112319469e+00
5.0000000000e+00	4.4310344828e+02	0.0000000000e+00	0.0000000000e+00	1.0000000000e+00	4.4437237549e+02	1.2689272124e+00	1.5619146824e-01	1.9098439094e+01	1.5619146824e+00	6.3661463648e-01	1.0992646594e+00	4.4395266724e+02	1.7469896376e-01	1.9873342978e+01	7.9401014373e-03	3.5124843121e+00	1.7838933468e+00
5.0000000000e+00	4.4310344828e+02	1.0000000000e+00	0.0000000000e+00	0.0000000000e+00	4.4521179199e+02	2.1083437163e+00	1.6677699983e-01	1.7011044253e+01	inf	inf	inf	4.4269354248e+02	2.7869781852e-01	2.0398838009e+01	1.0320293717e-02	3.2736074924e+00	1.7766184807e+00
5.0000000000e+00	4.4310344828e+02	2.0000000000e+00	0.0000000000e+00	1.0000000000e+00	4.4479208374e+02	1.6886354644e+00	2.4196163286e-03	4.0279914212e+01	2.4196163286e-02	1.3426638071e+00	6.8342998518e-01	4.4185412598e+02	7.5790411793e-03	4.0899934018e+01	5.4760435596e-03	5.8217000961e+00	1.7862010002e+00
5.0000000000e+00	4.4310344828e+02	3.0000000000e+00	0.0000000000e+00	1.0000000000e+00	4.4479208374e+02	1.6886354644e+00	8.5084661841e-03	3.0215144113e+01	8.5084661841e-02	1.0071714704e+00	5.4612806614e-01	4.4101467896e+02	3.2172683626e-02	3.1491330480e+01	1.5067266067e-03	5.0310397148e+00	1.7796924114e+00
5.0000000000e+00	4.4310344828e+02	4.0000000000e+00	0.0000000000e+00	0.0000000000e+00	4.4521179199e+02	2.1083437163e+00	1.5200935304e-01	1.6689810993e+01	inf	inf	inf	4.4311325073e+02	2.4532374740e-01	1.8490873969e+01	1.0598505847e-02	3.2335457802e+00	1.7816329002e+00
5.0000000000e+00	4.4310344828e+02	5.0000000000e+00	0.0000000000e+00	1.0000000000e+00	4.4479208374e+02	1.6886354644e+00	2.7928262949e-02	2.2713595195e+01	2.7928262949e-01	7.5711983984e-01	5.1820123466e-01	4.4311325073e+02	7.2266556323e-02	2.3617760692e+01	2.9618861154e-03	4.2308750153e+00	1.7887563705e+00
5.0000000000e+00	4.4310344828e+02	6.0000000000e+00	0.0000000000e+00	1.0000000000e+00	4.4143438721e+02	1.6690610688e+00	3.2222131267e-03	4.4243387515e+01	3.2222131267e-02	1.4747795838e+00	7.5350085755e-01	4.4017526245e+02	9.1184014454e-03	4.4892215456e+01	1.0359952226e-02	6.1196975708e+00	1.7744926214e+00
5.0000000000e+00	4.4310344828e+02	7.0000000000e+00	0.0000000000e+00	1.0000000000e+00	4.4479208374e+02	1.6886354644e+00	2.9206599575e-03	3.5440604289e+01	2.9206599575e-02	1.1813534763e+00	6.0528003793e-01	4.4311325073e+02	1.7238309607e-02	3.6478542783e+01	3.1551409047e-03	5.4815797806e+00	1.7909878492e+00
5.0000000000e+00	4.4310344828e+02	8.0000000000e+00	0.0000000000e+00	1.0000000000e+00	4.4479208374e+02	1.6886354644e+00	4.5352769084e-03	3.3361840338e+01	4.5352769084e-02	1.1120613446e+00	5.7870705684e-01	4.4185412598e+02	1.5693357214e-02	3.5076399669e+01	2.2692966741e-03	5.3811717033e+00	1.7830810547e+00
5.0000000000e+00	4.4310344828e+02	9.0000000000e+00	0.0000000000e+00	0.0000000000e+00	4.4521179199e+02	2.1083437163e+00	1.5653584898e-01	1.6723669019e+01	inf	inf	inf	4.4311325073e+02	2.6662933826e-01	1.8898857570e+01	1.0772327892e-02	3.2047343254e+00	1.7821283340e+00
5.0000000000e+00	4.4310344828e+02	1.0000000000e+01	0.0000000000e+00	1.0000000000e+00	4.4479208374e+02	1.6886354644e+00	7.0164981298e-03	2.9303800551e+01	7.0164981298e-02	9.7679335171e-01	5.2347916650e-01	4.4311325073e+02	2.5620711967e-02	2.8770644081e+01	1.6174917109e-03	4.9147319794e+00	1.7941138744e+00
5.0000000000e+00	4.4310344828e+02	1.1000000000e+01	0.0000000000e+00	0.0000000000e+00	4.4521179199e+02	2.1083437163e+00	1.5901336074e-01	1.6659470731e+01	inf	inf	inf	4.4311325073e+02	2.9771709442e-01	2.0015554421e+01	1.0839175433e-02	3.2009391785e+00	1.7796429396e+00
5.0000000000e+00	4.4310344828e+02	1.2000000000e+01	0.0000000000e+00	1.0000000000e+00	4.4479208374e+02	1.6886354644e+00	5.6400122121e-03	3.0577750854e+01	5.6400122121e-02	1.0192583618e+00	5.3782924196e-01	4.4185412598e+02	2.7871826664e-02	3.1730522191e+01	1.6698024701e-03	5.0909681320e+00	1.7887667418e+00
5.0000000000e+00	4.4310344828e+02	1.3000000000e+01	0.0000000000e+00	1.0000000000e+00	4.4479208374e+02	1.6886354644e+00	5.8612525463e-03	3.1028180601e+01	5.8612525463e-02	1.0342726867e+00	5.4644260608e-01	4.4185412598e+02	2.6914631948e-02	3.2533453562e+01	1.6648798482e-03	5.1499519348e+00	1.7838536501e+00
5.0000000000e+00	4.4310344828e+02	1.4000000000e+01	0.0000000000e+00	1.0000000000e+00	4.4479208374e+02	1.6886354644e+00	3.8762670010e-02	2.3673152700e+01	3.8762670010e-01	7.8910508999e-01	5.8836589505e-01	4.4143438721e+02	8.4386087954e-02	2.4918794039e+01	2.5534781162e-03	4.2623414993e+00	1.7807036638e+00
5.0000000000e+00	4.4310344828e+02	1.5000000000e+01	0.0000000000e+00	0.0000000000e+00	4.3975555420e+02	3.3478940766e+00	4.1052165627e-01	1.5017195684e+01	inf	inf	inf	4.4143438721e+02	5.1283776760e-01	1.6899186815e+01	2.1087717265e-02	2.5678091049e+00	1.7714204788e+00
5.0000000000e+00	4.4310344828e+02	1.6000000000e+01	1.0000000000e+00	1.0000000000e+00	4.4479208374e+02	1.6886354644e+00	1.1366931722e-02	2.6670432673e+01	1.1366931722e-01	8.8901442244e-01	5.0134186983e-01	4.4311325073e+02	4.0986731648e-02	2.6787070742e+01	1.7422537785e-03	4.6738591194e+00	1.7928590775e+00
5.0000000000e+00	4.4310344828e+02	1.7000000000e+01	0.0000000000e+00	1.0000000000e+00	4.4479208374e+02	1.6886354644e+00	8.3309793845e-03	2.8360679794e+01	8.3309793845e-02	9.4535599313e-01	5.1433289349e-01	4.4311325073e+02	3.4986823797e-02	2.8764399108e+01	1.6226818552e-03	4.8327536583e+00	1.7925131321e+00
5.0000000000e+00	4.4310344828e+02	1.8000000000e+01	0.0000000000e+00	1.0000000000e+00	4.4479208374e+02	1.6886354644e+00	4.8900675029e-03	3.1478627407e+01	4.8900675029e-02	1.0492875802e+00	5.4909412763e-01	4.4185412598e+02	2.1309914067e-02	3.2438712662e+01	1.8361072289e-03	5.1807365417e+00	1.7891342640e+00
5.0000000000e+00	4.4310344828e+02	1.9000000000e+01	0.0000000000e+00	0.0000000000e+00	4.3975555420e+02	3.3478940766e+00	4.0266296268e-01	1.4385423784e+01	inf	inf	inf	4.4017526245e+02	5.7391470671e-01	1.8484915001e+01	2.1614575759e-02	2.5385437012e+00	1.7660989761e+00
6.0000000000e+00	4.5137931034e+02	0.0000000000e+00	0.0000000000e+00	1.0000000000e+00	4.5276657104e+02	1.3872607001e+00	1.1495754123e-01	1.7511315467e+01	1.1495754123e+00	5.8371051555e-01	8.6664296391e-01	4.5234683228e+02	1.9360494614e-01	1.9736415412e+01	8.4329713136e-03	3.4298074245e+00	1.8431600332e+00
6.0000000000e+00	4.5137931034e+02	1.0000000000e+00	0.0000000000e+00	1.0000000000e+00	4.5276657104e+02	1.3872607001e+00	1.2829451263e-01	1.6644799672e+01	1.2829451263e+00	5.5482665575e-01	9.1888589102e-01	4.4982858276e+02	2.6021030545e-01	1.9184719793e+01	9.5516806468e-03	3.2406027317e+00	1.8309148550e+00
6.0000000000e+00	4.5137931034e+02	2.0000000000e+00	0.0000000000e+00	1.0000000000e+00	4.5234683228e+02	9.6752193056e-01	1.3503046939e-03	4.0574787521e+01	1.3503046939e-02	1.3524929174e+00	6.8299798215e-01	4.4982858276e+02	9.0258568525e-03	4.1591003471e+01	5.7072280906e-03	5.7757644653e+00	1.8422974348e+00
6.0000000000e+00	4.5137931034e+02	3.0000000000e+00	0.0000000000e+00	1.0000000000e+00	4.5150741577e+02	1.2810542666e-01	1.1021244340e-02	3.2414615194e+01	1.1021244340e-01	1.0804871731e+00	5.9534980827e-01	4.4856945801e+02	3.1343087554e-02	3.2830707563e+01	2.1539998706e-03	5.0638241768e+00	1.8332486153e+00
6.0000000000e+00	4.5137931034e+02	4.0000000000e+00	0.0000000000e+00	1.0000000000e+00	4.5318627930e+02	1.8069689520e+00	1.4043714106e-01	1.6577106667e+01	1.4043714106e+00	5.5257022224e-01	9.7847081642e-01	4.5108770752e+02	2.8134569526e-01	2.0265993376e+01	1.0156578384e-02	3.2484793663e+00	1.8405889273e+00
6.0000000000e+00	4.5137931034e+02	5.0000000000e+00	0.0000000000e+00	1.0000000000e+00	4.5234683228e+02	9.6752193056e-01	2.5275649503e-02	2.3812921447e+01	2.5275649503e-01	7.9376404823e-01	5.2326027163e-01	4.5234683228e+02	9.4356700778e-02	2.5143853077e+01	2.4271134753e-03	4.1997156143e+00	1.8517894745e+00
6.0000000000e+00	4.5137931034e+02	6.0000000000e+00	0.0000000000e+00	1.0000000000e+00	4.5066799927e+02	7.1131107725e-01	2.6745623909e-03	4.6615230001e+01	2.6745623909e-02	1.5538410000e+00	7.9029331197e-01	4.4856945801e+02	9.6534527838e-03	4.5839106432e+01	1.0746578686e-02	6.0844974518e+00	1.8303741217e+00
6.0000000000e+00	4.5137931034e+02	7.0000000000e+00	0.0000000000e+00	1.0000000000e+00	4.5234683228e+02	9.6752193056e-01	2.5266658049e-03	3.5683413664e+01	2.5266658049e-02	1.1894471221e+00	6.0735689008e-01	4.4982858276e+02	2.0207449794e-02	3.6992076740e+01	3.0551212840e-03	5.4023985863e+00	1.8426506519e+00
6.0000000000e+00	4.5137931034e+02	8.0000000000e+00	0.0000000000e+00	1.0000000000e+00	4.5234683228e+02	9.6752193056e-01	2.9426154215e-03	3.4898389181e+01	2.9426154215e-02	1.1632796394e+00	5.9635289679e-01	4.4982858276e+02	2.0048702136e-02	3.6282675688e+01	2.6804711670e-03	5.3640398979e+00	1.8378473520e+00
6.0000000000e+00	4.5137931034e+02	9.0000000000e+00	0.0000000000e+00	0.0000000000e+00	4.5360598755e+02	2.2266772040e+00	1.8554455042e-01	1.6972055837e+01	inf	inf	inf	4.5234683228e+02	2.9057890177e-01	1.9549494207e+01	1.1616043746e-02	3.1670975685e+00	1.8415845633e+00
6.0000000000e+00	4.5137931034e+02	1.0000000000e+01	0.0000000000e+00	1.0000000000e+00	4.5234683228e+02	9.6752193056e-01	7.0175612345e-03	2.9647104276e+01	7.0175612345e-02	9.8823680919e-01	5.2920621077e-01	4.5108770752e+02	3.5018909723e-02	3.0693995519e+01	1.4253953705e-03	4.8893766403e+00	1.8479496241e+00
6.0000000000e+00	4.5137931034e+02	1.1000000000e+01	0.0000000000e+00	0.0000000000e+00	4.5360598755e+02	2.2266772040e+00	1.7626589537e-01	1.6783804394e+01	inf	inf	inf	4.5024829102e+02	3.0813190341e-01	1.9860451870e+01	1.1378179304e-02	3.1449894905e+00	1.8364088535e+00
6.0000000000e+00	4.5137931034e+02	1.2000000000e+01	0.0000000000e+00	1.0000000000e+00	4.5234683228e+02	9.6752193056e-01	4.2914524674e-03	3.1905475591e+01	4.2914524674e-02	1.0635158530e+00	5.5321518885e-01	4.4982858276e+02	2.9404094443e-02	3.3373725084e+01	1.7652268289e-03	5.1103763580e+00	1.8439123631e+00
6.0000000000e+00	4.5137931034e+02	1.3000000000e+01	0.0000000000e+00	1.0000000000e+00	4.5234683228e+02	9.6752193056e-01	5.4963179864e-03	3.2634692351e+01	5.4963179864e-02	1.0878230784e+00	5.7139312912e-01	4.4898916626e+02	2.8595890850e-02	3.3947778950e+01	1.9370450173e-03	5.1495332718e+00	1.8366243839e+00
6.0000000000e+00	4.5137931034e+02	1.4000000000e+01	0.0000000000e+00	1.0000000000e+00	4.5276657104e+02	1.3872607001e+00	2.4712556973e-02	2.3823098583e+01	2.4712556973e-01	7.9410328608e-01	5.2061442791e-01	4.4982858276e+02	9.1611109674e-02	2.5959878927e+01	2.3876293562e-03	4.2627325058e+00	1.8389759064e+00
6.0000000000e+00	4.5137931034e+02	1.5000000000e+01	0.0000000000e+00	0.0000000000e+00	4.5360598755e+02	2.2266772040e+00	3.7588450313e-01	1.3593443532e+01	inf	inf	inf	4.5234683228e+02	5.3868675232e-01	1.9925075087e+01	2.0765358582e-02	2.5732018948e+00	1.8432356119e+00
6.0000000000e+00	4.5137931034e+02	1.6000000000e+01	1.0000000000e+00	1.0000000000e+00	4.5234683228e+02	9.6752193056e-01	1.2151049450e-02	2.7047932999e+01	1.2151049450e-01	9.0159776663e-01	5.1155413056e-01	4.5108770752e+02	4.8446588218e-02	2.8451533923e+01	1.4491035836e-03	4.6669368744e+00	1.8466780186e+00
6.0000000000e+00	4.5137931034e+02	1.7000000000e+01	0.0000000000e+00	1.0000000000e+00	4.5234683228e+02	9.6752193056e-01	7.4405153282e-03	2.9434513564e+01	7.4405153282e-02	9.8115045215e-01	5.2777780271e-01	4.5066799927e+02	4.0125753731e-02	3.0638374250e+01	1.4140617568e-03	4.8743791580e+00	1.8487740755e+00
6.0000000000e+00	4.5137931034e+02	1.8000000000e+01	0.0000000000e+00	1.0000000000e+00	4.5234683228e+02	9.6752193056e-01	4.1778218001e-03	3.2167522695e+01	4.1778218001e-02	1.0722507565e+00	5.5701448726e-01	4.5066799927e+02	2.6825316250e-02	3.3539579135e+01	1.8222841900e-03	5.1244511604e+00	1.8455626965e+00
6.0000000000e+00	4.5137931034e+02	1.9000000000e+01	0.0000000000e+00	0.0000000000e+00	4.5360598755e+02	2.2266772040e+00	4.4691079855e-01	1.5716936054e+01	inf	inf	inf	4.5276657104e+02	5.7268190384e-01	1.7953289460e+01	2.1727342159e-02	2.5256354809e+00	1.8351074457e+00
7.0000000000e+00	4.5965517241e+02	0.0000000000e+00	0.0000000000e+00	1.0000000000e+00	4.5948190308e+02	1.7326933762e-01	5.0988066941e-02	2.1229108911e+01	5.0988066941e-01	7.0763696371e-01	6.0875881656e-01	4.5990161133e+02	9.5735229552e-02	2.1960987526e+01	3.9163995534e-03	3.9671761990e+00	1.9092375040e+00
7.0000000000e+00	4.5965517241e+02	1.0000000000e+00	0.0000000000e+00	1.0000000000e+00	4.5990161133e+02	2.4643891433e-01	1.1544770747e-01	1.7631986366e+01	1.1544770747e+00	5.8773287886e-01	8.7110497680e-01	4.5864248657e+02	2.1512220800e-01	2.0609368969e+01	7.8545939177e-03	3.5455620289e+00	1.9072201252e+00
7.0000000000e+00	4.5965517241e+02	2.0000000000e+00	0.0000000000e+00	1.0000000000e+00	4.5948190308e+02	1.7326933762e-01	3.4043511841e-03	3.8457449468e+01	3.4043511841e-02	1.2819149823e+00	6.5797924706e-01	4.5612423706e+02	5.8913297951e-02	4.1284359273e+01	4.2672012933e-03	5.4531927109e+00	1.8900291920e+00
7.0000000000e+00	4.5965517241e+02	3.0000000000e+00	0.0000000000e+00	1.0000000000e+00	4.5948190308e+02	1.7326933762e-01	5.3257625550e-03	3.4380967785e+01	5.3257625550e-02	1.1460322595e+00	5.9964494253e-01	4.5780307007e+02	3.2514262944e-02	3.5745244647e+01	2.5128123816e-03	5.2128171921e+00	1.8964118958e+00
7.0000000000e+00	4.5965517241e+02	4.0000000000e+00	0.0000000000e+00	1.0000000000e+00	4.6074102783e+02	1.0858554182e+00	2.1407485008e-01	1.7872681904e+01	2.1407485008e+00	5.9575606346e-01	1.3682522821e+00	4.5948190308e+02	2.7756306529e-01	1.9883629208e+01	1.1238184758e-02	3.2415647507e+00	1.8990558386e+00
7.0000000000e+00	4.5965517241e+02	5.0000000000e+00	1.0000000000e+00	1.0000000000e+00	4.5948190308e+02	1.7326933762e-01	2.2373108193e-02	2.4740041473e+01	2.2373108193e-01	8.2466804911e-01	5.2419956552e-01	4.5864248657e+02	5.4179668427e-02	2.5497667323e+01	2.0093694329e-03	4.3831472397e+00	1.9053070545e+00
7.0000000000e+00	4.5965517241e+02	6.0000000000e+00	0.0000000000e+00	1.0000000000e+00	4.5948190308e+02	1.7326933762e-01	9.0207310859e-04	4.9034594354e+01	9.0207310859e-03	1.6344864785e+00	8.2175360477e-01	4.5612423706e+02	9.0193329379e-03	4.7974969636e+01	1.2288636528e-02	6.1465444565e+00	1.8923709393e+00
7.0000000000e+00	4.5965517241e+02	7.0000000000e+00	0.0000000000e+00	1.0000000000e+00	4.5948190308e+02	1.7326933762e-01	1.7839629203e-02	2.6230093494e+01	1.7839629203e-01	8.7433644981e-01	5.2636637092e-01	4.5738336182e+02	2.1580605209e-01	3.7384694031e+01	1.6632670304e-03	4.5775671005e+00	1.8918497562e+00
7.0000000000e+00	4.5965517241e+02	8.0000000000e+00	0.0000000000e+00	1.0000000000e+00	4.5948190308e+02	1.7326933762e-01	4.0354933590e-03	3.6559596138e+01	4.0354933590e-02	1.2186532046e+00	6.2950406910e-01	4.5780307007e+02	2.2505009547e-02	3.7407282004e+01	3.3566509373e-03	5.3515338898e+00	1.8950114250e+00
7.0000000000e+00	4.5965517241e+02	9.0000000000e+00	0.0000000000e+00	1.0000000000e+00	4.5990161133e+02	2.4643891433e-01	1.4074918628e-01	1.7327337205e+01	1.4074918628e+00	5.7757790682e-01	9.9253488480e-01	4.6074102783e+02	2.0725660026e-01	1.9496790877e+01	8.9483233169e-03	3.4712543488e+00	1.9090862274e+00
7.0000000000e+00	4.5965517241e+02	1.0000000000e+01	0.0000000000e+00	1.0000000000e+00	4.5948190308e+02	1.7326933762e-01	9.8436083645e-03	2.9645956388e+01	9.8436083645e-02	9.8819854626e-01	5.4331731495e-01	4.5948190308e+02	4.4121079147e-02	3.1419017268e+01	1.4892691979e-03	4.8593139648e+00	1.9019138813e+00
7.0000000000e+00	4.5965517241e+02	1.1000000000e+01	0.0000000000e+00	1.0000000000e+00	4.5990161133e+02	2.4643891433e-01	1.4867725968e-01	1.7509792915e+01	1.4867725968e+00	5.8365976382e-01	1.0352161803e+00	4.5990161133e+02	2.3835535347e-01	2.0804648435e+01	9.1341398656e-03	3.4747834206e+00	1.9120072126e+00
7.0000000000e+00	4.5965517241e+02	1.2000000000e+01	0.0000000000e+00	1.0000000000e+00	4.5948190308e+02	1.7326933762e-01	7.2447853163e-03	3.1935688115e+01	7.2447853163e-02	1.0645229372e+00	5.6848539516e-01	4.5864248657e+02	5.5362969637e-02	3.4861927230e+01	1.8025439931e-03	5.0502099991e+00	1.8993327618e+00
7.0000000000e+00	4.5965517241e+02	1.3000000000e+01	0.0000000000e+00	1.0000000000e+00	4.5948190308e+02	1.7326933762e-01	5.5933003314e-03	3.4032028475e+01	5.5933003314e-02	1.1344009492e+00	5.9516697624e-01	4.5864248657e+02	3.9443634450e-02	3.5945756586e+01	2.3972638883e-03	5.1889820099e+00	1.8974590302e+00
7.0000000000e+00	4.5965517241e+02	1.4000000000e+01	0.0000000000e+00	1.0000000000e+00	4.5948190308e+02	1.7326933762e-01	1.0524825193e-02	2.9251718106e+01	1.0524825193e-01	9.7505727019e-01	5.4015276106e-01	4.5780307007e+02	5.5498365313e-02	3.1451824717e+01	1.4690845273e-03	4.8257384300e+00	1.9064505100e+00
7.0000000000e+00	4.5965517241e+02	1.5000000000e+01	0.0000000000e+00	1.0000000000e+00	4.6158044434e+02	1.9252719221e+00	3.9537638426e-01	1.4768597256e+01	3.9537638426e+00	4.9228657521e-01	2.2230252089e+00	4.6032131958e+02	4.3210473657e-01	1.6197912573e+01	2.0587595180e-02	2.6507124901e+00	1.9128568172e+00
7.0000000000e+00	4.5965517241e+02	1.6000000000e+01	0.0000000000e+00	1.0000000000e+00	4.5948190308e+02	1.7326933762e-01	1.1480701156e-02	2.8663143792e+01	1.1480701156e-01	9.5543812640e-01	5.3512256898e-01	4.5864248657e+02	3.2700587064e-02	2.9301469532e+01	1.4290834079e-03	4.7785315514e+00	1.8992693424e+00
7.0000000000e+00	4.5965517241e+02	1.7000000000e+01	0.0000000000e+00	1.0000000000e+00	4.5948190308e+02	1.7326933762e-01	9.6676321700e-03	2.9794596225e+01	9.6676321700e-02	9.9315320750e-01	5.4491476460e-01	4.5948190308e+02	5.0947885960e-02	3.1856201940e+01	1.5035584802e-03	4.8745641708e+00	1.9032183886e+00
7.0000000000e+00	4.5965517241e+02	1.8000000000e+01	0.0000000000e+00	1.0000000000e+00	4.5948190308e+02	1.7326933762e-01	5.9506064281e-03	3.3701476955e+01	5.9506064281e-02	1.1233825652e+00	5.9144431472e-01	4.5864248657e+02	3.3625651151e-02	3.5151622618e+01	2.2844034247e-03	5.1670951843e+00	1.9009211063e+00
7.0000000000e+00	4.5965517241e+02	1.9000000000e+01	0.0000000000e+00	1.0000000000e+00	4.6158044434e+02	1.9252719221e+00	4.4336050749e-01	1.4243745765e+01	4.4336050749e+00	4.7479152550e-01	2.4541983002e+00	4.6032131958e+02	5.1682162285e-01	1.5321955100e+01	2.2426145151e-02	2.5474328995e+00	1.8979244232e+00
8.0000000000e+00	4.6793103448e+02	0.0000000000e+00	0.0000000000e+00	1.0000000000e+00	4.6871551514e+02	7.8448065396e-01	3.1670478638e-03	3.9061236599e+01	3.1670478638e-02	1.3020412200e+00	6.6685584930e-01	4.6619726562e+02	1.1334639043e-02	4.0410151572e+01	4.9185254611e-03	5.5039834976e+00	1.9617156982e+00
8.0000000000e+00	4.6793103448e+02	1.0000000000e+00	0.0000000000e+00	1.0000000000e+00	4.6619726562e+02	1.7337688578e+00	2.6636738330e-02	2.6385877142e+01	2.6636738330e-01	8.7952923805e-01	5.7294831068e-01	4.6619726562e+02	8.6629107594e-02	2.8490367874e+01	1.7320011975e-03	4.4333171844e+00	1.9616719484e+00
8.0000000000e+00	4.6793103448e+02	2.0000000000e+00	0.0000000000e+00	1.0000000000e+00	4.6703668213e+02	8.9435235385e-01	1.2600277364e-01	1.8583023868e+01	1.2600277364e+00	6.1943412892e-01	9.3973093267e-01	4.6871551514e+02	2.5320899487e-01	2.0855274076e+01	7.6031968929e-03	3.5169696808e+00	1.9559459686e+00
8.0000000000e+00	4.6793103448e+02	3.0000000000e+00	0.0000000000e+00	1.0000000000e+00	4.6619726562e+02	1.7337688578e+00	3.9397403598e-03	3.7175565092e+01	3.9397403598e-02	1.2391855031e+00	6.3929145334e-01	4.6619726562e+02	2.2584568709e-02	3.8267755699e+01	3.8692753296e-03	5.3491668701e+00	1.9515457153e+00
8.0000000000e+00	4.6793103448e+02	4.0000000000e+00	0.0000000000e+00	1.0000000000e+00	4.6871551514e+02	7.8448065396e-01	3.5844182968e-01	1.6384391096e+01	3.5844182968e+00	5.4614636988e-01	2.0652823333e+00	4.6745639038e+02	3.5921019316e-01	1.6606623629e+01	1.7547892407e-02	2.7621643543e+00	1.9636650085e+00
8.0000000000e+00	4.6793103448e+02	5.0000000000e+00	0.0000000000e+00	1.0000000000e+00	4.6619726562e+02	1.7337688578e+00	5.4680216126e-03	3.4540227987e+01	5.4680216126e-02	1.1513409329e+00	6.0301057452e-01	4.6619726562e+02	1.7149697989e-02	3.5332661485e+01	2.7573339175e-03	5.1841697693e+00	1.9537839890e+00
8.0000000000e+00	4.6793103448e+02	6.0000000000e+00	0.0000000000e+00	1.0000000000e+00	4.6619726562e+02	1.7337688578e+00	1.2043872848e-03	4.9492986955e+01	1.2043872848e-02	1.6497662318e+00	8.3090505234e-01	4.6619726562e+02	9.8458714783e-03	5.0421398380e+01	1.2883460149e-02	6.0663766861e+00	1.9416034222e+00
8.0000000000e+00	4.6793103448e+02	7.0000000000e+00	0.0000000000e+00	1.0000000000e+00	4.6871551514e+02	7.8448065396e-01	3.1930482388e-01	1.7438398703e+01	3.1930482388e+00	5.8127995676e-01	1.8871640978e+00	4.7039434814e+02	4.0979674459e-01	1.9538280380e+01	1.5095453709e-02	2.8961946964e+00	1.9623655081e+00
8.0000000000e+00	4.6793103448e+02	8.0000000000e+00	1.0000000000e+00	1.0000000000e+00	4.6619726562e+02	1.7337688578e+00	1.1983434670e-02	2.8942778773e+01	1.1983434670e-01	9.6475929242e-01	5.4229681956e-01	4.6619726562e+02	3.8234729320e-02	2.9448528824e+01	1.5617000172e-03	4.7233872414e+00	1.9511798620e+00
8.0000000000e+00	4.6793103448e+02	9.0000000000e+00	0.0000000000e+00	1.0000000000e+00	4.6871551514e+02	7.8448065396e-01	2.2994780540e-01	1.9897760556e+01	2.2994780540e+00	6.6325868518e-01	1.4813683696e+00	4.6787609863e+02	2.3990553617e-01	1.8966208042e+01	9.6776792780e-03	3.2990248203e+00	1.9568204880e+00
8.0000000000e+00	4.6793103448e+02	1.0000000000e+01	0.0000000000e+00	1.0000000000e+00	4.6745639038e+02	4.7464410190e-01	8.3394654095e-02	2.2798930361e+01	8.3394654095e-01	7.5996434536e-01	7.9695544316e-01	4.6787609863e+02	9.8717510700e-02	2.3255403368e+01	3.6917859688e-03	3.9905161858e+00	1.9652670622e+00
8.0000000000e+00	4.6793103448e+02	1.1000000000e+01	0.0000000000e+00	1.0000000000e+00	4.6745639038e+02	4.7464410190e-01	7.5134247541e-02	2.3228844520e+01	7.5134247541e-01	7.7429481734e-01	7.6281864638e-01	4.6619726562e+02	1.2625735998e-01	2.5902878361e+01	3.3025499433e-03	4.0593643188e+00	1.9660751820e+00
8.0000000000e+00	4.6793103448e+02	1.2000000000e+01	0.0000000000e+00	1.0000000000e+00	4.6745639038e+02	4.7464410190e-01	8.4795631468e-02	2.2359756681e+01	8.4795631468e-01	7.4532522270e-01	7.9664076869e-01	4.6829580688e+02	1.3081520796e-01	2.3594039456e+01	3.9724437520e-03	3.9416084290e+00	1.9633836746e+00
8.0000000000e+00	4.6793103448e+02	1.3000000000e+01	0.0000000000e+00	1.0000000000e+00	4.6619726562e+02	1.7337688578e+00	1.8120966852e-02	2.7322795641e+01	1.8120966852e-01	9.1075985468e-01	5.4598476160e-01	4.6745639038e+02	6.6047452390e-02	2.8908617743e+01	1.5870947391e-03	4.5617895126e+00	1.9553549290e+00
8.0000000000e+00	4.6793103448e+02	1.4000000000e+01	0.0000000000e+00	1.0000000000e+00	4.6871551514e+02	7.8448065396e-01	1.3441976625e-03	4.6625228068e+01	1.3441976625e-02	1.5541742689e+00	7.8380812278e-01	4.6619726562e+02	1.6456339508e-02	4.8484277758e+01	1.0222854093e-02	5.8980569839e+00	1.9581973553e+00
8.0000000000e+00	4.6793103448e+02	1.5000000000e+01	0.0000000000e+00	1.0000000000e+00	4.6871551514e+02	7.8448065396e-01	3.1956094503e-01	1.7033274939e+01	3.1956094503e+00	5.6777583130e-01	1.8816926408e+00	4.6619726562e+02	3.5899031162e-01	1.8409664035e+01	1.5370038338e-02	2.8824870586e+00	1.9513534307e+00
8.0000000000e+00	4.6793103448e+02	1.6000000000e+01	0.0000000000e+00	1.0000000000e+00	4.6619726562e+02	1.7337688578e+00	5.1574353129e-03	3.6114904590e+01	5.1574353129e-02	1.2038301530e+00	6.2770225306e-01	4.6619726562e+02	1.1111151427e-02	3.6578970308e+01	3.4059830941e-03	5.2856841087e+00	1.9550160170e+00
8.0000000000e+00	4.6793103448e+02	1.7000000000e+01	0.0000000000e+00	1.0000000000e+00	4.6619726562e+02	1.7337688578e+00	5.3748596460e-02	2.3653121001e+01	5.3748596460e-01	7.8843736670e-01	6.6296166565e-01	4.6787609863e+02	9.0859681368e-02	2.4690172328e+01	2.7785853017e-03	4.1486020088e+00	1.9636330605e+00
8.0000000000e+00	4.6793103448e+02	1.8000000000e+01	0.0000000000e+00	1.0000000000e+00	4.6619726562e+02	1.7337688578e+00	2.4229295552e-02	2.6557587139e+01	2.4229295552e-01	8.8525290464e-01	5.6377293008e-01	4.6703668213e+02	6.0605149716e-02	2.6944755069e+01	1.6930119600e-03	4.4576234818e+00	1.9590407610e+00
8.0000000000e+00	4.6793103448e+02	1.9000000000e+01	0.0000000000e+00	0.0000000000e+00	4.6997463989e+02	2.0436054098e+00	1.6161774099e-01	2.2921408430e+01	inf	inf	inf	4.6619726562e+02	2.4833972752e-01	2.5930879740e+01	6.2630013563e-03	3.7645807266e+00	1.9739797115e+00
9.0000000000e+00	4.7620689655e+02	0.0000000000e+00	0.0000000000e+00	1.0000000000e+00	4.7627029419e+02	6.3397637729e-02	1.6100698849e-03	4.9720574209e+01	1.6100698849e-02	1.6573524736e+00	8.3672658624e-01	4.7585058594e+02	3.0728154816e-03	4.9179824071e+01	1.3715613633e-02	5.9677648544e+00	2.0050213337e+00
9.0000000000e+00	4.7620689655e+02	1.0000000000e+00	0.0000000000e+00	1.0000000000e+00	4.7627029419e+02	6.3397637729e-02	1.2450573966e-02	3.3455049675e+01	1.2450573966e-01	1.1151683225e+00	6.1983703108e-01	4.7585058594e+02	4.7306541353e-02	3.5271105638e+01	2.1728212014e-03	4.8346614838e+00	2.0035197735e+00
9.0000000000e+00	4.7620689655e+02	2.0000000000e+00	0.0000000000e+00	1.0000000000e+00	4.7669000244e+02	4.8310588968e-01	3.0174008012e-01	1.7373928398e+01	3.0174008012e+00	5.7913094661e-01	1.7982658739e+00	4.7669000244e+02	3.1307640672e-01	1.9027769104e+01	1.4229093678e-02	2.9140434265e+00	2.0073928833e+00
9.0000000000e+00	4.7620689655e+02	3.0000000000e+00	0.0000000000e+00	1.0000000000e+00	4.7627029419e+02	6.3397637729e-02	5.2012912929e-03	3.9597442937e+01	5.2012912929e-02	1.3199147646e+00	6.8596383875e-01	4.7501116943e+02	2.7611540630e-02	4.0528384910e+01	4.9869669601e-03	5.2951974869e+00	1.9981987476e+00
9.0000000000e+00	4.7620689655e+02	4.0000000000e+00	0.0000000000e+00	0.0000000000e+00	4.7878854370e+02	2.5816471494e+00	4.2046457529e-01	1.6942061981e+01	inf	inf	inf	4.7669000244e+02	4.4543299079e-01	1.7678656490e+01	1.9934693351e-02	2.5951259136e+00	2.0044775009e+00
9.0000000000e+00	4.7620689655e+02	5.0000000000e+00	0.0000000000e+00	1.0000000000e+00	4.7627029419e+02	6.3397637729e-02	5.0684241578e-03	3.9880575692e+01	5.0684241578e-02	1.3293525231e+00	6.9001838232e-01	4.7585058594e+02	1.6129609197e-02	4.0651234383e+01	5.2231159061e-03	5.3207378387e+00	2.0033442974e+00
9.0000000000e+00	4.7620689655e+02	6.0000000000e+00	0.0000000000e+00	1.0000000000e+00	4.7627029419e+02	6.3397637729e-02	1.9801238086e-03	4.7324754177e+01	1.9801238086e-02	1.5774918059e+00	7.9864652199e-01	4.7375201416e+02	1.5520674177e-02	4.8158959666e+01	1.1413448490e-02	5.8097343445e+00	1.9994659424e+00
9.0000000000e+00	4.7620689655e+02	7.0000000000e+00	0.0000000000e+00	0.0000000000e+00	4.7920825195e+02	3.0013554014e+00	4.1609191895e-01	1.7001162467e+01	inf	inf	inf	4.7710971069e+02	4.4977977872e-01	1.8092100695e+01	1.9711257890e-02	2.6127247810e+00	2.0066399574e+00
9.0000000000e+00	4.7620689655e+02	8.0000000000e+00	1.0000000000e+00	1.0000000000e+00	4.7627029419e+02	6.3397637729e-02	2.8219757602e-02	2.8705256013e+01	2.8219757602e-01	9.5684186710e-01	6.1951972156e-01	4.7585058594e+02	5.4084740579e-02	2.9459993401e+01	1.7700776225e-03	4.4189929962e+00	2.0070772171e+00
9.0000000000e+00	4.7620689655e+02	9.0000000000e+00	0.0000000000e+00	1.0000000000e+00	4.7585058594e+02	3.5631061422e-01	2.6839628816e-01	1.7570180355e+01	2.6839628816e+00	5.8567267850e-01	1.6348177800e+00	4.7669000244e+02	2.9089838266e-01	1.9595864341e+01	1.2890917249e-02	3.0099163055e+00	2.0035161972e+00
9.0000000000e+00	4.7620689655e+02	1.0000000000e+01	0.0000000000e+00	1.0000000000e+00	4.7585058594e+02	3.5631061422e-01	8.2379728556e-02	2.3615060223e+01	8.2379728556e-01	7.8716867409e-01	8.0548297982e-01	4.7752941895e+02	1.0344532132e-01	2.4186760995e+01	3.5799359903e-03	3.8417487144e+00	2.0092289448e+00
9.0000000000e+00	4.7620689655e+02	1.1000000000e+01	0.0000000000e+00	1.0000000000e+00	4.7627029419e+02	6.3397637729e-02	3.1092930585e-02	2.8496743115e+01	3.1092930585e-01	9.4989143717e-01	6.3041037151e-01	4.7878854370e+02	1.1902417988e-01	3.3483369198e+01	1.8170198891e-03	4.4044532776e+00	2.0111887455e+00
9.0000000000e+00	4.7620689655e+02	1.2000000000e+01	0.0000000000e+00	1.0000000000e+00	4.7585058594e+02	3.5631061422e-01	1.2787736952e-01	2.1626042561e+01	1.2787736952e+00	7.2086808537e-01	9.9982089030e-01	4.7710971069e+02	1.5404950082e-01	2.2849680306e+01	5.6082308292e-03	3.6306662560e+00	2.0099225044e+00
9.0000000000e+00	4.7620689655e+02	1.3000000000e+01	0.0000000000e+00	1.0000000000e+00	4.7627029419e+02	6.3397637729e-02	3.8796380162e-02	2.7246451718e+01	3.8796380162e-01	9.0821505726e-01	6.4808942944e-01	4.7585058594e+02	7.7898256481e-02	2.7836047816e+01	1.9549012650e-03	4.2026419640e+00	2.0076863766e+00
9.0000000000e+00	4.7620689655e+02	1.4000000000e+01	0.0000000000e+00	1.0000000000e+00	4.7627029419e+02	6.3397637729e-02	1.4314027503e-03	5.4324389261e+01	1.4314027503e-02	1.8108129754e+00	9.1256350144e-01	4.7417175293e+02	1.0563100688e-02	5.4882197770e+01	1.8400365487e-02	6.2609405518e+00	1.9983032942e+00
9.0000000000e+00	4.7620689655e+02	1.5000000000e+01	0.0000000000e+00	1.0000000000e+00	4.7710971069e+02	9.0281414164e-01	2.2402617335e-01	1.8746041773e+01	2.2402617335e+00	6.2486805910e-01	1.4325648963e+00	4.7585058594e+02	2.7555152774e-01	2.0403086050e+01	1.0459424928e-02	3.1328086853e+00	2.0001966953e+00
9.0000000000e+00	4.7620689655e+02	1.6000000000e+01	0.0000000000e+00	1.0000000000e+00	4.7627029419e+02	6.3397637729e-02	4.2052338831e-03	4.1201938539e+01	4.2052338831e-02	1.3733979513e+00	7.0772514507e-01	4.7585058594e+02	1.0131626390e-02	4.2056839829e+01	6.2952521257e-03	5.4221591949e+00	2.0088133812e+00
9.0000000000e+00	4.7620689655e+02	1.7000000000e+01	0.0000000000e+00	1.0000000000e+00	4.7585058594e+02	3.5631061422e-01	6.9265842438e-02	2.4803515939e+01	6.9265842438e-01	8.2678386462e-01	7.5972114450e-01	4.7710971069e+02	9.5392316580e-02	2.5549428187e+01	2.9336169828e-03	3.9487257004e+00	2.0103116035e+00
9.0000000000e+00	4.7620689655e+02	1.8000000000e+01	0.0000000000e+00	1.0000000000e+00	4.7627029419e+02	6.3397637729e-02	3.9011336863e-02	2.7309911670e+01	3.9011336863e-01	9.1033038900e-01	6.5022187882e-01	4.7669000244e+02	6.9008298218e-02	2.7622512071e+01	1.9531720318e-03	4.2232298851e+00	2.0091190338e+00
9.0000000000e+00	4.7620689655e+02	1.9000000000e+01	0.0000000000e+00	1.0000000000e+00	4.7627029419e+02	6.3397637729e-02	5.5782613344e-03	3.9340532074e+01	5.5782613344e-02	1.3113510691e+00	6.8356684125e-01	4.7585058594e+02	1.7747892067e-02	4.0259418682e+01	4.8541910946e-03	5.2877225876e+00	2.0065655708e+00
1.0000000000e+01	4.8448275862e+02	0.0000000000e+00	0.0000000000e+00	1.0000000000e+00	4.8424475098e+02	2.3800764413e-01	1.0761386948e-03	5.1903117853e+01	1.0761386948e-02	1.7301039284e+00	8.7043265769e-01	4.8130679321e+02	1.9806600176e-03	5.1786469907e+01	1.5625752509e-02	5.9397244453e+00	2.0548534393e+00
1.0000000000e+01	4.8448275862e+02	1.0000000000e+00	0.0000000000e+00	1.0000000000e+00	4.8424475098e+02	2.3800764413e-01	5.7874061167e-03	3.6802676598e+01	5.7874061167e-02	1.2267558866e+00	6.4231497388e-01	4.8718273926e+02	4.5987144113e-02	4.0086485060e+01	3.4374110401e-03	4.9545340538e+00	2.0598621368e+00
1.0000000000e+01	4.8448275862e+02	2.0000000000e+00	0.0000000000e+00	1.0000000000e+00	4.8424475098e+02	2.3800764413e-01	3.0037245154e-01	1.8566769819e+01	3.0037245154e+00	6.1889232730e-01	1.8113084214e+00	4.8508419800e+02	3.4354811907e-01	1.9779890694e+01	1.3449553400e-02	2.8231847286e+00	2.0571374893e+00
1.0000000000e+01	4.8448275862e+02	3.0000000000e+00	0.0000000000e+00	1.0000000000e+00	4.8424475098e+02	2.3800764413e-01	5.2098594606e-03	4.0752076588e+01	5.2098594606e-02	1.3584025529e+00	7.0525057377e-01	4.8508419800e+02	2.6220275089e-02	4.1699233266e+01	5.5111930706e-03	5.1946659088e+00	2.0520401001e+00
1.0000000000e+01	4.8448275862e+02	4.0000000000e+00	0.0000000000e+00	1.0000000000e+00	4.8634332275e+02	1.8605641332e+00	3.9970359206e-01	1.8085113358e+01	3.9970359206e+00	6.0283711195e-01	2.2999365163e+00	4.8424475098e+02	4.6270027757e-01	1.8248425959e+01	1.7945967615e-02	2.5644047260e+00	2.0516245365e+00
1.0000000000e+01	4.8448275862e+02	5.0000000000e+00	0.0000000000e+00	1.0000000000e+00	4.8424475098e+02	2.3800764413e-01	4.0541803464e-03	4.1431997686e+01	4.0541803464e-02	1.3810665895e+00	7.1080419649e-01	4.8340533447e+02	1.3723951764e-02	4.1895769675e+01	6.1293067411e-03	5.2595424652e+00	2.0532894135e+00
1.0000000000e+01	4.8448275862e+02	6.0000000000e+00	0.0000000000e+00	1.0000000000e+00	4.8424475098e+02	2.3800764413e-01	2.1093143150e-03	4.7689685468e+01	2.1093143150e-02	1.5896561823e+00	8.0537466272e-01	4.8256591797e+02	1.2342620641e-02	4.8487883658e+01	1.1397461407e-02	5.6527814865e+00	2.0503990650e+00
1.0000000000e+01	4.8448275862e+02	7.0000000000e+00	0.0000000000e+00	1.0000000000e+00	4.8634332275e+02	1.8605641332e+00	3.9621984959e-01	1.7936181687e+01	3.9621984959e+00	5.9787272289e-01	2.2800356094e+00	4.8550390625e+02	4.6362113953e-01	1.8733195857e+01	1.8298352137e-02	2.5713682175e+00	2.0606112480e+00
1.0000000000e+01	4.8448275862e+02	8.0000000000e+00	0.0000000000e+00	1.0000000000e+00	4.8424475098e+02	2.3800764413e-01	2.0552936941e-02	3.0509096648e+01	2.0552936941e-01	1.0169698883e+00	6.1124962884e-01	4.8508419800e+02	4.7561705112e-02	3.1736262360e+01	1.5838936670e-03	4.4117875099e+00	2.0569868088e+00
1.0000000000e+01	4.8448275862e+02	9.0000000000e+00	0.0000000000e+00	1.0000000000e+00	4.8424475098e+02	2.3800764413e-01	2.7113878727e-01	1.9076760162e+01	2.7113878727e+00	6.3589200541e-01	1.6736399391e+00	4.8508419800e+02	3.1983646750e-01	2.0537114563e+01	1.1887020431e-02	2.9304790497e+00	2.0578479767e+00
1.0000000000e+01	4.8448275862e+02	1.0000000000e+01	0.0000000000e+00	1.0000000000e+00	4.8424475098e+02	2.3800764413e-01	7.1926221251e-02	2.5075853493e+01	7.1926221251e-01	8.3586178309e-01	7.7756199780e-01	4.8508419800e+02	1.0225488245e-01	2.5955362533e+01	2.7907483745e-03	3.8317112923e+00	2.0624959469e+00
1.0000000000e+01	4.8448275862e+02	1.1000000000e+01	1.0000000000e+00	1.0000000000e+00	4.8424475098e+02	2.3800764413e-01	1.6176950186e-02	3.1304493357e+01	1.6176950186e-01	1.0434831119e+00	6.0262630688e-01	4.9054040527e+02	8.8675104082e-02	3.6854708741e+01	1.9157858333e-03	4.4929237366e+00	2.0633614063e+00
1.0000000000e+01	4.8448275862e+02	1.2000000000e+01	0.0000000000e+00	1.0000000000e+00	4.8382504272e+02	6.5771589608e-01	1.1707630008e-01	2.2310071743e+01	1.1707630008e+00	7.4366905809e-01	9.5721602947e-01	4.8508419800e+02	1.5999014676e-01	2.3537506640e+01	5.0160912797e-03	3.5295982361e+00	2.0586807728e+00
1.0000000000e+01	4.8448275862e+02	1.3000000000e+01	0.0000000000e+00	1.0000000000e+00	4.8424475098e+02	2.3800764413e-01	3.7200741470e-02	2.7993757169e+01	3.7200741470e-01	9.3312523896e-01	6.5256632683e-01	4.8508419800e+02	7.0057936013e-02	2.9373095198e+01	1.6485967208e-03	4.1459064484e+00	2.0578756332e+00
1.0000000000e+01	4.8448275862e+02	1.4000000000e+01	0.0000000000e+00	1.0000000000e+00	4.8424475098e+02	2.3800764413e-01	7.6602812624e-04	5.7635460222e+01	7.6602812624e-03	1.9211820074e+00	9.6442114432e-01	4.8172650146e+02	7.9851383343e-03	5.7375285293e+01	2.2792231292e-02	6.2958407402e+00	2.0444071293e+00
1.0000000000e+01	4.8448275862e+02	1.5000000000e+01	0.0000000000e+00	1.0000000000e+00	4.8382504272e+02	6.5771589608e-01	2.2156099975e-01	2.0032082597e+01	2.2156099975e+00	6.6773608655e-01	1.4416730420e+00	4.8508419800e+02	2.9246219993e-01	2.1510563455e+01	9.4425566494e-03	3.0883922577e+00	2.0548090935e+00
1.0000000000e+01	4.8448275862e+02	1.6000000000e+01	0.0000000000e+00	1.0000000000e+00	4.8424475098e+02	2.3800764413e-01	2.7537734713e-03	4.3052269408e+01	2.7537734713e-02	1.4350756469e+00	7.3130669083e-01	4.8340533447e+02	8.2274908200e-03	4.3088519423e+01	7.4591641314e-03	5.3833389282e+00	2.0556006432e+00
1.0000000000e+01	4.8448275862e+02	1.7000000000e+01	0.0000000000e+00	1.0000000000e+00	4.8424475098e+02	2.3800764413e-01	6.3425898552e-02	2.5620413012e+01	6.3425898552e-01	8.5401376705e-01	7.4413637629e-01	4.8508419800e+02	9.4596661627e-02	2.6792271609e+01	2.4631884880e-03	3.9050726891e+00	2.0605626106e+00
1.0000000000e+01	4.8448275862e+02	1.8000000000e+01	0.0000000000e+00	1.0000000000e+00	4.8424475098e+02	2.3800764413e-01	3.3047564328e-02	2.8493654886e+01	3.3047564328e-01	9.4978849619e-01	6.4013206974e-01	4.8508419800e+02	6.2950521708e-02	2.9818384041e+01	1.5917937271e-03	4.2117004395e+00	2.0570197105e+00
1.0000000000e+01	4.8448275862e+02	1.9000000000e+01	0.0000000000e+00	1.0000000000e+00	4.8424475098e+02	2.3800764413e-01	2.2842437029e-03	4.5155470137e+01	2.2842437029e-02	1.5051823379e+00	7.6401238746e-01	4.8340533447e+02	8.8961934671e-03	4.5381515325e+01	9.1015612707e-03	5.5024294853e+00	2.0539133549e+00
1.1000000000e+01	4.9275862069e+02	0.0000000000e+00	0.0000000000e+00	1.0000000000e+00	4.9221923828e+02	5.3938240841e-01	1.9058735343e-03	5.7350136195e+01	1.9058735343e-02	1.9116712065e+00	9.6536497092e-01	4.8844186401e+02	1.6562403180e-03	5.6646853772e+01	2.1182870492e-02	6.0699439049e+00	2.0950067043e+00
1.1000000000e+01	4.9275862069e+02	1.0000000000e+00	0.0000000000e+00	1.0000000000e+00	4.9221923828e+02	5.3938240841e-01	6.5731173381e-03	4.0295053261e+01	6.5731173381e-02	1.3431684420e+00	7.0444980771e-01	4.9767547607e+02	3.7187132984e-02	4.0785045890e+01	5.1853382029e-03	5.0586242676e+00	2.1098425388e+00
1.1000000000e+01	4.9275862069e+02	2.0000000000e+00	0.0000000000e+00	1.0000000000e+00	4.9347836304e+02	7.1974234745e-01	3.0902424455e-01	2.0006355291e+01	3.0902424455e+00	6.6687850969e-01	1.8785604776e+00	4.9305865479e+02	3.1402200460e-01	2.0033108374e+01	1.2325856835e-02	2.8782470226e+00	2.1088564396e+00
1.1000000000e+01	4.9275862069e+02	3.0000000000e+00	0.0000000000e+00	1.0000000000e+00	4.9221923828e+02	5.3938240841e-01	5.3472970612e-03	4.5433439116e+01	5.3472970612e-02	1.5144479705e+00	7.8396047057e-01	4.9263894653e+02	2.7411364019e-02	4.4725606242e+01	8.8644884527e-03	5.3462629318e+00	2.0938451290e+00
1.1000000000e+01	4.9275862069e+02	4.0000000000e+00	0.0000000000e+00	1.0000000000e+00	4.9389807129e+02	1.1394505994e+00	3.8961726427e-01	1.7780241758e+01	3.8961726427e+00	5.9267472528e-01	2.2444236840e+00	4.9179953003e+02	4.4364470243e-01	1.8935218739e+01	1.7350843176e-02	2.5880422592e+00	2.0969367027e+00
1.1000000000e+01	4.9275862069e+02	5.0000000000e+00	0.0000000000e+00	1.0000000000e+00	4.9221923828e+02	5.3938240841e-01	4.8442003317e-03	4.5252959930e+01	4.8442003317e-02	1.5084319977e+00	7.7843700049e-01	4.9054040527e+02	1.4141154476e-02	4.5537642263e+01	8.6914580315e-03	5.3460302353e+00	2.0992672443e+00
1.1000000000e+01	4.9275862069e+02	6.0000000000e+00	0.0000000000e+00	1.0000000000e+00	4.9221923828e+02	5.3938240841e-01	3.2546918374e-03	5.3243207517e+01	3.2546918374e-02	1.7747735839e+00	9.0366025113e-01	4.9054040527e+02	9.7368033603e-03	5.3106526596e+01	1.6480892897e-02	5.8194217682e+00	2.0896868706e+00
1.1000000000e+01	4.9275862069e+02	7.0000000000e+00	0.0000000000e+00	1.0000000000e+00	4.9389807129e+02	1.1394505994e+00	3.8093465567e-01	1.7670650434e+01	3.8093465567e+00	5.8902168113e-01	2.1991841189e+00	4.9473748779e+02	4.1583567858e-01	1.8534949344e+01	1.7094811425e-02	2.6005554199e+00	2.1033220291e+00
1.1000000000e+01	4.9275862069e+02	8.0000000000e+00	1.0000000000e+00	1.0000000000e+00	4.9221923828e+02	5.3938240841e-01	1.8944693729e-02	3.1594515427e+01	1.8944693729e-01	1.0531505142e+00	6.2129872577e-01	4.9179953003e+02	4.1608802974e-02	3.2434988007e+01	1.7559881089e-03	4.4676561356e+00	2.0977473259e+00
1.1000000000e+01	4.9275862069e+02	9.0000000000e+00	0.0000000000e+00	1.0000000000e+00	4.9179953003e+02	9.5909066036e-01	2.5537174940e-01	2.0830512376e+01	2.5537174940e+00	6.9435041255e-01	1.6240339533e+00	4.9305865479e+02	2.8774467111e-01	2.0957660532e+01	9.3508847058e-03	3.0108752251e+00	2.1065967083e+00
1.1000000000e+01	4.9275862069e+02	1.0000000000e+01	0.0000000000e+00	1.0000000000e+00	4.9179953003e+02	9.5909066036e-01	6.2818884850e-02	2.5466689037e+01	6.2818884850e-01	8.4888963457e-01	7.3853924153e-01	4.9179953003e+02	9.1974757612e-02	2.5950203564e+01	2.4221576750e-03	3.8615114689e+00	2.1064081192e+00
1.1000000000e+01	4.9275862069e+02	1.1000000000e+01	0.0000000000e+00	1.0000000000e+00	4.9347836304e+02	7.1974234745e-01	1.0060628876e-02	3.4304308477e+01	1.0060628876e-01	1.1434769492e+00	6.2204161900e-01	5.0103314209e+02	4.8239111900e-02	3.5366497021e+01	2.7021900751e-03	4.6987466812e+00	2.1179673672e+00
1.1000000000e+01	4.9275862069e+02	1.2000000000e+01	0.0000000000e+00	1.0000000000e+00	4.9263894653e+02	1.1967415645e-01	9.8807252944e-02	2.3613627870e+01	9.8807252944e-01	7.8712092899e-01	8.8759672921e-01	4.9305865479e+02	1.4523549378e-01	2.4673797341e+01	3.7806909531e-03	3.6227648258e+00	2.1051070690e+00
1.1000000000e+01	4.9275862069e+02	1.3000000000e+01	0.0000000000e+00	1.0000000000e+00	4.9221923828e+02	5.3938240841e-01	2.9630530626e-02	2.9353226543e+01	2.9630530626e-01	9.7844088476e-01	6.3737309551e-01	4.9263894653e+02	6.2189105898e-02	2.9921015979e+01	1.5640457859e-03	4.2477822304e+00	2.1030671597e+00
1.1000000000e+01	4.9275862069e+02	1.4000000000e+01	0.0000000000e+00	1.0000000000e+00	4.9221923828e+02	5.3938240841e-01	1.2353938073e-03	6.1290120839e+01	1.2353938073e-02	2.0430040280e+00	1.0276789830e+00	4.8802215576e+02	7.2880666703e-03	6.1425073362e+01	2.6679128408e-02	6.3200759888e+00	2.0935099125e+00
1.1000000000e+01	4.9275862069e+02	1.5000000000e+01	0.0000000000e+00	1.0000000000e+00	4.9347836304e+02	7.1974234745e-01	1.6415545344e-01	2.1674256336e+01	1.6415545344e+00	7.2247521119e-01	1.1820148728e+00	4.9305865479e+02	2.2813120484e-01	2.2955428137e+01	6.3530784100e-03	3.3132207394e+00	2.1042418480e+00
1.1000000000e+01	4.9275862069e+02	1.6000000000e+01	0.0000000000e+00	1.0000000000e+00	4.9221923828e+02	5.3938240841e-01	4.4015482999e-03	4.6911047784e+01	4.4015482999e-02	1.5637015928e+00	8.0385853789e-01	4.9054040527e+02	6.9345319644e-03	4.6659730108e+01	1.0039522313e-02	5.4270429611e+00	2.0985236168e+00
1.1000000000e+01	4.9275862069e+02	1.7000000000e+01	0.0000000000e+00	1.0000000000e+00	4.9221923828e+02	5.3938240841e-01	5.1796518266e-02	2.6387632038e+01	5.1796518266e-01	8.7958773460e-01	6.9877645863e-01	4.9305865479e+02	8.9461088181e-02	2.7545131801e+01	2.0316406153e-03	3.9585351944e+00	2.1060283184e+00
1.1000000000e+01	4.9275862069e+02	1.8000000000e+01	0.0000000000e+00	1.0000000000e+00	4.9221923828e+02	5.3938240841e-01	3.0065122992e-02	2.9483683847e+01	3.0065122992e-01	9.8278946157e-01	6.4172034574e-01	4.9179953003e+02	5.6261025369e-02	3.0391885720e+01	1.6009983374e-03	4.2635650635e+00	2.0986502171e+00
1.1000000000e+01	4.9275862069e+02	1.9000000000e+01	0.0000000000e+00	1.0000000000e+00	4.9221923828e+02	5.3938240841e-01	3.3859193791e-03	4.9866764725e+01	3.3859193791e-02	1.6622254908e+00	8.4804234230e-01	4.9179953003e+02	8.3850510418e-03	4.9798434662e+01	1.2792523019e-02	5.6064782143e+00	2.0991399288e+00
1.2000000000e+01	5.0103448276e+02	0.0000000000e+00	0.0000000000e+00	1.0000000000e+00	4.9977401733e+02	1.2604654246e+00	1.8620968331e-03	6.0363710658e+01	1.8620968331e-02	2.0121236886e+00	1.0153723285e+00	4.9641635132e+02	1.6252378700e-03	6.0093510987e+01	2.5058474392e-02	6.0806469917e+00	2.1397709846e+00
1.2000000000e+01	5.0103448276e+02	1.0000000000e+00	0.0000000000e+00	1.0000000000e+00	4.9977401733e+02	1.2604654246e+00	6.1814291403e-03	4.1115166175e+01	6.1814291403e-02	1.3705055392e+00	7.1615991528e-01	5.0397109985e+02	2.1767109632e-02	4.2472601896e+01	6.0581662692e-03	5.0262317657e+00	2.1587920189e+00
1.2000000000e+01	5.0103448276e+02	2.0000000000e+00	0.0000000000e+00	1.0000000000e+00	5.0019372559e+02	8.4075717268e-01	2.5823113322e-01	1.9581439235e+01	2.5823113322e+00	6.5271464115e-01	1.6175129867e+00	5.0103314209e+02	2.8710398078e-01	2.0386665546e+01	1.0691885836e-02	2.9311859608e+00	2.1542541981e+00
1.2000000000e+01	5.0103448276e+02	3.0000000000e+00	0.0000000000e+00	1.0000000000e+00	4.9977401733e+02	1.2604654246e+00	3.9908732288e-03	4.6023156623e+01	3.9908732288e-02	1.5341052208e+00	7.8700697653e-01	5.0313168335e+02	1.7727088183e-02	4.7411774370e+01	9.8838219419e-03	5.3243484497e+00	2.1482627392e+00
1.2000000000e+01	5.0103448276e+02	4.0000000000e+00	0.0000000000e+00	1.0000000000e+00	5.0229226685e+02	1.2577840871e+00	3.7363702059e-01	1.7789035696e+01	3.7363702059e+00	5.9296785652e-01	2.1646690312e+00	5.0103314209e+02	4.3425500393e-01	1.9475762644e+01	1.6343535855e-02	2.5921409130e+00	2.1460926533e+00
1.2000000000e+01	5.0103448276e+02	5.0000000000e+00	0.0000000000e+00	1.0000000000e+00	4.9977401733e+02	1.2604654246e+00	3.9591249079e-03	4.6342647793e+01	3.9591249079e-02	1.5447549264e+00	7.9217308775e-01	4.9851489258e+02	1.6790164635e-02	4.7761083601e+01	1.0201538913e-02	5.3474025726e+00	2.1471810341e+00
1.2000000000e+01	5.0103448276e+02	6.0000000000e+00	0.0000000000e+00	1.0000000000e+00	4.9977401733e+02	1.2604654246e+00	2.2281575948e-03	5.7447347025e+01	2.2281575948e-02	1.9149115675e+00	9.6859657172e-01	4.9641635132e+02	1.1028887704e-02	5.7705319051e+01	2.1180579439e-02	5.9218511581e+00	2.1331954002e+00
1.2000000000e+01	5.0103448276e+02	7.0000000000e+00	0.0000000000e+00	1.0000000000e+00	5.0229226685e+02	1.2577840871e+00	3.7165629864e-01	1.7820202192e+01	3.7165629864e+00	5.9400673972e-01	2.1552848630e+00	5.0103314209e+02	4.4304308295e-01	1.9386311917e+01	1.6370519996e-02	2.5949337482e+00	2.1497228146e+00
1.2000000000e+01	5.0103448276e+02	8.0000000000e+00	0.0000000000e+00	1.0000000000e+00	4.9977401733e+02	1.2604654246e+00	1.4292013831e-02	3.3242619767e+01	1.4292013831e-01	1.1080873256e+00	6.2550373194e-01	4.9977401733e+02	4.6988543123e-02	3.5601914912e+01	2.3170304485e-03	4.5595664978e+00	2.1495378017e+00
1.2000000000e+01	5.0103448276e+02	9.0000000000e+00	0.0000000000e+00	1.0000000000e+00	5.0019372559e+02	8.4075717268e-01	2.0864289999e-01	2.0516866406e+01	2.0864289999e+00	6.8389554687e-01	1.3851622734e+00	5.0103314209e+02	2.5951361656e-01	2.1949724885e+01	8.4631964564e-03	3.1183106899e+00	2.1550147533e+00
1.2000000000e+01	5.0103448276e+02	1.0000000000e+01	0.0000000000e+00	1.0000000000e+00	4.9977401733e+02	1.2604654246e+00	4.9103494734e-02	2.6642494076e+01	4.9103494734e-01	8.8808313585e-01	6.8955904159e-01	5.0103314209e+02	8.7875537574e-02	2.7865138195e+01	2.1228611004e-03	3.9401311874e+00	2.1538887024e+00
1.2000000000e+01	5.0103448276e+02	1.1000000000e+01	0.0000000000e+00	1.0000000000e+00	4.9977401733e+02	1.2604654246e+00	1.3633948751e-02	3.4804363766e+01	1.3633948751e-01	1.1601454589e+00	6.4824247318e-01	5.0523022461e+02	3.6568131298e-02	3.4111413082e+01	2.6028580032e-03	4.5721521378e+00	2.1667561531e+00
1.2000000000e+01	5.0103448276e+02	1.2000000000e+01	0.0000000000e+00	1.0000000000e+00	5.0061343384e+02	4.2104892073e-01	6.8566292524e-02	2.5484117517e+01	6.8566292524e-01	8.4947058390e-01	7.6756675457e-01	5.0229226685e+02	1.3689291477e-01	2.7747161745e+01	2.6443374809e-03	3.7839627266e+00	2.1657888889e+00
1.2000000000e+01	5.0103448276e+02	1.3000000000e+01	0.0000000000e+00	1.0000000000e+00	5.0103314209e+02	1.3406687769e-03	1.7775069922e-02	3.2940279536e+01	1.7775069922e-01	1.0980093179e+00	6.3788000854e-01	5.0313168335e+02	5.8947809041e-02	3.5066046843e+01	2.0038441289e-03	4.4284286499e+00	2.1644215584e+00
1.2000000000e+01	5.0103448276e+02	1.4000000000e+01	0.0000000000e+00	0.0000000000e+00	4.9851489258e+02	2.5195901805e+00	1.4664018527e-03	6.5616565089e+01	inf	inf	inf	4.9641635132e+02	5.1497858949e-03	6.6717566999e+01	3.2280106097e-02	6.3725538254e+00	2.1347568035e+00
1.2000000000e+01	5.0103448276e+02	1.5000000000e+01	0.0000000000e+00	0.0000000000e+00	5.0439080811e+02	3.3563253468e+00	1.5216030180e-01	2.3027828014e+01	inf	inf	inf	5.0439080811e+02	1.8943497539e-01	2.3895042849e+01	7.4060056359e-03	3.4516286850e+00	2.1806404591e+00
1.2000000000e+01	5.0103448276e+02	1.6000000000e+01	0.0000000000e+00	1.0000000000e+00	4.9977401733e+02	1.2604654246e+00	3.3562656026e-03	4.8336306504e+01	3.3562656026e-02	1.6112102168e+00	8.2238643641e-01	4.9809518433e+02	7.7853784896e-03	4.8866688396e+01	1.2011951767e-02	5.4442381859e+00	2.1467037201e+00
1.2000000000e+01	5.0103448276e+02	1.7000000000e+01	0.0000000000e+00	1.0000000000e+00	5.0103314209e+02	1.3406687769e-03	3.8002446294e-02	2.8835880783e+01	3.8002446294e-01	9.6119602611e-01	6.7061024452e-01	5.0229226685e+02	9.5337204635e-02	3.1061635395e+01	1.7086786684e-03	4.0971622467e+00	2.1597576141e+00
1.2000000000e+01	5.0103448276e+02	1.8000000000e+01	1.0000000000e+00	1.0000000000e+00	4.9977401733e+02	1.2604654246e+00	1.8683593720e-02	3.1889104747e+01	1.8683593720e-01	1.0629701582e+00	6.2490304771e-01	5.0103314209e+02	6.3300743699e-02	3.4023842287e+01	1.9315001555e-03	4.4101872444e+00	2.1493821144e+00
1.2000000000e+01	5.0103448276e+02	1.9000000000e+01	0.0000000000e+00	1.0000000000e+00	4.9977401733e+02	1.2604654246e+00	2.0428795833e-03	5.3126044435e+01	2.0428795833e-02	1.7708681478e+00	8.9564847184e-01	4.9851489258e+02	1.1660680175e-02	5.3498015049e+01	1.6338085756e-02	5.6590566635e+00	2.1477549076e+00
1.3000000000e+01	5.0931034483e+02	0.0000000000e+00	0.0000000000e+00	0.0000000000e+00	5.0103314209e+02	8.2772027377e+00	8.7382714264e-04	6.3408459923e+01	inf	inf	inf	5.0229226685e+02	1.8026189646e-03	6.3492933475e+01	3.1228346750e-02	6.2091512680e+00	2.1770162582e+00
1.3000000000e+01	5.0931034483e+02	1.0000000000e+00	0.0000000000e+00	1.0000000000e+00	5.0942733765e+02	1.1699281890e-01	5.9797517024e-03	4.0195222561e+01	5.9797517024e-02	1.3398407520e+00	6.9981913453e-01	5.1110617065e+02	1.6867095605e-02	4.1505984317e+01	5.9352661483e-03	4.9124221802e+00	2.2039062977e+00
1.3000000000e+01	5.0931034483e+02	2.0000000000e+00	0.0000000000e+00	1.0000000000e+00	5.0774850464e+02	1.5618401889e+00	2.2521984577e-01	1.9820464245e+01	2.2521984577e+00	6.6068214150e-01	1.4564402996e+00	5.0732879639e+02	2.6967126131e-01	2.1373265766e+01	9.6273971722e-03	2.9773256779e+00	2.2052628994e+00
1.3000000000e+01	5.0931034483e+02	3.0000000000e+00	0.0000000000e+00	1.0000000000e+00	5.0942733765e+02	1.1699281890e-01	4.8285988159e-03	4.5595709584e+01	4.8285988159e-02	1.5198569861e+00	7.8407148715e-01	5.1068646240e+02	1.3189663179e-02	4.6751751429e+01	1.0047852062e-02	5.1767425537e+00	2.1982131004e+00
1.3000000000e+01	5.0931034483e+02	4.0000000000e+00	0.0000000000e+00	1.0000000000e+00	5.0942733765e+02	1.1699281890e-01	3.5544228554e-01	1.8163580135e+01	3.5544228554e+00	6.0545267115e-01	2.0799377633e+00	5.0942733765e+02	4.0487655997e-01	1.8544193790e+01	1.5610295348e-02	2.5907933712e+00	2.1967425346e+00
1.3000000000e+01	5.0931034483e+02	5.0000000000e+00	0.0000000000e+00	1.0000000000e+00	5.0942733765e+02	1.1699281890e-01	2.9157027602e-03	4.7111803730e+01	2.9157027602e-02	1.5703934577e+00	7.9977524264e-01	5.0606964111e+02	1.6040537506e-02	4.8791307455e+01	1.1135072447e-02	5.2726392746e+00	2.1990141869e+00
1.3000000000e+01	5.0931034483e+02	6.0000000000e+00	0.0000000000e+00	1.0000000000e+00	5.0942733765e+02	1.1699281890e-01	8.3991757128e-04	5.6034401313e+01	8.3991757128e-03	1.8678133771e+00	9.3810627641e-01	5.0858792114e+02	9.5498282462e-03	5.7846739476e+01	2.0056337118e-02	5.7340488434e+00	2.1932325363e+00
1.3000000000e+01	5.0931034483e+02	7.0000000000e+00	0.0000000000e+00	1.0000000000e+00	5.0942733765e+02	1.1699281890e-01	3.4767925739e-01	1.8460830694e+01	3.4767925739e+00	6.1536102312e-01	2.0460767985e+00	5.0942733765e+02	4.1960629821e-01	2.0585317049e+01	1.5069830231e-02	2.6154394150e+00	2.2045691013e+00
1.3000000000e+01	5.0931034483e+02	8.0000000000e+00	0.0000000000e+00	1.0000000000e+00	5.0942733765e+02	1.1699281890e-01	1.7130499706e-02	3.3775788194e+01	1.7130499706e-01	1.1258596065e+00	6.4858230175e-01	5.0732879639e+02	3.9632186294e-02	3.5046955905e+01	2.7262372896e-03	4.4577040672e+00	2.1939189434e+00
1.3000000000e+01	5.0931034483e+02	9.0000000000e+00	0.0000000000e+00	1.0000000000e+00	5.0900762939e+02	3.0271543305e-01	1.6166289151e-01	2.1560588330e+01	1.6166289151e+00	7.1868627767e-01	1.1676575964e+00	5.0942733765e+02	2.0883923769e-01	2.2327240307e+01	6.4852489159e-03	3.2464265823e+00	2.2011489868e+00
1.3000000000e+01	5.0931034483e+02	1.0000000000e+01	0.0000000000e+00	0.0000000000e+00	5.0690908813e+02	2.4012566928e+00	4.8293523490e-02	2.8058456198e+01	inf	inf	inf	5.0732879639e+02	7.4559345841e-02	2.8742075438e+01	2.1994847339e-03	3.9935631752e+00	2.1997165680e+00
1.3000000000e+01	5.0931034483e+02	1.1000000000e+01	1.0000000000e+00	1.0000000000e+00	5.1026675415e+02	9.5640932280e-01	1.0935831815e-02	3.3775575482e+01	1.0935831815e-01	1.1258525161e+00	6.1760541710e-01	5.1194558716e+02	3.3981271088e-02	3.4455950104e+01	3.0548770446e-03	4.4386215210e+00	2.2100758553e+00
1.3000000000e+01	5.0931034483e+02	1.2000000000e+01	0.0000000000e+00	1.0000000000e+00	5.0732879639e+02	1.9815484409e+00	5.9115547687e-02	2.6799711379e+01	5.9115547687e-01	8.9332371262e-01	7.4223959474e-01	5.0942733765e+02	1.0242922604e-01	2.8691785803e+01	2.3556989618e-03	3.8238065243e+00	2.2054126263e+00
1.3000000000e+01	5.0931034483e+02	1.3000000000e+01	0.0000000000e+00	1.0000000000e+00	5.0942733765e+02	1.1699281890e-01	1.5236712061e-02	3.2859448073e+01	1.5236712061e-01	1.0953149358e+00	6.2384102819e-01	5.0984704590e+02	4.4036153704e-02	3.4688964972e+01	2.5156377815e-03	4.3667302132e+00	2.2017841339e+00
1.3000000000e+01	5.0931034483e+02	1.4000000000e+01	0.0000000000e+00	0.0000000000e+00	5.0229226685e+02	7.0180779819e+00	7.2265934432e-04	6.7494888130e+01	inf	inf	inf	5.0732879639e+02	5.5702654645e-03	6.9284390854e+01	3.5786114633e-02	6.3521127701e+00	2.1791059971e+00
1.3000000000e+01	5.0931034483e+02	1.5000000000e+01	0.0000000000e+00	1.0000000000e+00	5.0900762939e+02	3.0271543305e-01	8.7713442743e-02	2.4633382735e+01	8.7713442743e-01	8.2111275784e-01	8.4912359263e-01	5.1026675415e+02	1.4616729319e-01	2.6597906524e+01	3.2765353099e-03	3.5937047005e+00	2.2093620300e+00
1.3000000000e+01	5.0931034483e+02	1.6000000000e+01	0.0000000000e+00	0.0000000000e+00	5.0606964111e+02	3.2407037143e+00	3.0941807199e-03	5.1423257307e+01	inf	inf	inf	5.0355139160e+02	8.7876897305e-03	5.2274439676e+01	1.6011884436e-02	5.4750761986e+00	2.1820325851e+00
1.3000000000e+01	5.0931034483e+02	1.7000000000e+01	0.0000000000e+00	1.0000000000e+00	5.0942733765e+02	1.1699281890e-01	2.5863425806e-02	3.0655233846e+01	2.5863425806e-01	1.0218411282e+00	6.4023769313e-01	5.0858792114e+02	5.8111391962e-02	3.2084146769e+01	2.0190849900e-03	4.2068328857e+00	2.2004740238e+00
1.3000000000e+01	5.0931034483e+02	1.8000000000e+01	0.0000000000e+00	1.0000000000e+00	5.0942733765e+02	1.1699281890e-01	1.9267272204e-02	3.2416144007e+01	1.9267272204e-01	1.0805381336e+00	6.3660542780e-01	5.0732879639e+02	4.7362964600e-02	3.3989403091e+01	2.3486984428e-03	4.3537473679e+00	2.1968986988e+00
1.3000000000e+01	5.0931034483e+02	1.9000000000e+01	0.0000000000e+00	1.0000000000e+00	5.0942733765e+02	1.1699281890e-01	8.8859663811e-04	5.4000835894e+01	8.8859663811e-03	1.8000278631e+00	9.0445691475e-01	5.0858792114e+02	1.2306766585e-02	5.6457499332e+01	1.7603613436e-02	5.6313433647e+00	2.2035670280e+00
1.4000000000e+01	5.1758620690e+02	0.0000000000e+00	0.0000000000e+00	0.0000000000e+00	5.0942733765e+02	8.1588692501e+00	1.8541800091e-04	6.5204254246e+01	inf	inf	inf	5.0732879639e+02	5.5434545502e-03	6.8667717303e+01	3.5298168659e-02	6.2535438538e+00	2.2076258659e+00
1.4000000000e+01	5.1758620690e+02	1.0000000000e+00	0.0000000000e+00	1.0000000000e+00	5.1656237793e+02	1.0238289669e+00	6.0009048320e-03	4.1517333906e+01	6.0009048320e-02	1.3839111302e+00	7.2196008926e-01	5.1740179443e+02	9.4491261989e-03	4.3404014039e+01	7.6348669827e-03	4.9538769722e+00	2.2601447105e+00
1.4000000000e+01	5.1758620690e+02	2.0000000000e+00	0.0000000000e+00	1.0000000000e+00	5.1656237793e+02	1.0238289669e+00	1.8287061155e-01	2.1626080799e+01	1.8287061155e+00	7.2086935995e-01	1.2747877377e+00	5.1782153320e+02	2.6200574636e-01	2.4540784841e+01	7.2538680397e-03	3.1096663475e+00	2.2573843002e+00
1.4000000000e+01	5.1758620690e+02	3.0000000000e+00	0.0000000000e+00	1.0000000000e+00	5.1656237793e+02	1.0238289669e+00	5.1365057006e-03	4.5434401072e+01	5.1365057006e-02	1.5144800357e+00	7.8292254637e-01	5.1740179443e+02	7.3976302519e-03	4.7298454419e+01	1.0555903427e-02	5.1237955093e+00	2.2593216896e+00
1.4000000000e+01	5.1758620690e+02	4.0000000000e+00	0.0000000000e+00	1.0000000000e+00	5.1824121094e+02	6.5500404095e-01	3.2060912251e-01	1.9075259598e+01	3.2060912251e+00	6.3584198660e-01	1.9209666059e+00	5.1824121094e+02	3.5974484682e-01	2.1118507975e+01	1.3528763317e-02	2.6856048107e+00	2.2529492378e+00
1.4000000000e+01	5.1758620690e+02	5.0000000000e+00	0.0000000000e+00	1.0000000000e+00	5.1656237793e+02	1.0238289669e+00	3.8274095859e-03	4.7282659815e+01	3.8274095859e-02	1.5760886605e+00	8.0718137818e-01	5.1614270020e+02	2.5749932975e-02	5.0050244021e+01	1.2024317868e-02	5.2308225632e+00	2.2588934898e+00
1.4000000000e+01	5.1758620690e+02	6.0000000000e+00	0.0000000000e+00	1.0000000000e+00	5.1656237793e+02	1.0238289669e+00	2.4787418079e-03	5.3091560566e+01	2.4787418079e-02	1.7697186855e+00	8.9725305180e-01	5.1656237793e+02	8.3676595241e-03	5.5817348596e+01	1.7406733707e-02	5.5318918228e+00	2.2567365170e+00
1.4000000000e+01	5.1758620690e+02	7.0000000000e+00	0.0000000000e+00	1.0000000000e+00	5.1908062744e+02	1.4944205449e+00	3.2517510653e-01	1.9244467386e+01	3.2517510653e+00	6.4148224621e-01	1.9466166557e+00	5.2033978271e+02	3.7474119663e-01	2.1464280768e+01	1.3721115887e-02	2.7015433311e+00	2.2642912865e+00
1.4000000000e+01	5.1758620690e+02	8.0000000000e+00	0.0000000000e+00	1.0000000000e+00	5.1656237793e+02	1.0238289669e+00	1.6925225034e-02	3.4480024582e+01	1.6925225034e-01	1.1493341527e+00	6.5929320153e-01	5.1698211670e+02	5.7814314961e-02	3.6196476176e+01	3.5071885213e-03	4.4389610291e+00	2.2477903366e+00
1.4000000000e+01	5.1758620690e+02	9.0000000000e+00	0.0000000000e+00	1.0000000000e+00	5.1698211670e+02	6.0409019733e-01	1.3876171410e-01	2.2510136976e+01	1.3876171410e+00	7.5033789921e-01	1.0689775201e+00	5.1824121094e+02	1.9191940129e-01	2.4427607915e+01	5.6719030254e-03	3.3328099251e+00	2.2591509819e+00
1.4000000000e+01	5.1758620690e+02	1.0000000000e+01	0.0000000000e+00	1.0000000000e+00	5.1656237793e+02	1.0238289669e+00	4.1323512793e-02	2.9060189367e+01	4.1323512793e-01	9.6867297890e-01	6.9095405341e-01	5.1698211670e+02	9.7170978785e-02	3.0687038072e+01	2.4778211955e-03	4.0027441978e+00	2.2498385906e+00
1.4000000000e+01	5.1758620690e+02	1.1000000000e+01	0.0000000000e+00	1.0000000000e+00	5.1656237793e+02	1.0238289669e+00	1.2350179255e-02	3.6192100736e+01	1.2350179255e-01	1.2064033579e+00	6.6495257521e-01	5.1740179443e+02	1.7490355298e-02	3.7154556761e+01	4.3061301112e-03	4.5760450363e+00	2.2598023415e+00
1.4000000000e+01	5.1758620690e+02	1.2000000000e+01	0.0000000000e+00	1.0000000000e+00	5.1656237793e+02	1.0238289669e+00	5.0487637520e-02	2.8256438315e+01	5.0487637520e-01	9.4188127718e-01	7.2337882619e-01	5.1782153320e+02	8.2105085254e-02	2.8779746530e+01	2.5985969696e-03	3.8752083778e+00	2.2599945068e+00
1.4000000000e+01	5.1758620690e+02	1.3000000000e+01	0.0000000000e+00	1.0000000000e+00	5.1656237793e+02	1.0238289669e+00	1.8926853314e-02	3.3785422768e+01	1.8926853314e-01	1.1261807589e+00	6.5772464603e-01	5.1740179443e+02	3.4643962979e-02	3.4819318488e+01	3.3053772058e-03	4.4086227417e+00	2.2528376579e+00
1.4000000000e+01	5.1758620690e+02	1.4000000000e+01	0.0000000000e+00	0.0000000000e+00	5.1194558716e+02	5.6406197383e+00	1.0465702508e-03	6.4274331638e+01	inf	inf	inf	5.1530328369e+02	2.9231091030e-03	6.5181634474e+01	2.9656473547e-02	6.0533819199e+00	2.2511539459e+00
1.4000000000e+01	5.1758620690e+02	1.5000000000e+01	0.0000000000e+00	1.0000000000e+00	5.1656237793e+02	1.0238289669e+00	4.0444511920e-02	2.9304961690e+01	4.0444511920e-01	9.7683205634e-01	6.9063858777e-01	5.1740179443e+02	7.2076275945e-02	2.9620603493e+01	2.4741017260e-03	4.0128240585e+00	2.2524082661e+00
1.4000000000e+01	5.1758620690e+02	1.6000000000e+01	0.0000000000e+00	0.0000000000e+00	5.1152587891e+02	6.0603279903e+00	3.0286670662e-03	5.0053734398e+01	inf	inf	inf	5.1236529541e+02	3.0539583415e-02	5.4982566129e+01	1.4713454060e-02	5.3579106331e+00	2.2363595963e+00
1.4000000000e+01	5.1758620690e+02	1.7000000000e+01	0.0000000000e+00	1.0000000000e+00	5.1656237793e+02	1.0238289669e+00	2.6630818844e-02	3.1677471225e+01	2.6630818844e-01	1.0559157075e+00	6.6111194797e-01	5.1782153320e+02	5.3143259138e-02	3.2584911135e+01	2.6448357385e-03	4.2669906616e+00	2.2558865547e+00
1.4000000000e+01	5.1758620690e+02	1.8000000000e+01	1.0000000000e+00	1.0000000000e+00	5.1656237793e+02	1.0238289669e+00	2.0787561312e-02	3.3184490492e+01	2.0787561312e-01	1.1061496831e+00	6.5701264809e-01	5.1698211670e+02	5.3355984390e-02	3.5158145065e+01	3.0693169683e-03	4.3771214485e+00	2.2530083656e+00
1.4000000000e+01	5.1758620690e+02	1.9000000000e+01	0.0000000000e+00	1.0000000000e+00	5.1656237793e+02	1.0238289669e+00	1.8435814418e-03	5.9214621779e+01	1.8435814418e-02	1.9738207260e+00	9.9612827019e-01	5.1530328369e+02	7.1089542471e-03	6.1651628622e+01	2.3620674387e-02	5.8031883240e+00	2.2542669773e+00
1.5000000000e+01	5.2586206897e+02	0.0000000000e+00	0.0000000000e+00	0.0000000000e+00	5.2285803223e+02	3.0040367390e+00	2.1109881345e-03	6.2555357156e+01	inf	inf	inf	5.1656237793e+02	4.5567754656e-02	7.2964850220e+01	2.8863606974e-02	5.9161362648e+00	2.2994444370e+00
1.5000000000e+01	5.2586206897e+02	1.0000000000e+00	0.0000000000e+00	1.0000000000e+00	5.2663543701e+02	7.7336804620e-01	3.8650082424e-03	5.2969255861e+01	3.8650082424e-02	1.7656418620e+00	9.0214597223e-01	5.2621569824e+02	4.0569324046e-03	5.3077928022e+01	1.8105681986e-02	5.3788771629e+00	2.3291723728e+00
1.5000000000e+01	5.2586206897e+02	2.0000000000e+00	0.0000000000e+00	1.0000000000e+00	5.2663543701e+02	7.7336804620e-01	2.2582185268e-01	2.0540969641e+01	2.2582185268e+00	6.8469898804e-01	1.4714587574e+00	5.2663543701e+02	2.6075115800e-01	2.2096926645e+01	9.9544283003e-03	2.9634451866e+00	2.3276984692e+00
1.5000000000e+01	5.2586206897e+02	3.0000000000e+00	0.0000000000e+00	1.0000000000e+00	5.2621569824e+02	3.5362927667e-01	1.1253937148e-02	3.9881883048e+01	1.1253937148e-01	1.3293961016e+00	7.2096773655e-01	5.2621569824e+02	1.7830807716e-02	4.1136586621e+01	7.4159340002e-03	4.7333621979e+00	2.3266615868e+00
1.5000000000e+01	5.2586206897e+02	4.0000000000e+00	0.0000000000e+00	1.0000000000e+00	5.2663543701e+02	7.7336804620e-01	2.3318763077e-01	2.0847073751e+01	2.3318763077e+00	6.9490245838e-01	1.5133893831e+00	5.2453686523e+02	3.4541046619e-01	2.4625791907e+01	9.9318139255e-03	2.9561665058e+00	2.3236100674e+00
1.5000000000e+01	5.2586206897e+02	5.0000000000e+00	0.0000000000e+00	0.0000000000e+00	5.2285803223e+02	3.0040367390e+00	5.3524728864e-03	4.6384075045e+01	inf	inf	inf	5.2579602051e+02	2.2503351793e-02	4.8525008626e+01	1.2188681401e-02	5.0892510414e+00	2.3216536045e+00
1.5000000000e+01	5.2586206897e+02	6.0000000000e+00	1.0000000000e+00	1.0000000000e+00	5.2621569824e+02	3.5362927667e-01	2.3295788094e-02	3.4760829304e+01	2.3295788094e-01	1.1586943101e+00	6.9582609555e-01	5.2705511475e+02	1.0002261400e-01	4.1242428598e+01	4.4750077650e-03	4.3410520554e+00	2.3321800232e+00
1.5000000000e+01	5.2586206897e+02	7.0000000000e+00	0.0000000000e+00	1.0000000000e+00	5.2453686523e+02	1.3252037311e+00	3.4201434255e-01	2.0175633378e+01	3.4201434255e+00	6.7252111261e-01	2.0463322690e+00	5.2621569824e+02	3.5453510284e-01	2.0422226117e+01	1.4165664092e-02	2.6815364361e+00	2.3173704147e+00
1.5000000000e+01	5.2586206897e+02	8.0000000000e+00	0.0000000000e+00	0.0000000000e+00	5.2831427002e+02	2.4522010540e+00	3.7289481610e-02	3.0905411100e+01	inf	inf	inf	5.2663543701e+02	6.1981860548e-02	3.1465698365e+01	6.7024198361e-03	4.0057725906e+00	2.3395543098e+00
1.5000000000e+01	5.2586206897e+02	9.0000000000e+00	0.0000000000e+00	0.0000000000e+00	5.2831427002e+02	2.4522010540e+00	3.1470648944e-02	3.1681349485e+01	inf	inf	inf	5.2495660400e+02	1.1302354932e-01	3.6377865000e+01	6.7139999010e-03	4.1129283905e+00	2.3441073895e+00
1.5000000000e+01	5.2586206897e+02	1.0000000000e+01	0.0000000000e+00	0.0000000000e+00	5.2831427002e+02	2.4522010540e+00	4.9864411354e-02	2.9277310511e+01	inf	inf	inf	5.2663543701e+02	8.0178253353e-02	2.9641576978e+01	6.8111917935e-03	3.8707580566e+00	2.3376686573e+00
1.5000000000e+01	5.2586206897e+02	1.1000000000e+01	0.0000000000e+00	1.0000000000e+00	5.2663543701e+02	7.7336804620e-01	4.2534437962e-03	5.1954806105e+01	4.2534437962e-02	1.7318268702e+00	8.8718065406e-01	5.2621569824e+02	5.4588606581e-03	5.1758065523e+01	1.7120130360e-02	5.2919473648e+00	2.3326530457e+00
1.5000000000e+01	5.2586206897e+02	1.2000000000e+01	0.0000000000e+00	0.0000000000e+00	5.2831427002e+02	2.4522010540e+00	6.7885503173e-02	2.6706237583e+01	inf	inf	inf	5.2621569824e+02	7.0338174701e-02	2.7155007101e+01	6.4800600521e-03	3.7403039932e+00	2.3344969749e+00
1.5000000000e+01	5.2586206897e+02	1.3000000000e+01	0.0000000000e+00	0.0000000000e+00	5.2831427002e+02	2.4522010540e+00	2.6495104656e-02	3.2800212077e+01	inf	inf	inf	5.2621569824e+02	3.4090146422e-02	3.2796000515e+01	6.1552412808e-03	4.1870861053e+00	2.3416786194e+00
1.5000000000e+01	5.2586206897e+02	1.4000000000e+01	0.0000000000e+00	1.0000000000e+00	5.2537628174e+02	4.8578722724e-01	2.1923542954e-03	6.1938597640e+01	2.1923542954e-02	2.0646199213e+00	1.0432717321e+00	5.2621569824e+02	8.6970003322e-03	6.4607898764e+01	2.8346795589e-02	5.8808588982e+00	2.3087973595e+00
1.5000000000e+01	5.2586206897e+02	1.5000000000e+01	0.0000000000e+00	0.0000000000e+00	5.2831427002e+02	2.4522010540e+00	2.3440276273e-03	6.1122752313e+01	inf	inf	inf	5.2327777100e+02	1.7241250724e-02	6.2594928366e+01	2.9591718689e-02	5.7737321854e+00	2.3386797905e+00
1.5000000000e+01	5.2586206897e+02	1.6000000000e+01	0.0000000000e+00	1.0000000000e+00	5.2621569824e+02	3.5362927667e-01	7.6923635788e-03	4.3964485413e+01	7.6923635788e-02	1.4654828471e+00	7.7120324145e-01	5.2747485352e+02	7.9256385565e-02	4.9228156308e+01	9.9744014442e-03	4.9148516655e+00	2.3225784302e+00
1.5000000000e+01	5.2586206897e+02	1.7000000000e+01	0.0000000000e+00	0.0000000000e+00	5.2831427002e+02	2.4522010540e+00	3.2699517906e-02	3.1501717278e+01	inf	inf	inf	5.2663543701e+02	4.4046640396e-02	3.1591855288e+01	6.8301698193e-03	4.0735397339e+00	2.3440289497e+00
1.5000000000e+01	5.2586206897e+02	1.8000000000e+01	0.0000000000e+00	0.0000000000e+00	5.2831427002e+02	2.4522010540e+00	3.6111086607e-02	3.1079873265e+01	inf	inf	inf	5.2663543701e+02	5.2764210850e-02	3.1067112834e+01	6.8340045400e-03	4.0144777298e+00	2.3414363861e+00
1.5000000000e+01	5.2586206897e+02	1.9000000000e+01	0.0000000000e+00	1.0000000000e+00	5.2537628174e+02	4.8578722724e-01	8.4288802464e-04	7.3718252285e+01	8.4288802464e-03	2.4572750762e+00	1.2328519782e+00	5.2411718750e+02	5.3097014315e-03	7.5460405053e+01	4.3070562184e-02	6.3696422577e+00	2.3115985394e+00
1.6000000000e+01	5.3413793103e+02	0.0000000000e+00	0.0000000000e+00	0.0000000000e+00	5.3670843506e+02	2.5705040241e+00	2.2940845229e-03	5.7731628127e+01	inf	inf	inf	5.3670843506e+02	2.2955734283e-02	6.0871236626e+01	2.5665612891e-02	5.4398903847e+00	2.3821921349e+00
1.6000000000e+01	5.3413793103e+02	1.0000000000e+00	0.0000000000e+00	0.0000000000e+00	5.3670843506e+02	2.5705040241e+00	2.4516177364e-03	6.2714882425e+01	inf	inf	inf	5.3419018555e+02	3.1442570034e-03	6.1599156657e+01	2.9769577086e-02	5.6341071129e+00	2.3744628429e+00
1.6000000000e+01	5.3413793103e+02	2.0000000000e+00	0.0000000000e+00	1.0000000000e+00	5.3544934082e+02	1.3114097858e+00	1.8182754517e-01	2.1227560755e+01	1.8182754517e+00	7.0758535849e-01	1.2629304051e+00	5.3628875732e+02	2.7185368538e-01	2.5667132885e+01	1.0189633816e-02	3.0065221786e+00	2.4024772644e+00
1.6000000000e+01	5.3413793103e+02	3.0000000000e+00	0.0000000000e+00	0.0000000000e+00	5.3670843506e+02	2.5705040241e+00	4.6949435025e-02	3.1129360170e+01	inf	inf	inf	5.3460992432e+02	6.2648467720e-02	3.1478337164e+01	6.9126146846e-03	3.9117259979e+00	2.3836414814e+00
1.6000000000e+01	5.3413793103e+02	4.0000000000e+00	0.0000000000e+00	0.0000000000e+00	5.3670843506e+02	2.5705040241e+00	3.8812544663e-03	5.0159460964e+01	inf	inf	inf	5.3628875732e+02	3.1741656363e-02	5.2343268203e+01	1.8251070753e-02	5.1214094162e+00	2.3873996735e+00
1.6000000000e+01	5.3413793103e+02	5.0000000000e+00	0.0000000000e+00	0.0000000000e+00	5.3670843506e+02	2.5705040241e+00	9.1223614290e-03	4.1231054009e+01	inf	inf	inf	5.3460992432e+02	2.1750215441e-02	4.2127958612e+01	1.2222039513e-02	4.6315951347e+00	2.3863108158e+00
1.6000000000e+01	5.3413793103e+02	6.0000000000e+00	0.0000000000e+00	1.0000000000e+00	5.3544934082e+02	1.3114097858e+00	1.8252034485e-01	2.1679270782e+01	1.8252034485e+00	7.2264235939e-01	1.2739229040e+00	5.3544934082e+02	2.1339620650e-01	2.2565255317e+01	1.0242520832e-02	3.0045442581e+00	2.4098222256e+00
1.6000000000e+01	5.3413793103e+02	7.0000000000e+00	0.0000000000e+00	1.0000000000e+00	5.3544934082e+02	1.3114097858e+00	1.7551006377e-01	2.1764352833e+01	1.7551006377e+00	7.2547842777e-01	1.2402895327e+00	5.3628875732e+02	2.5434574485e-01	2.5169908759e+01	9.9588129669e-03	3.0580885410e+00	2.4019694328e+00
1.6000000000e+01	5.3413793103e+02	8.0000000000e+00	0.0000000000e+00	0.0000000000e+00	5.3628875732e+02	2.1508262897e+00	1.0129792988e-01	2.8310401346e+01	inf	inf	inf	5.3544934082e+02	1.1781649292e-01	2.8415352455e+01	7.4741658755e-03	3.5722775459e+00	2.3858311176e+00
1.6000000000e+01	5.3413793103e+02	9.0000000000e+00	0.0000000000e+00	0.0000000000e+00	5.3670843506e+02	2.5705040241e+00	1.8157681916e-03	6.2243071426e+01	inf	inf	inf	5.3419018555e+02	9.5815556124e-03	6.2253151469e+01	3.0328225344e-02	5.6073617935e+00	2.3804731369e+00
1.6000000000e+01	5.3413793103e+02	1.0000000000e+01	0.0000000000e+00	0.0000000000e+00	5.3670843506e+02	2.5705040241e+00	4.1980225593e-02	3.1781166454e+01	inf	inf	inf	5.3586901855e+02	7.3003157973e-02	3.2834533734e+01	7.4144988321e-03	3.9400353432e+00	2.3902459145e+00
1.6000000000e+01	5.3413793103e+02	1.1000000000e+01	0.0000000000e+00	1.0000000000e+00	5.3586901855e+02	1.7310875202e+00	2.7192493435e-03	6.3081653785e+01	2.7192493435e-02	2.1027217928e+00	1.0649571431e+00	5.3419018555e+02	3.0635523144e-03	6.1850544635e+01	2.9629593715e-02	5.6539764404e+00	2.3721706867e+00
1.6000000000e+01	5.3413793103e+02	1.2000000000e+01	0.0000000000e+00	0.0000000000e+00	5.3628875732e+02	2.1508262897e+00	5.1856778562e-02	3.0658016454e+01	inf	inf	inf	5.3502960205e+02	7.1266390383e-02	3.1668038250e+01	6.7660911009e-03	3.8931770325e+00	2.3823072910e+00
1.6000000000e+01	5.3413793103e+02	1.3000000000e+01	1.0000000000e+00	1.0000000000e+00	5.3586901855e+02	1.7310875202e+00	5.5492289364e-02	3.0410893795e+01	5.5492289364e-01	1.0136964598e+00	7.8430967674e-01	5.3502960205e+02	7.6079852879e-02	3.1588153444e+01	6.6361958161e-03	3.8777089119e+00	2.3800945282e+00
1.6000000000e+01	5.3413793103e+02	1.4000000000e+01	0.0000000000e+00	0.0000000000e+00	5.3670843506e+02	2.5705040241e+00	8.0104172230e-03	4.2091226053e+01	inf	inf	inf	5.3460992432e+02	1.3765974902e-02	4.2683707315e+01	1.3037594967e-02	4.6819915771e+00	2.3900744915e+00
1.6000000000e+01	5.3413793103e+02	1.5000000000e+01	0.0000000000e+00	0.0000000000e+00	5.2831427002e+02	5.8236610150e+00	1.1892743642e-03	7.7946186574e+01	inf	inf	inf	5.3586901855e+02	1.5816785162e-03	8.0992515006e+01	4.8166245222e-02	6.3682117462e+00	2.3606526852e+00
1.6000000000e+01	5.3413793103e+02	1.6000000000e+01	0.0000000000e+00	0.0000000000e+00	5.3670843506e+02	2.5705040241e+00	3.2614581287e-02	3.3568900448e+01	inf	inf	inf	5.3628875732e+02	6.1978392303e-02	3.3938969208e+01	7.5904633850e-03	4.0963530540e+00	2.3870627880e+00
1.6000000000e+01	5.3413793103e+02	1.7000000000e+01	0.0000000000e+00	0.0000000000e+00	5.3670843506e+02	2.5705040241e+00	3.4319445491e-02	3.3193151122e+01	inf	inf	inf	5.3502960205e+02	5.0679754466e-02	3.4173797623e+01	7.4372859672e-03	4.0677070618e+00	2.3857665062e+00
1.6000000000e+01	5.3413793103e+02	1.8000000000e+01	0.0000000000e+00	0.0000000000e+00	5.3628875732e+02	2.1508262897e+00	7.9863272607e-02	2.9464571016e+01	inf	inf	inf	5.3544934082e+02	9.1498248279e-02	2.9914284476e+01	7.2012194432e-03	3.7223877907e+00	2.3877739906e+00
1.6000000000e+01	5.3413793103e+02	1.9000000000e+01	0.0000000000e+00	0.0000000000e+00	5.2831427002e+02	5.8236610150e+00	1.0984668043e-03	7.8504718306e+01	inf	inf	inf	5.3419018555e+02	3.2163297292e-03	8.3541092170e+01	4.9023136497e-02	6.3968200684e+00	2.3593089581e+00
1.7000000000e+01	5.4241379310e+02	0.0000000000e+00	0.0000000000e+00	0.0000000000e+00	5.4510266113e+02	2.6888680294e+00	3.4028920345e-03	5.6916250138e+01	inf	inf	inf	5.4300408936e+02	2.5902457535e-02	5.5873454469e+01	2.5424778461e-02	5.2786092758e+00	2.4389944077e+00
1.7000000000e+01	5.4241379310e+02	1.0000000000e+00	0.0000000000e+00	0.0000000000e+00	5.3838726807e+02	4.0265250370e+00	3.4152383450e-03	6.4960617088e+01	inf	inf	inf	5.4090551758e+02	3.5159478430e-03	6.5824622465e+01	3.2150045037e-02	5.6664476395e+00	2.4230225086e+00
1.7000000000e+01	5.4241379310e+02	2.0000000000e+00	0.0000000000e+00	1.0000000000e+00	5.4300408936e+02	5.9029625202e-01	1.8688765168e-01	2.4770784731e+01	1.8688765168e+00	8.2569282436e-01	1.3472846706e+00	5.4300408936e+02	2.2682522237e-01	2.6373207938e+01	9.3270204961e-03	3.0680415630e+00	2.4461088181e+00
1.7000000000e+01	5.4241379310e+02	3.0000000000e+00	0.0000000000e+00	1.0000000000e+00	5.4174493408e+02	6.6885902142e-01	9.8273925483e-02	3.2385589406e+01	9.8273925483e-01	1.0795196469e+00	1.0311294509e+00	5.4216467285e+02	8.1606373191e-02	3.2941621174e+01	6.2028239481e-03	3.7941713333e+00	2.4348695278e+00
1.7000000000e+01	5.4241379310e+02	4.0000000000e+00	0.0000000000e+00	0.0000000000e+00	5.3838726807e+02	4.0265250370e+00	3.3093527891e-03	6.5644321754e+01	inf	inf	inf	5.4132525635e+02	5.6147123687e-03	6.6838802943e+01	3.3108782023e-02	5.6916208267e+00	2.4240329266e+00
1.7000000000e+01	5.4241379310e+02	5.0000000000e+00	0.0000000000e+00	1.0000000000e+00	5.4426324463e+02	1.8494515255e+00	9.5278928056e-03	4.5460287644e+01	9.5278928056e-02	1.5153429215e+00	8.0531092476e-01	5.4216467285e+02	2.6531120762e-02	4.6020900833e+01	1.5202889219e-02	4.6733384132e+00	2.4374639988e+00
1.7000000000e+01	5.4241379310e+02	6.0000000000e+00	0.0000000000e+00	1.0000000000e+00	5.4300408936e+02	5.9029625202e-01	2.4733881652e-01	2.3275838842e+01	2.4733881652e+00	7.7586129473e-01	1.6246247300e+00	5.4300408936e+02	2.8622540832e-01	2.4554923049e+01	1.2187352404e-02	2.7975733280e+00	2.4422326088e+00
1.7000000000e+01	5.4241379310e+02	7.0000000000e+00	0.0000000000e+00	0.0000000000e+00	5.4468292236e+02	2.2691292598e+00	1.2865792215e-01	2.8155419008e+01	inf	inf	inf	5.4342376709e+02	1.4645503461e-01	2.7664824127e+01	8.4834527224e-03	3.3638103008e+00	2.4403350353e+00
1.7000000000e+01	5.4241379310e+02	8.0000000000e+00	0.0000000000e+00	0.0000000000e+00	5.4468292236e+02	2.2691292598e+00	1.0779984295e-01	2.9913969151e+01	inf	inf	inf	5.4300408936e+02	1.2249711156e-01	2.9857293238e+01	7.6211481355e-03	3.5100522041e+00	2.4365947247e+00
1.7000000000e+01	5.4241379310e+02	9.0000000000e+00	0.0000000000e+00	0.0000000000e+00	5.3838726807e+02	4.0265250370e+00	3.1298568938e-03	6.6028674980e+01	inf	inf	inf	5.4132525635e+02	6.6879326478e-03	6.7772995177e+01	3.3593978733e-02	5.7095737457e+00	2.4239096642e+00
1.7000000000e+01	5.4241379310e+02	1.0000000000e+01	0.0000000000e+00	0.0000000000e+00	5.4468292236e+02	2.2691292598e+00	4.4488485903e-02	3.5523118536e+01	inf	inf	inf	5.4384350586e+02	6.7960746586e-02	3.5904250707e+01	9.3385521322e-03	4.0082778931e+00	2.4408669472e+00
1.7000000000e+01	5.4241379310e+02	1.1000000000e+01	0.0000000000e+00	0.0000000000e+00	5.3838726807e+02	4.0265250370e+00	2.8105538804e-03	6.5068117301e+01	inf	inf	inf	5.4090551758e+02	2.9869696591e-03	6.6007590099e+01	3.2500479370e-02	5.6973257065e+00	2.4201240540e+00
1.7000000000e+01	5.4241379310e+02	1.2000000000e+01	0.0000000000e+00	1.0000000000e+00	5.4216467285e+02	2.4912025189e-01	9.9642544985e-02	3.2242869379e+01	9.9642544985e-01	1.0747623126e+00	1.0355938812e+00	5.4216467285e+02	8.1140421331e-02	3.2324365901e+01	6.2937517650e-03	3.7731294632e+00	2.4349899292e+00
1.7000000000e+01	5.4241379310e+02	1.3000000000e+01	0.0000000000e+00	1.0000000000e+00	5.4216467285e+02	2.4912025189e-01	1.0962907225e-01	3.1203766990e+01	1.0962907225e+00	1.0401255663e+00	1.0682081444e+00	5.4216467285e+02	8.9238382876e-02	3.1889528405e+01	6.1661386862e-03	3.7056655884e+00	2.4314458370e+00
1.7000000000e+01	5.4241379310e+02	1.4000000000e+01	1.0000000000e+00	1.0000000000e+00	5.4426324463e+02	1.8494515255e+00	1.0576420464e-02	4.5054752687e+01	1.0576420464e-01	1.5018250896e+00	8.0379464710e-01	5.4300408936e+02	2.3273739964e-02	4.5086399415e+01	1.4724504203e-02	4.6602163315e+00	2.4367401600e+00
1.7000000000e+01	5.4241379310e+02	1.5000000000e+01	0.0000000000e+00	0.0000000000e+00	5.3838726807e+02	4.0265250370e+00	1.2914360268e-03	8.2264807348e+01	inf	inf	inf	5.3796759033e+02	1.0511921719e-03	8.3389384201e+01	5.4318696260e-02	6.3526163101e+00	2.4057269096e+00
1.7000000000e+01	5.4241379310e+02	1.6000000000e+01	0.0000000000e+00	0.0000000000e+00	5.4510266113e+02	2.6888680294e+00	3.0043842271e-02	3.7403084341e+01	inf	inf	inf	5.4300408936e+02	6.4762517810e-02	3.7837954102e+01	1.0687284172e-02	4.1313152313e+00	2.4406976700e+00
1.7000000000e+01	5.4241379310e+02	1.7000000000e+01	0.0000000000e+00	1.0000000000e+00	5.4300408936e+02	5.9029625202e-01	5.8225214481e-02	3.5662463040e+01	5.8225214481e-01	1.1887487680e+00	8.8550045641e-01	5.4300408936e+02	5.7616122067e-02	3.5507572127e+01	8.2019781694e-03	4.0376396179e+00	2.4359760284e+00
1.7000000000e+01	5.4241379310e+02	1.8000000000e+01	0.0000000000e+00	1.0000000000e+00	5.4384350586e+02	1.4297127559e+00	9.0830169618e-02	3.1514308436e+01	9.0830169618e-01	1.0504769479e+00	9.7938932202e-01	5.4300408936e+02	9.5332317054e-02	3.1629863115e+01	7.2666541673e-03	3.6657681465e+00	2.4377050400e+00
1.7000000000e+01	5.4241379310e+02	1.9000000000e+01	0.0000000000e+00	1.0000000000e+00	5.4426324463e+02	1.8494515255e+00	1.2932558311e-03	8.3071352968e+01	1.2932558311e-02	2.7690450989e+00	1.3909888286e+00	5.3838726807e+02	2.2675346117e-03	8.5822812075e+01	5.5638827384e-02	6.3823108673e+00	2.4110965729e+00
1.8000000000e+01	5.5068965517e+02	0.0000000000e+00	0.0000000000e+00	1.0000000000e+00	5.5055883789e+02	1.3081728179e-01	4.7245938331e-03	6.0674793124e+01	4.7245938331e-02	2.0224931041e+00	1.0348695212e+00	5.5181799316e+02	2.6217889041e-02	6.2297736592e+01	2.9642904177e-02	5.3415851593e+00	2.4836769104e+00
1.8000000000e+01	5.5068965517e+02	1.0000000000e+00	0.0000000000e+00	0.0000000000e+00	5.4720117188e+02	3.4884832974e+00	2.6424345560e-03	6.7833261199e+01	inf	inf	inf	5.5055883789e+02	2.4796852376e-03	6.8736238917e+01	3.7249058485e-02	5.6342110634e+00	2.4719066620e+00
1.8000000000e+01	5.5068965517e+02	2.0000000000e+00	0.0000000000e+00	1.0000000000e+00	5.5223767090e+02	1.5480157260e+00	1.9197298586e-01	2.6928516371e+01	1.9197298586e+00	8.9761721237e-01	1.4086735355e+00	5.5139825439e+02	2.7179792523e-01	3.0728835818e+01	1.0608734563e-02	3.0167732239e+00	2.4840590954e+00
1.8000000000e+01	5.5068965517e+02	3.0000000000e+00	0.0000000000e+00	0.0000000000e+00	5.4804058838e+02	2.6490667935e+00	1.0391154885e-01	3.6622762482e+01	inf	inf	inf	5.4846032715e+02	8.8252931833e-02	3.5795237559e+01	8.1356996670e-03	3.8313627243e+00	2.4722602367e+00
1.8000000000e+01	5.5068965517e+02	4.0000000000e+00	0.0000000000e+00	0.0000000000e+00	5.4636175537e+02	4.3278998013e+00	2.1583265625e-03	6.8513845929e+01	inf	inf	inf	5.4929974365e+02	7.0886244066e-03	7.0508019875e+01	3.8540210575e-02	5.7029943466e+00	2.4659352303e+00
1.8000000000e+01	5.5068965517e+02	5.0000000000e+00	0.0000000000e+00	1.0000000000e+00	5.5097857666e+02	2.8892148774e-01	1.1124294251e-02	4.8033328352e+01	1.1124294251e-01	1.6011109451e+00	8.5617694379e-01	5.5055883789e+02	2.5288688019e-02	4.9432725686e+01	1.7835319042e-02	4.7233185768e+00	2.4840888977e+00
1.8000000000e+01	5.5068965517e+02	6.0000000000e+00	0.0000000000e+00	0.0000000000e+00	5.4678149414e+02	3.9081610318e+00	3.3104440570e-01	2.6647517394e+01	inf	inf	inf	5.5055883789e+02	3.2172828913e-01	2.8492509803e+01	1.3423955068e-02	2.7779633999e+00	2.4699549675e+00
1.8000000000e+01	5.5068965517e+02	7.0000000000e+00	0.0000000000e+00	1.0000000000e+00	5.5181799316e+02	1.1283379916e+00	1.3722552359e-01	3.1012548338e+01	1.3722552359e+00	1.0337516113e+00	1.2030034236e+00	5.5097857666e+02	1.8665485084e-01	3.1359187317e+01	9.4325747341e-03	3.2855045795e+00	2.4824900627e+00
1.8000000000e+01	5.5068965517e+02	8.0000000000e+00	0.0000000000e+00	1.0000000000e+00	5.5181799316e+02	1.1283379916e+00	1.0725205392e-01	3.2590643889e+01	1.0725205392e+00	1.0863547963e+00	1.0794376677e+00	5.5013916016e+02	1.5671963990e-01	3.3463476405e+01	9.1549288481e-03	3.4685103893e+00	2.4771685600e+00
1.8000000000e+01	5.5068965517e+02	9.0000000000e+00	0.0000000000e+00	0.0000000000e+00	5.4720117188e+02	3.4884832974e+00	2.2752720397e-03	6.9531618991e+01	inf	inf	inf	5.4971942139e+02	7.7851610258e-03	7.1200136043e+01	3.9360277355e-02	5.7099647522e+00	2.4697408676e+00
1.8000000000e+01	5.5068965517e+02	1.0000000000e+01	0.0000000000e+00	1.0000000000e+00	5.5181799316e+02	1.1283379916e+00	5.1962040365e-02	3.7141634664e+01	5.1962040365e-01	1.2380544888e+00	8.7883744623e-01	5.5097857666e+02	8.2754045725e-02	3.8900130360e+01	1.0007095523e-02	3.9603710175e+00	2.4794783592e+00
1.8000000000e+01	5.5068965517e+02	1.1000000000e+01	0.0000000000e+00	0.0000000000e+00	5.4720117188e+02	3.4884832974e+00	2.5884199422e-03	6.7765481502e+01	inf	inf	inf	5.5013916016e+02	2.1468787454e-03	6.8567116283e+01	3.7273179740e-02	5.6385388374e+00	2.4711699486e+00
1.8000000000e+01	5.5068965517e+02	1.2000000000e+01	0.0000000000e+00	1.0000000000e+00	5.5013916016e+02	5.5049501616e-01	1.0786571354e-01	3.6839401915e+01	1.0786571354e+00	1.2279800638e+00	1.1533185996e+00	5.4929974365e+02	9.4126239419e-02	3.5897115226e+01	8.2061318681e-03	3.8045639992e+00	2.4741420746e+00
1.8000000000e+01	5.5068965517e+02	1.3000000000e+01	0.0000000000e+00	0.0000000000e+00	5.4678149414e+02	3.9081610318e+00	1.0959880054e-01	3.5687952536e+01	inf	inf	inf	5.4846032715e+02	9.5920428634e-02	3.5324361666e+01	7.9598287120e-03	3.7784442902e+00	2.4709858894e+00
1.8000000000e+01	5.5068965517e+02	1.4000000000e+01	0.0000000000e+00	1.0000000000e+00	5.5055883789e+02	1.3081728179e-01	1.1541001499e-02	4.8206132122e+01	1.1541001499e-01	1.6068710707e+00	8.6114054285e-01	5.5097857666e+02	1.6648091376e-02	4.8372680375e+01	1.7736369744e-02	4.7263984680e+00	2.4831728935e+00
1.8000000000e+01	5.5068965517e+02	1.5000000000e+01	0.0000000000e+00	0.0000000000e+00	5.4636175537e+02	4.3278998013e+00	5.6518818019e-04	8.5541254024e+01	inf	inf	inf	5.4846032715e+02	9.6186879091e-04	8.7791243297e+01	5.9890080243e-02	6.3551855087e+00	2.4483909607e+00
1.8000000000e+01	5.5068965517e+02	1.6000000000e+01	1.0000000000e+00	1.0000000000e+00	5.5265740967e+02	1.9677544956e+00	2.6750987396e-02	3.9462602942e+01	2.6750987396e-01	1.3154200981e+00	7.9146498601e-01	5.5181799316e+02	7.5105920434e-02	4.1483578988e+01	1.2660795823e-02	4.0899872780e+00	2.4853315353e+00
1.8000000000e+01	5.5068965517e+02	1.7000000000e+01	0.0000000000e+00	1.0000000000e+00	5.5181799316e+02	1.1283379916e+00	5.3871501237e-02	3.7656423095e+01	5.3871501237e-01	1.2552141032e+00	8.9696455777e-01	5.4971942139e+02	6.8577319384e-02	3.8171538778e+01	9.6863936633e-03	4.0043268204e+00	2.4753243923e+00
1.8000000000e+01	5.5068965517e+02	1.8000000000e+01	0.0000000000e+00	1.0000000000e+00	5.5139825439e+02	7.0859922212e-01	1.0758658499e-01	3.5352206895e+01	1.0758658499e+00	1.1784068965e+00	1.1271363732e+00	5.5013916016e+02	1.1855177581e-01	3.4868323511e+01	8.4033468738e-03	3.6565041542e+00	2.4749469757e+00
1.8000000000e+01	5.5068965517e+02	1.9000000000e+01	0.0000000000e+00	0.0000000000e+00	5.4636175537e+02	4.3278998013e+00	5.4551812354e-04	8.6295836202e+01	inf	inf	inf	5.4636175537e+02	1.7699711025e-03	8.9738609230e+01	6.0514349490e-02	6.3833417892e+00	2.4443075657e+00
1.9000000000e+01	5.5896551724e+02	0.0000000000e+00	0.0000000000e+00	1.0000000000e+00	5.6021215820e+02	1.2466409617e+00	3.2650851645e-03	6.4876551012e+01	3.2650851645e-02	2.1625517004e+00	1.0976012760e+00	5.6063189697e+02	2.5418657809e-02	6.5783297477e+01	3.5504445434e-02	5.1962633133e+00	2.5319459438e+00
1.9000000000e+01	5.5896551724e+02	1.0000000000e+00	0.0000000000e+00	0.0000000000e+00	5.5265740967e+02	6.3081075734e+00	2.1372002084e-03	7.1811151837e+01	inf	inf	inf	5.5559539795e+02	2.7184349019e-03	7.0677563225e+01	4.2813513428e-02	5.6003074646e+00	2.5138759613e+00
1.9000000000e+01	5.5896551724e+02	2.0000000000e+00	0.0000000000e+00	1.0000000000e+00	5.5811364746e+02	8.5186978044e-01	2.4926008284e-01	3.0709662055e+01	2.4926008284e+00	1.0236554018e+00	1.7581281151e+00	5.5853332520e+02	2.4717496336e-01	3.1006525270e+01	1.1892687529e-02	2.9420247078e+00	2.5306859016e+00
1.9000000000e+01	5.5896551724e+02	3.0000000000e+00	0.0000000000e+00	0.0000000000e+00	5.5391650391e+02	5.0490133351e+00	7.3723390698e-02	3.5374244848e+01	inf	inf	inf	5.5811364746e+02	8.3664812148e-02	3.8172159661e+01	9.6953697503e-03	3.6846890450e+00	2.5156974792e+00
1.9000000000e+01	5.5896551724e+02	4.0000000000e+00	0.0000000000e+00	1.0000000000e+00	5.5727423096e+02	1.6912862843e+00	2.0039693918e-03	7.2799331133e+01	2.0039693918e-02	2.4266443711e+00	1.2233420325e+00	5.5559539795e+02	8.1078987569e-03	7.3848212078e+01	4.3878316879e-02	5.6333293915e+00	2.5145525932e+00
1.9000000000e+01	5.5896551724e+02	5.0000000000e+00	1.0000000000e+00	1.0000000000e+00	5.6021215820e+02	1.2466409617e+00	7.3691001162e-03	5.3944654684e+01	7.3691001162e-02	1.7981551561e+00	9.3592307864e-01	5.5853332520e+02	2.3317424580e-02	5.2415357985e+01	2.4127710611e-02	4.7048616409e+00	2.5290470123e+00
1.9000000000e+01	5.5896551724e+02	6.0000000000e+00	0.0000000000e+00	0.0000000000e+00	5.5685449219e+02	2.1110250539e+00	2.9493656754e-01	2.8107600747e+01	inf	inf	inf	5.5727423096e+02	2.9521855712e-01	2.7869281777e+01	1.2581795454e-02	2.7540454865e+00	2.5049810410e+00
1.9000000000e+01	5.5896551724e+02	7.0000000000e+00	0.0000000000e+00	0.0000000000e+00	5.6105157471e+02	2.0860574657e+00	1.6797836125e-01	3.2366083144e+01	inf	inf	inf	5.5895306396e+02	1.7298544943e-01	3.2367196989e+01	1.0130368173e-02	3.2051560879e+00	2.5315213203e+00
1.9000000000e+01	5.5896551724e+02	8.0000000000e+00	0.0000000000e+00	0.0000000000e+00	5.6105157471e+02	2.0860574657e+00	1.2325389683e-01	3.3081239805e+01	inf	inf	inf	5.5979248047e+02	1.4573578537e-01	3.4465411268e+01	1.1633640155e-02	3.3325247765e+00	2.5355081558e+00
1.9000000000e+01	5.5896551724e+02	9.0000000000e+00	0.0000000000e+00	1.0000000000e+00	5.5895306396e+02	1.2453276536e-02	1.8738000654e-03	7.4519583334e+01	1.8738000654e-02	2.4839861111e+00	1.2513620559e+00	5.5559539795e+02	8.0834086984e-03	7.5472839757e+01	4.5882254839e-02	5.6825947762e+00	2.5172336102e+00
1.9000000000e+01	5.5896551724e+02	1.0000000000e+01	0.0000000000e+00	0.0000000000e+00	5.6105157471e+02	2.0860574657e+00	6.2204740942e-02	3.7870181976e+01	inf	inf	inf	5.5979248047e+02	8.0366246402e-02	3.9956788633e+01	1.3065123931e-02	3.7649531364e+00	2.5341172218e+00
1.9000000000e+01	5.5896551724e+02	1.1000000000e+01	0.0000000000e+00	0.0000000000e+00	5.5265740967e+02	6.3081075734e+00	2.1332765464e-03	7.1845267571e+01	inf	inf	inf	5.5559539795e+02	2.3374678567e-03	7.0546782506e+01	4.2849238962e-02	5.6018886566e+00	2.5138659477e+00
1.9000000000e+01	5.5896551724e+02	1.2000000000e+01	0.0000000000e+00	1.0000000000e+00	5.5769390869e+02	1.2716085500e+00	1.0657458007e-01	3.5974788265e+01	1.0657458007e+00	1.1991596088e+00	1.1324527048e+00	5.5811364746e+02	9.4048976898e-02	3.7908710534e+01	9.0345302597e-03	3.6284685135e+00	2.5236239433e+00
1.9000000000e+01	5.5896551724e+02	1.3000000000e+01	0.0000000000e+00	0.0000000000e+00	5.5349682617e+02	5.4686910695e+00	8.4003582597e-02	3.4830535208e+01	inf	inf	inf	5.5811364746e+02	9.4784840941e-02	3.7419944040e+01	9.5811961219e-03	3.6212258339e+00	2.5169456005e+00
1.9000000000e+01	5.5896551724e+02	1.4000000000e+01	0.0000000000e+00	1.0000000000e+00	5.5811364746e+02	8.5186978044e-01	1.0511455126e-02	5.3006745915e+01	1.0511455126e-01	1.7668915305e+00	9.3600304088e-01	5.5769390869e+02	1.7506022006e-02	5.1222178880e+01	2.1175274625e-02	4.6824212074e+00	2.5225625038e+00
1.9000000000e+01	5.5896551724e+02	1.5000000000e+01	0.0000000000e+00	0.0000000000e+00	5.5265740967e+02	6.3081075734e+00	5.8349536266e-04	9.1519039283e+01	inf	inf	inf	5.5307708740e+02	1.3110382715e-03	9.1061131509e+01	6.7518375814e-02	6.3522005081e+00	2.4920210838e+00
1.9000000000e+01	5.5896551724e+02	1.6000000000e+01	0.0000000000e+00	0.0000000000e+00	5.6273040771e+02	3.7648904735e+00	3.9124041796e-02	3.8943720674e+01	inf	inf	inf	5.5979248047e+02	8.0410234630e-02	4.3028766271e+01	1.4197682030e-02	3.9022922516e+00	2.5351433754e+00
1.9000000000e+01	5.5896551724e+02	1.7000000000e+01	0.0000000000e+00	1.0000000000e+00	5.5811364746e+02	8.5186978044e-01	7.3087833822e-02	3.9310001452e+01	7.3087833822e-01	1.3103333817e+00	1.0206058600e+00	5.5811364746e+02	6.7825600505e-02	4.0931305445e+01	1.0903512128e-02	3.8686943054e+00	2.5205290318e+00
1.9000000000e+01	5.5896551724e+02	1.8000000000e+01	0.0000000000e+00	1.0000000000e+00	5.5895306396e+02	1.2453276536e-02	1.3027925789e-01	3.6298893402e+01	1.3027925789e+00	1.2099631134e+00	1.2563778462e+00	5.5895306396e+02	1.1615535617e-01	3.6532727153e+01	9.6871703863e-03	3.4987516403e+00	2.5296113491e+00
1.9000000000e+01	5.5896551724e+02	1.9000000000e+01	0.0000000000e+00	0.0000000000e+00	5.5265740967e+02	6.3081075734e+00	5.5463396711e-04	9.1812070915e+01	inf	inf	inf	5.5475592041e+02	2.6937311050e-03	9.3696950088e+01	6.8036153913e-02	6.3829441071e+00	2.4861559868e+00
2.0000000000e+01	5.6724137931e+02	0.0000000000e+00	0.0000000000e+00	1.0000000000e+00	5.6902606201e+02	1.7846827014e+00	2.9202697333e-03	6.6796096392e+01	2.9202697333e-02	2.2265365464e+00	1.1278696219e+00	5.6986547852e+02	1.5393522568e-02	6.7462661955e+01	3.8827676326e-02	5.1157093048e+00	2.5829803944e+00
2.0000000000e+01	5.6724137931e+02	1.0000000000e+00	0.0000000000e+00	0.0000000000e+00	5.6273040771e+02	4.5109715955e+00	1.8469722709e-03	7.6893811614e+01	inf	inf	inf	5.6398956299e+02	4.1255666874e-03	7.6732055408e+01	4.9320582300e-02	5.5836896896e+00	2.5596361160e+00
2.0000000000e+01	5.6724137931e+02	2.0000000000e+00	0.0000000000e+00	1.0000000000e+00	5.6860638428e+02	1.3650049670e+00	2.0237171650e-01	2.8138760344e+01	2.0237171650e+00	9.3795867814e-01	1.4808379216e+00	5.6860638428e+02	2.2777332366e-01	2.9289599030e+01	1.3337973505e-02	2.8326349258e+00	2.5879554749e+00
2.0000000000e+01	5.6724137931e+02	3.0000000000e+00	0.0000000000e+00	1.0000000000e+00	5.6650781250e+02	7.3356681034e-01	9.7422890365e-02	3.8657255391e+01	9.7422890365e-01	1.2885751797e+00	1.1314020417e+00	5.6650781250e+02	9.7452767193e-02	3.9680331110e+01	1.2474389747e-02	3.5901498795e+00	2.5708954334e+00
2.0000000000e+01	5.6724137931e+02	4.0000000000e+00	0.0000000000e+00	1.0000000000e+00	5.6818664551e+02	9.4526619747e-01	1.9773289096e-03	7.7766483578e+01	1.9773289096e-02	2.5922161193e+00	1.3059947042e+00	5.6650781250e+02	8.8495630771e-03	7.7528742686e+01	5.0500426441e-02	5.5581865311e+00	2.5676155090e+00
2.0000000000e+01	5.6724137931e+02	5.0000000000e+00	0.0000000000e+00	1.0000000000e+00	5.6818664551e+02	9.4526619747e-01	1.4948601834e-02	5.0724423503e+01	1.4948601834e-01	1.6908141168e+00	9.2015006756e-01	5.6776696777e+02	2.2510878742e-02	5.4370279722e+01	2.1986613050e-02	4.5672664642e+00	2.5815517902e+00
2.0000000000e+01	5.6724137931e+02	6.0000000000e+00	0.0000000000e+00	1.0000000000e+00	5.6650781250e+02	7.3356681034e-01	3.3983230591e-01	3.2268465456e+01	3.3983230591e+00	1.0756155152e+00	2.2369692871e+00	5.6650781250e+02	2.9649755359e-01	3.0053934777e+01	1.4262604527e-02	2.6950073242e+00	2.5616645813e+00
2.0000000000e+01	5.6724137931e+02	7.0000000000e+00	0.0000000000e+00	1.0000000000e+00	5.6650781250e+02	7.3356681034e-01	1.6720426083e-01	3.2910003741e+01	1.6720426083e+00	1.0970001247e+00	1.3845213665e+00	5.6734722900e+02	1.7231406271e-01	3.2536570040e+01	1.0682731867e-02	3.0979449749e+00	2.5840373039e+00
2.0000000000e+01	5.6724137931e+02	8.0000000000e+00	0.0000000000e+00	1.0000000000e+00	5.6776696777e+02	5.2558846309e-01	1.1529684067e-01	3.2810017348e+01	1.1529684067e+00	1.0936672449e+00	1.1233178258e+00	5.6860638428e+02	1.4820559323e-01	3.4443617252e+01	1.1240351014e-02	3.2030339241e+00	2.5903673172e+00
2.0000000000e+01	5.6724137931e+02	9.0000000000e+00	0.0000000000e+00	1.0000000000e+00	5.6818664551e+02	9.4526619747e-01	1.7531635240e-03	7.9285937619e+01	1.7531635240e-02	2.6428645873e+00	1.3301981113e+00	5.6650781250e+02	8.0719580874e-03	7.8798839319e+01	5.2494876087e-02	5.6210832596e+00	2.5674362183e+00
2.0000000000e+01	5.6724137931e+02	1.0000000000e+01	1.0000000000e+00	1.0000000000e+00	5.6860638428e+02	1.3650049670e+00	5.4581090808e-02	3.7505093041e+01	5.4581090808e-01	1.2501697680e+00	8.9799033805e-01	5.6860638428e+02	8.5659451783e-02	3.9307117599e+01	1.4616947621e-02	3.6187329292e+00	2.5917000771e+00
2.0000000000e+01	5.6724137931e+02	1.1000000000e+01	0.0000000000e+00	0.0000000000e+00	5.6273040771e+02	4.5109715955e+00	1.8518955912e-03	7.6877292651e+01	inf	inf	inf	5.6398956299e+02	3.6561046727e-03	7.6877309395e+01	4.9297656864e-02	5.5816588402e+00	2.5598039627e+00
2.0000000000e+01	5.6724137931e+02	1.2000000000e+01	0.0000000000e+00	1.0000000000e+00	5.6860638428e+02	1.3650049670e+00	9.7957335413e-02	3.6694541730e+01	9.7957335413e-01	1.2231513910e+00	1.1013623726e+00	5.6734722900e+02	1.0512234271e-01	3.8448790308e+01	1.2456404045e-02	3.4953444004e+00	2.5770359039e+00
2.0000000000e+01	5.6724137931e+02	1.3000000000e+01	0.0000000000e+00	1.0000000000e+00	5.6650781250e+02	7.3356681034e-01	1.0242686421e-01	3.6332371545e+01	1.0242686421e+00	1.2110790515e+00	1.1176738468e+00	5.6608813477e+02	1.1074514687e-01	3.8233260859e+01	1.1311657727e-02	3.4844763279e+00	2.5708506107e+00
2.0000000000e+01	5.6724137931e+02	1.4000000000e+01	0.0000000000e+00	0.0000000000e+00	5.6273040771e+02	4.5109715955e+00	1.0981814936e-02	4.9474638892e+01	inf	inf	inf	5.6608813477e+02	2.1428860724e-02	5.3824123078e+01	2.0649952814e-02	4.5695619583e+00	2.5690798759e+00
2.0000000000e+01	5.6724137931e+02	1.5000000000e+01	0.0000000000e+00	0.0000000000e+00	5.6273040771e+02	4.5109715955e+00	4.2323730304e-04	9.6869621416e+01	inf	inf	inf	5.6273040771e+02	2.2043890785e-03	9.6979096659e+01	7.5889535248e-02	6.3473052979e+00	2.5477895737e+00
2.0000000000e+01	5.6724137931e+02	1.6000000000e+01	0.0000000000e+00	0.0000000000e+00	5.7070489502e+02	3.4635157092e+00	5.1711946726e-02	3.8916392702e+01	inf	inf	inf	5.6902606201e+02	6.5287582576e-02	4.0768087165e+01	1.5619376674e-02	3.7813105583e+00	2.5914897919e+00
2.0000000000e+01	5.6724137931e+02	1.7000000000e+01	0.0000000000e+00	1.0000000000e+00	5.6860638428e+02	1.3650049670e+00	5.6156717241e-02	3.7639635222e+01	5.6156717241e-01	1.2546545074e+00	9.0811083990e-01	5.6734722900e+02	8.0511316657e-02	4.0814924970e+01	1.3773127459e-02	3.7136976719e+00	2.5784687996e+00
2.0000000000e+01	5.6724137931e+02	1.8000000000e+01	0.0000000000e+00	1.0000000000e+00	5.6860638428e+02	1.3650049670e+00	9.2509105802e-02	3.3534187397e+01	9.2509105802e-01	1.1178062466e+00	1.0214486523e+00	5.6734722900e+02	1.2236345559e-01	3.6501152388e+01	1.2084153481e-02	3.3577423096e+00	2.5851130486e+00
2.0000000000e+01	5.6724137931e+02	1.9000000000e+01	0.0000000000e+00	0.0000000000e+00	5.6273040771e+02	4.5109715955e+00	4.1516992496e-04	9.7026211690e+01	inf	inf	inf	5.6650781250e+02	3.3543710597e-03	9.8940194136e+01	7.6109528542e-02	6.3534288406e+00	2.5475859642e+00
2.1000000000e+01	5.7551724138e+02	0.0000000000e+00	0.0000000000e+00	1.0000000000e+00	5.7448229980e+02	1.0349415746e+00	2.1181369666e-03	6.6518414497e+01	2.1181369666e-02	2.2172804832e+00	1.1192309265e+00	5.7783996582e+02	1.1640885845e-02	6.8527135144e+01	3.8675025105e-02	5.1006331444e+00	2.6236157417e+00
2.1000000000e+01	5.7551724138e+02	1.0000000000e+00	0.0000000000e+00	0.0000000000e+00	5.7070489502e+02	4.8123463598e+00	9.1427122243e-04	7.8988466090e+01	inf	inf	inf	5.7154431152e+02	4.4758440927e-03	8.0423984724e+01	5.3752284497e-02	5.5776472092e+00	2.6063747406e+00
2.1000000000e+01	5.7551724138e+02	2.0000000000e+00	0.0000000000e+00	0.0000000000e+00	5.7783996582e+02	2.3227244410e+00	1.6436047852e-01	2.6365954466e+01	inf	inf	inf	5.7700054932e+02	2.0150260627e-01	2.9651738906e+01	1.5851994976e-02	2.8957462311e+00	2.6408944130e+00
2.1000000000e+01	5.7551724138e+02	3.0000000000e+00	0.0000000000e+00	0.0000000000e+00	5.7070489502e+02	4.8123463598e+00	6.8321764469e-02	3.7772789992e+01	inf	inf	inf	5.7532171631e+02	9.3745455146e-02	3.8895648913e+01	1.3908071443e-02	3.5667157173e+00	2.6174471378e+00
2.1000000000e+01	5.7551724138e+02	4.0000000000e+00	0.0000000000e+00	0.0000000000e+00	5.7070489502e+02	4.8123463598e+00	9.5968291862e-04	7.8210760511e+01	inf	inf	inf	5.7364288330e+02	5.8794911020e-03	7.9878289123e+01	5.2621863782e-02	5.5293850899e+00	2.6117491722e+00
2.1000000000e+01	5.7551724138e+02	5.0000000000e+00	0.0000000000e+00	1.0000000000e+00	5.7406256104e+02	1.4546803442e+00	6.1027486809e-03	5.5364047881e+01	6.1027486809e-02	1.8454682627e+00	9.5324787475e-01	5.7532171631e+02	1.9113238901e-02	5.5151289388e+01	2.7953792363e-02	4.5704240799e+00	2.6221485138e+00
2.1000000000e+01	5.7551724138e+02	6.0000000000e+00	0.0000000000e+00	0.0000000000e+00	5.7112463379e+02	4.3926075902e+00	2.7561062574e-01	2.7690798816e+01	inf	inf	inf	5.7406256104e+02	3.0175927281e-01	3.0399504477e+01	1.5892187133e-02	2.6685943604e+00	2.6169412136e+00
2.1000000000e+01	5.7551724138e+02	7.0000000000e+00	0.0000000000e+00	0.0000000000e+00	5.7825970459e+02	2.7424632105e+00	1.5644259751e-01	3.4013254825e+01	inf	inf	inf	5.7700054932e+02	1.4791466296e-01	3.2287467318e+01	1.5509012155e-02	3.1284995079e+00	2.6335172653e+00
2.1000000000e+01	5.7551724138e+02	8.0000000000e+00	0.0000000000e+00	0.0000000000e+00	5.7825970459e+02	2.7424632105e+00	1.0919465870e-01	3.3713636611e+01	inf	inf	inf	5.7825970459e+02	1.1942861974e-01	3.4453476040e+01	1.6080940142e-02	3.2555789948e+00	2.6382935047e+00
2.1000000000e+01	5.7551724138e+02	9.0000000000e+00	0.0000000000e+00	0.0000000000e+00	5.7070489502e+02	4.8123463598e+00	9.0017390903e-04	7.9819571290e+01	inf	inf	inf	5.7280346680e+02	5.5413390510e-03	8.1389552373e+01	5.4690450430e-02	5.5844898224e+00	2.6107497215e+00
2.1000000000e+01	5.7551724138e+02	1.0000000000e+01	0.0000000000e+00	1.0000000000e+00	5.7658087158e+02	1.0636302027e+00	6.8566292524e-02	3.8740063617e+01	6.8566292524e-01	1.2913354539e+00	9.8849918957e-01	5.7825970459e+02	7.3075428605e-02	3.9349753627e+01	1.5811657533e-02	3.6003167629e+00	2.6329071522e+00
2.1000000000e+01	5.7551724138e+02	1.1000000000e+01	0.0000000000e+00	0.0000000000e+00	5.7070489502e+02	4.8123463598e+00	9.0880400967e-04	7.9103587081e+01	inf	inf	inf	5.7154431152e+02	4.1300556622e-03	8.0404866472e+01	5.3916357458e-02	5.5847773552e+00	2.6055655479e+00
2.1000000000e+01	5.7551724138e+02	1.2000000000e+01	0.0000000000e+00	1.0000000000e+00	5.7406256104e+02	1.4546803442e+00	9.7843974829e-02	3.7672660553e+01	9.7843974829e-01	1.2557553518e+00	1.1170975500e+00	5.7658087158e+02	9.9503025413e-02	3.8237512725e+01	1.3145253994e-02	3.5032143593e+00	2.6245200634e+00
2.1000000000e+01	5.7551724138e+02	1.3000000000e+01	0.0000000000e+00	0.0000000000e+00	5.7322314453e+02	2.2940968481e+00	1.0064958036e-01	3.7657522285e+01	inf	inf	inf	5.7532171631e+02	1.0613680631e-01	3.7933629593e+01	1.3132316060e-02	3.4818472862e+00	2.6194376945e+00
2.1000000000e+01	5.7551724138e+02	1.4000000000e+01	0.0000000000e+00	0.0000000000e+00	5.7070489502e+02	4.8123463598e+00	5.4111173376e-03	5.3788138298e+01	inf	inf	inf	5.7406256104e+02	1.8915608525e-02	5.5323405615e+01	2.6613345370e-02	4.5795650482e+00	2.6109898090e+00
2.1000000000e+01	5.7551724138e+02	1.5000000000e+01	0.0000000000e+00	0.0000000000e+00	5.7070489502e+02	4.8123463598e+00	3.8817842142e-04	1.0109879349e+02	inf	inf	inf	5.7238372803e+02	1.7316582380e-03	1.0132674355e+02	8.3306439221e-02	6.2961745262e+00	2.6034626961e+00
2.1000000000e+01	5.7551724138e+02	1.6000000000e+01	0.0000000000e+00	0.0000000000e+00	5.7783996582e+02	2.3227244410e+00	4.9446474761e-02	4.0703888972e+01	inf	inf	inf	5.7783996582e+02	5.7921532542e-02	4.2008071931e+01	1.8800223246e-02	3.7746527195e+00	2.6333947182e+00
2.1000000000e+01	5.7551724138e+02	1.7000000000e+01	1.0000000000e+00	1.0000000000e+00	5.7364288330e+02	1.8743580785e+00	5.6704789400e-02	3.9401408597e+01	5.6704789400e-01	1.3133802866e+00	9.4021409029e-01	5.7658087158e+02	7.3684841394e-02	4.0651886169e+01	1.4996610582e-02	3.6875760555e+00	2.6233606339e+00
2.1000000000e+01	5.7551724138e+02	1.8000000000e+01	0.0000000000e+00	1.0000000000e+00	5.7742028809e+02	1.9030467066e+00	9.7892940044e-02	3.6842751313e+01	9.7892940044e-01	1.2280917104e+00	1.1035105554e+00	5.7700054932e+02	1.0820952058e-01	3.6432391440e+01	1.3912877068e-02	3.3852410316e+00	2.6323735714e+00
2.1000000000e+01	5.7551724138e+02	1.9000000000e+01	0.0000000000e+00	0.0000000000e+00	5.7070489502e+02	4.8123463598e+00	3.8603859139e-04	1.0100379974e+02	inf	inf	inf	5.7490197754e+02	2.1679818165e-03	1.0069862525e+02	8.3146654069e-02	6.2947292328e+00	2.6025218964e+00
2.2000000000e+01	5.8379310345e+02	0.0000000000e+00	0.0000000000e+00	0.0000000000e+00	5.8077795410e+02	3.0151493467e+00	2.1274469327e-03	7.1767321940e+01	inf	inf	inf	5.8581445312e+02	6.8926699460e-03	7.1346317164e+01	4.7613482922e-02	5.1780605316e+00	2.6666617393e+00
2.2000000000e+01	5.8379310345e+02	1.0000000000e+00	0.0000000000e+00	0.0000000000e+00	5.8077795410e+02	3.0151493467e+00	9.6889038105e-04	8.0378144021e+01	inf	inf	inf	5.8119763184e+02	3.9589744993e-03	8.1726279347e+01	5.8220878243e-02	5.5413951874e+00	2.6516821384e+00
2.2000000000e+01	5.8379310345e+02	2.0000000000e+00	0.0000000000e+00	1.0000000000e+00	5.8539471436e+02	1.6016109072e+00	1.7113071680e-01	2.8655599094e+01	1.7113071680e+00	9.5518663646e-01	1.3332469022e+00	5.8539471436e+02	2.0297887921e-01	3.1357564324e+01	1.8505649641e-02	2.9087255001e+00	2.6888055801e+00
2.2000000000e+01	5.8379310345e+02	3.0000000000e+00	0.0000000000e+00	1.0000000000e+00	5.8245678711e+02	1.3363163389e+00	9.9922567606e-02	3.9566700560e+01	9.9922567606e-01	1.3188900187e+00	1.1590578474e+00	5.8161737061e+02	8.4396935999e-02	3.9930967618e+01	1.6951341182e-02	3.5639729500e+00	2.6684336662e+00
2.2000000000e+01	5.8379310345e+02	4.0000000000e+00	0.0000000000e+00	0.0000000000e+00	5.8077795410e+02	3.0151493467e+00	1.0850090766e-03	7.9439140731e+01	inf	inf	inf	5.8245678711e+02	4.4273878448e-03	8.0868677493e+01	5.6769814342e-02	5.5007352829e+00	2.6575212479e+00
2.2000000000e+01	5.8379310345e+02	5.0000000000e+00	0.0000000000e+00	0.0000000000e+00	5.8077795410e+02	3.0151493467e+00	7.3633440770e-03	5.4089699533e+01	inf	inf	inf	5.8497503662e+02	1.6352089122e-02	5.6192776683e+01	2.8352385387e-02	4.5392789841e+00	2.6706404686e+00
2.2000000000e+01	5.8379310345e+02	6.0000000000e+00	0.0000000000e+00	0.0000000000e+00	5.7993853760e+02	3.8545658506e+00	3.0319103599e-01	3.1884990438e+01	inf	inf	inf	5.8119763184e+02	2.4640992284e-01	2.9165003558e+01	1.9409496337e-02	2.7366955280e+00	2.6698951721e+00
2.2000000000e+01	5.8379310345e+02	7.0000000000e+00	0.0000000000e+00	1.0000000000e+00	5.8287646484e+02	9.1663860453e-01	1.4693237841e-01	3.1456491870e+01	1.4693237841e+00	1.0485497290e+00	1.2589367566e+00	5.8413562012e+02	1.4347605407e-01	3.4023994523e+01	1.6872439533e-02	3.1915509701e+00	2.6752266884e+00
2.2000000000e+01	5.8379310345e+02	8.0000000000e+00	0.0000000000e+00	1.0000000000e+00	5.8455529785e+02	7.6219440329e-01	1.0555341095e-01	3.3710186058e+01	1.0555341095e+00	1.1236728686e+00	1.0896034890e+00	5.8497503662e+02	1.2155564874e-01	3.5871389162e+01	1.8379837275e-02	3.3207807541e+00	2.6801018715e+00
2.2000000000e+01	5.8379310345e+02	9.0000000000e+00	0.0000000000e+00	0.0000000000e+00	5.8077795410e+02	3.0151493467e+00	1.0676343227e-03	8.0521784768e+01	inf	inf	inf	5.8245678711e+02	4.2155319825e-03	8.2131693843e+01	5.8183204383e-02	5.5444617271e+00	2.6562457085e+00
2.2000000000e+01	5.8379310345e+02	1.0000000000e+01	0.0000000000e+00	0.0000000000e+00	5.8581445312e+02	2.0213496767e+00	5.8787792921e-02	4.0460440900e+01	inf	inf	inf	5.8539471436e+02	5.9549529105e-02	4.0558074880e+01	2.1340461448e-02	3.6753458977e+00	2.6831221581e+00
2.2000000000e+01	5.8379310345e+02	1.1000000000e+01	0.0000000000e+00	0.0000000000e+00	5.8077795410e+02	3.0151493467e+00	9.2142529320e-04	8.1098882308e+01	inf	inf	inf	5.8077795410e+02	3.8398124743e-03	8.2128180496e+01	5.9203941375e-02	5.5698266029e+00	2.6489529610e+00
2.2000000000e+01	5.8379310345e+02	1.2000000000e+01	0.0000000000e+00	1.0000000000e+00	5.8371588135e+02	7.7222100620e-02	1.1690141261e-01	3.9092459005e+01	1.1690141261e+00	1.3030819668e+00	1.2360480464e+00	5.8329620361e+02	9.3333199620e-02	3.8537471751e+01	1.7395257950e-02	3.4898729324e+00	2.6727294922e+00
2.2000000000e+01	5.8379310345e+02	1.3000000000e+01	0.0000000000e+00	1.0000000000e+00	5.8245678711e+02	1.3363163389e+00	1.1391677707e-01	3.8307499552e+01	1.1391677707e+00	1.2769166517e+00	1.2080422112e+00	5.8203704834e+02	9.4984166324e-02	3.8282508851e+01	1.6472857445e-02	3.4794492722e+00	2.6679100990e+00
2.2000000000e+01	5.8379310345e+02	1.4000000000e+01	0.0000000000e+00	0.0000000000e+00	5.8077795410e+02	3.0151493467e+00	5.0706081092e-03	5.5396581688e+01	inf	inf	inf	5.8287646484e+02	1.7888555303e-02	5.6802035942e+01	2.9333503917e-02	4.5903139114e+00	2.6602401733e+00
2.2000000000e+01	5.8379310345e+02	1.5000000000e+01	0.0000000000e+00	0.0000000000e+00	5.8077795410e+02	3.0151493467e+00	7.7545607928e-04	1.0368931213e+02	inf	inf	inf	5.8119763184e+02	1.1124870507e-03	1.0347246071e+02	9.2031493783e-02	6.3118309975e+00	2.6503443718e+00
2.2000000000e+01	5.8379310345e+02	1.6000000000e+01	0.0000000000e+00	0.0000000000e+00	5.8581445312e+02	2.0213496767e+00	3.0419275165e-02	4.2735258388e+01	inf	inf	inf	5.8581445312e+02	4.4295206666e-02	4.3442031963e+01	2.3181507364e-02	3.8740177155e+00	2.6842513084e+00
2.2000000000e+01	5.8379310345e+02	1.7000000000e+01	1.0000000000e+00	1.0000000000e+00	5.8455529785e+02	7.6219440329e-01	6.0235142708e-02	4.1147696994e+01	6.0235142708e-01	1.3715898998e+00	9.8697066345e-01	5.8413562012e+02	6.2787130475e-02	4.1287273000e+01	1.9289372489e-02	3.7096548080e+00	2.6745915413e+00
2.2000000000e+01	5.8379310345e+02	1.8000000000e+01	0.0000000000e+00	1.0000000000e+00	5.8497503662e+02	1.1819331728e+00	1.0942281783e-01	3.7110246975e+01	1.0942281783e+00	1.2370082325e+00	1.1656182054e+00	5.8413562012e+02	1.0504743457e-01	3.7153983883e+01	1.8517773598e-02	3.4082238674e+00	2.6776394844e+00
2.2000000000e+01	5.8379310345e+02	1.9000000000e+01	0.0000000000e+00	0.0000000000e+00	5.8077795410e+02	3.0151493467e+00	7.3872169014e-04	1.0427825025e+02	inf	inf	inf	5.8161737061e+02	1.1612096569e-03	1.0446749439e+02	9.3442820013e-02	6.3394842148e+00	2.6496911049e+00
2.3000000000e+01	5.9206896552e+02	0.0000000000e+00	0.0000000000e+00	1.0000000000e+00	5.9169036865e+02	3.7859686490e-01	1.6361986054e-03	7.6746679280e+01	1.6361986054e-02	2.5582226427e+00	1.2872923144e+00	5.8875244141e+02	6.7932996899e-03	7.6961898626e+01	5.7838365436e-02	5.2790937424e+00	2.7207059860e+00
2.3000000000e+01	5.9206896552e+02	1.0000000000e+00	0.0000000000e+00	1.0000000000e+00	5.9085095215e+02	1.2180133688e+00	1.3372793328e-03	8.4559016116e+01	1.3372793328e-02	2.8186338705e+00	1.4160033319e+00	5.8707354736e+02	3.9152326062e-03	8.5676009183e+01	6.6229730844e-02	5.6019625664e+00	2.7009396553e+00
2.3000000000e+01	5.9206896552e+02	2.0000000000e+00	0.0000000000e+00	0.0000000000e+00	5.9504803467e+02	2.9790691507e+00	1.5708582103e-01	3.0275840658e+01	inf	inf	inf	5.9336920166e+02	1.8124032021e-01	3.2187985807e+01	2.1502235904e-02	2.9554996490e+00	2.7322931290e+00
2.3000000000e+01	5.9206896552e+02	3.0000000000e+00	0.0000000000e+00	0.0000000000e+00	5.8833270264e+02	3.7362628805e+00	4.7549806535e-02	4.1455101731e+01	inf	inf	inf	5.8959185791e+02	7.3853448033e-02	4.3093564287e+01	2.0867858082e-02	3.7293846607e+00	2.7144663334e+00
2.3000000000e+01	5.9206896552e+02	4.0000000000e+00	0.0000000000e+00	1.0000000000e+00	5.9085095215e+02	1.2180133688e+00	1.2605126249e-03	8.5038765606e+01	1.2605126249e-02	2.8346255202e+00	1.4236153232e+00	5.8791302490e+02	4.3110246770e-03	8.5887498345e+01	6.7209906876e-02	5.5898604393e+00	2.7082457542e+00
2.3000000000e+01	5.9206896552e+02	5.0000000000e+00	0.0000000000e+00	1.0000000000e+00	5.9085095215e+02	1.2180133688e+00	7.0328628644e-03	5.9993773271e+01	7.0328628644e-02	1.9997924424e+00	1.0350605355e+00	5.8959185791e+02	1.7285784706e-02	5.9965929252e+01	3.7472043186e-02	4.6276578903e+00	2.7228398323e+00
2.3000000000e+01	5.9206896552e+02	6.0000000000e+00	0.0000000000e+00	0.0000000000e+00	5.8791302490e+02	4.1559406149e+00	1.9720089436e-01	2.7796564872e+01	inf	inf	inf	5.9127069092e+02	2.3154963553e-01	3.0167198894e+01	1.8685378134e-02	2.7689676285e+00	2.7169833183e+00
2.3000000000e+01	5.9206896552e+02	7.0000000000e+00	0.0000000000e+00	1.0000000000e+00	5.9294952393e+02	8.8055840854e-01	1.1410161108e-01	3.1126557880e+01	1.1410161108e+00	1.0375519293e+00	1.0892840201e+00	5.9252978516e+02	1.3041311502e-01	3.4593667069e+01	1.8983555958e-02	3.2195315361e+00	2.7275495529e+00
2.3000000000e+01	5.9206896552e+02	8.0000000000e+00	0.0000000000e+00	0.0000000000e+00	5.9420861816e+02	2.1396526468e+00	8.0852329731e-02	3.4946204688e+01	inf	inf	inf	5.9336920166e+02	1.0999238491e-01	3.7862081781e+01	2.2608606145e-02	3.4024114609e+00	2.7324008942e+00
2.3000000000e+01	5.9206896552e+02	9.0000000000e+00	0.0000000000e+00	1.0000000000e+00	5.9085095215e+02	1.2180133688e+00	1.2559192255e-03	8.5624813805e+01	1.2559192255e-02	2.8541604602e+00	1.4333598262e+00	5.8707354736e+02	3.9751688018e-03	8.6795595777e+01	6.7869395018e-02	5.6204118729e+00	2.7040393353e+00
2.3000000000e+01	5.9206896552e+02	1.0000000000e+01	0.0000000000e+00	1.0000000000e+00	5.9169036865e+02	3.7859686490e-01	7.0036269724e-02	4.5543168776e+01	7.0036269724e-01	1.5181056259e+00	1.1092341616e+00	5.9252978516e+02	6.0889549553e-02	4.3891058740e+01	2.5163110346e-02	3.8305840492e+00	2.7263545990e+00
2.3000000000e+01	5.9206896552e+02	1.1000000000e+01	0.0000000000e+00	1.0000000000e+00	5.9085095215e+02	1.2180133688e+00	1.3526967959e-03	8.4900385679e+01	1.3526967959e-02	2.8300128560e+00	1.4217699120e+00	5.8707354736e+02	3.7754366640e-03	8.5722716440e+01	6.6669993103e-02	5.6167693138e+00	2.6990933418e+00
2.3000000000e+01	5.9206896552e+02	1.2000000000e+01	0.0000000000e+00	1.0000000000e+00	5.9085095215e+02	1.2180133688e+00	8.2429192960e-02	4.1532633138e+01	8.2429192960e-01	1.3844211046e+00	1.1043565171e+00	5.9127069092e+02	7.9556606710e-02	4.1425689382e+01	2.0578306168e-02	3.6545543671e+00	2.7202374935e+00
2.3000000000e+01	5.9206896552e+02	1.3000000000e+01	0.0000000000e+00	0.0000000000e+00	5.8833270264e+02	3.7362628805e+00	6.2570892274e-02	3.9185154658e+01	inf	inf	inf	5.8959185791e+02	8.0880299211e-02	4.0489101116e+01	1.8818167970e-02	3.6018795967e+00	2.7133305073e+00
2.3000000000e+01	5.9206896552e+02	1.4000000000e+01	0.0000000000e+00	0.0000000000e+00	5.8833270264e+02	3.7362628805e+00	6.0579986311e-03	5.8092582784e+01	inf	inf	inf	5.8875244141e+02	1.5758750960e-02	5.8968682094e+01	3.5099584609e-02	4.5904083252e+00	2.7137598991e+00
2.3000000000e+01	5.9206896552e+02	1.5000000000e+01	0.0000000000e+00	0.0000000000e+00	5.8917211914e+02	2.8968463766e+00	1.1129550403e-03	1.0765952686e+02	inf	inf	inf	5.8707354736e+02	1.2071403908e-03	1.0748773645e+02	9.9627129734e-02	6.3330392838e+00	2.6891033649e+00
2.3000000000e+01	5.9206896552e+02	1.6000000000e+01	0.0000000000e+00	0.0000000000e+00	5.9001153564e+02	2.0574298727e+00	4.5603971928e-02	4.8589015265e+01	inf	inf	inf	5.9169036865e+02	4.7939393669e-02	4.6820060334e+01	2.6084950194e-02	4.0250921249e+00	2.7264337540e+00
2.3000000000e+01	5.9206896552e+02	1.7000000000e+01	0.0000000000e+00	0.0000000000e+00	5.8833270264e+02	3.7362628805e+00	4.2828958482e-02	4.5283051229e+01	inf	inf	inf	5.9043127441e+02	5.4569404572e-02	4.4958047917e+01	2.3259116337e-02	3.8936095238e+00	2.7192935944e+00
2.3000000000e+01	5.9206896552e+02	1.8000000000e+01	1.0000000000e+00	1.0000000000e+00	5.9378894043e+02	1.7199749124e+00	7.7936626971e-02	3.8322599748e+01	7.7936626971e-01	1.2774199916e+00	1.0283931306e+00	5.9252978516e+02	9.5469899476e-02	3.9472019504e+01	2.2236287594e-02	3.5294330120e+00	2.7276301384e+00
2.3000000000e+01	5.9206896552e+02	1.9000000000e+01	0.0000000000e+00	0.0000000000e+00	5.8917211914e+02	2.8968463766e+00	1.1151152430e-03	1.0870481349e+02	inf	inf	inf	5.8749328613e+02	1.3178549707e-03	1.0881609948e+02	1.0148363560e-01	6.3780565262e+00	2.6866097450e+00
2.4000000000e+01	6.0034482759e+02	0.0000000000e+00	0.0000000000e+00	1.0000000000e+00	5.9882543945e+02	1.5193881331e+00	9.4648840604e-04	7.8767454895e+01	9.4648840604e-03	2.6255818298e+00	1.3175233569e+00	6.0092401123e+02	6.4838142134e-03	8.1456480343e+01	6.1877246946e-02	5.3617205620e+00	2.7674407959e+00
2.4000000000e+01	6.0034482759e+02	1.0000000000e+00	0.0000000000e+00	1.0000000000e+00	5.9840576172e+02	1.9390658675e+00	9.3977554934e-04	8.9375093260e+01	9.3977554934e-03	2.9791697753e+00	1.4942837654e+00	5.9924517822e+02	6.6030076705e-03	8.9280480873e+01	7.6314158738e-02	5.6600008011e+00	2.7584717274e+00
2.4000000000e+01	6.0034482759e+02	2.0000000000e+00	0.0000000000e+00	1.0000000000e+00	5.9882543945e+02	1.5193881331e+00	1.6929100454e-01	3.5435434741e+01	1.6929100454e+00	1.1811811580e+00	1.4370456017e+00	6.0050427246e+02	1.8398478627e-01	3.5216956477e+01	2.0940421149e-02	3.0463016033e+00	2.7823326588e+00
2.4000000000e+01	6.0034482759e+02	3.0000000000e+00	0.0000000000e+00	1.0000000000e+00	5.9924517822e+02	1.0996493636e+00	5.0463810563e-02	4.2883746699e+01	5.0463810563e-01	1.4294582233e+00	9.6704816446e-01	6.0008459473e+02	6.2559455633e-02	4.6050721317e+01	2.6088813320e-02	3.8031220436e+00	2.7683281898e+00
2.4000000000e+01	6.0034482759e+02	4.0000000000e+00	0.0000000000e+00	1.0000000000e+00	5.9882543945e+02	1.5193881331e+00	9.4620755408e-04	8.8110344780e+01	9.4620755408e-03	2.9370114927e+00	1.4732367841e+00	6.0050427246e+02	5.8994465508e-03	8.9003426684e+01	7.4696242809e-02	5.6299929619e+00	2.7619807720e+00
2.4000000000e+01	6.0034482759e+02	5.0000000000e+00	0.0000000000e+00	1.0000000000e+00	5.9840576172e+02	1.9390658675e+00	3.9622816257e-03	6.2270508826e+01	3.9622816257e-02	2.0756836275e+00	1.0576532219e+00	6.0050427246e+02	1.6734248027e-02	6.4721972154e+01	4.4115811586e-02	4.7512550354e+00	2.7686922550e+00
2.4000000000e+01	6.0034482759e+02	6.0000000000e+00	0.0000000000e+00	0.0000000000e+00	5.9588745117e+02	4.4573764143e+00	1.7629741132e-01	3.1390836144e+01	inf	inf	inf	5.9966485596e+02	2.4662494659e-01	3.2855411840e+01	1.9845651463e-02	2.7705798149e+00	2.7687056065e+00
2.4000000000e+01	6.0034482759e+02	7.0000000000e+00	0.0000000000e+00	0.0000000000e+00	6.0302252197e+02	2.6776943864e+00	8.0638341606e-02	3.8087718197e+01	inf	inf	inf	6.0134368896e+02	1.1767341197e-01	3.8612945559e+01	2.5435155258e-02	3.3957195282e+00	2.7802205086e+00
2.4000000000e+01	6.0034482759e+02	8.0000000000e+00	0.0000000000e+00	0.0000000000e+00	6.0302252197e+02	2.6776943864e+00	6.4181298018e-02	3.8963784335e+01	inf	inf	inf	6.0134368896e+02	8.7929271162e-02	4.1029957483e+01	2.6462281123e-02	3.5542759895e+00	2.7792947292e+00
2.4000000000e+01	6.0034482759e+02	9.0000000000e+00	0.0000000000e+00	1.0000000000e+00	5.9840576172e+02	1.9390658675e+00	9.3353836564e-04	9.0046664974e+01	9.3353836564e-03	3.0015554991e+00	1.5054454414e+00	5.9966485596e+02	5.8667398989e-03	9.0349219700e+01	7.7091529965e-02	5.6750183105e+00	2.7583403587e+00
2.4000000000e+01	6.0034482759e+02	1.0000000000e+01	0.0000000000e+00	1.0000000000e+00	6.0008459473e+02	2.6023285964e-01	3.8958143443e-02	4.4052869416e+01	3.8958143443e-01	1.4684289805e+00	9.2900520747e-01	6.0134368896e+02	4.7866497189e-02	4.7010958392e+01	2.8198657557e-02	3.9193463326e+00	2.7740285397e+00
2.4000000000e+01	6.0034482759e+02	1.1000000000e+01	0.0000000000e+00	1.0000000000e+00	5.9840576172e+02	1.9390658675e+00	9.4103254378e-04	8.9884944189e+01	9.4103254378e-03	2.9961648063e+00	1.5027875659e+00	5.9924517822e+02	6.5720900893e-03	8.9648228509e+01	7.6966859400e-02	5.6751937866e+00	2.7566885948e+00
2.4000000000e+01	6.0034482759e+02	1.2000000000e+01	0.0000000000e+00	1.0000000000e+00	6.0134368896e+02	9.9886137864e-01	5.6600652635e-02	4.2038774073e+01	5.6600652635e-01	1.4012924691e+00	9.8364949772e-01	6.0050427246e+02	6.6794954240e-02	4.4258674713e+01	2.6533577591e-02	3.7280383110e+00	2.7713079453e+00
2.4000000000e+01	6.0034482759e+02	1.3000000000e+01	0.0000000000e+00	1.0000000000e+00	5.9924517822e+02	1.0996493636e+00	6.0759525746e-02	4.2249473940e+01	6.0759525746e-01	1.4083157980e+00	1.0079555277e+00	6.0008459473e+02	7.4016854167e-02	4.3795567479e+01	2.5323919952e-02	3.6999444962e+00	2.7680788040e+00
2.4000000000e+01	6.0034482759e+02	1.4000000000e+01	0.0000000000e+00	1.0000000000e+00	5.9840576172e+02	1.9390658675e+00	3.4472912084e-03	6.2737122944e+01	3.4472912084e-02	2.0912374315e+00	1.0628551718e+00	5.9966485596e+02	2.0656269044e-02	6.5014730981e+01	4.3764587492e-02	4.7616581917e+00	2.7639842033e+00
2.4000000000e+01	6.0034482759e+02	1.5000000000e+01	0.0000000000e+00	1.0000000000e+00	5.9840576172e+02	1.9390658675e+00	6.0455291532e-04	1.1077292945e+02	6.0455291532e-03	3.6924309817e+00	1.8492382554e+00	6.0050427246e+02	2.2685036529e-03	1.0976382767e+02	1.1131888628e-01	6.3916654587e+00	2.7459712029e+00
2.4000000000e+01	6.0034482759e+02	1.6000000000e+01	1.0000000000e+00	1.0000000000e+00	5.9882543945e+02	1.5193881331e+00	2.4705149233e-02	4.6559476549e+01	2.4705149233e-01	1.5519825516e+00	8.9951702198e-01	6.0134368896e+02	3.6720689386e-02	4.9755521075e+01	3.0507601798e-02	4.0931067467e+00	2.7735900879e+00
2.4000000000e+01	6.0034482759e+02	1.7000000000e+01	0.0000000000e+00	0.0000000000e+00	5.9798602295e+02	2.3588046370e+00	2.9612110928e-02	4.4458842932e+01	inf	inf	inf	6.0008459473e+02	4.4862143695e-02	4.7957694692e+01	2.7412755415e-02	3.9819953442e+00	2.7689492702e+00
2.4000000000e+01	6.0034482759e+02	1.8000000000e+01	0.0000000000e+00	0.0000000000e+00	6.0302252197e+02	2.6776943864e+00	6.1485372484e-02	3.9723922507e+01	inf	inf	inf	6.0134368896e+02	7.6543606818e-02	4.2287654872e+01	2.6518205181e-02	3.6267867088e+00	2.7762894630e+00
2.4000000000e+01	6.0034482759e+02	1.9000000000e+01	0.0000000000e+00	1.0000000000e+00	5.9840576172e+02	1.9390658675e+00	5.8423326118e-04	1.1184843442e+02	5.8423326118e-03	3.7282811474e+00	1.8670617400e+00	5.9840576172e+02	2.3945644498e-03	1.1180174364e+02	1.1261987686e-01	6.4262380600e+00	2.7417159081e+00
2.5000000000e+01	6.0862068966e+02	0.0000000000e+00	0.0000000000e+00	0.0000000000e+00	6.0470135498e+02	3.9193346747e+00	1.5233453596e-03	7.9669967727e+01	inf	inf	inf	6.0805902100e+02	4.4077583589e-03	8.0678914802e+01	6.9807752967e-02	5.3536558151e+00	2.8094072342e+00
2.5000000000e+01	6.0862068966e+02	1.0000000000e+00	0.0000000000e+00	1.0000000000e+00	6.0763934326e+02	9.8134639345e-01	1.1981100542e-03	9.0143980439e+01	1.1981100542e-02	3.0047993480e+00	1.5083902243e+00	6.0638018799e+02	6.8164127879e-03	8.8518275647e+01	8.1944726408e-02	5.6275367737e+00	2.8037743568e+00
2.5000000000e+01	6.0862068966e+02	2.0000000000e+00	0.0000000000e+00	1.0000000000e+00	6.0889849854e+02	2.7780887998e-01	1.8476672471e-01	3.8747235168e+01	1.8476672471e+00	1.2915745056e+00	1.5696208763e+00	6.0931817627e+02	1.5362383425e-01	3.6329496817e+01	2.5382507592e-02	3.0963935852e+00	2.8308715820e+00
2.5000000000e+01	6.0862068966e+02	3.0000000000e+00	0.0000000000e+00	0.0000000000e+00	6.0470135498e+02	3.9193346747e+00	3.0622117221e-02	4.5930435830e+01	inf	inf	inf	6.0805902100e+02	4.9581293017e-02	4.7865257692e+01	2.9605319723e-02	3.8917398453e+00	2.8074505329e+00
2.5000000000e+01	6.0862068966e+02	4.0000000000e+00	0.0000000000e+00	1.0000000000e+00	6.0763934326e+02	9.8134639345e-01	1.2233712478e-03	8.9686551991e+01	1.2233712478e-02	2.9895517330e+00	1.5008927227e+00	6.0638018799e+02	4.5674513094e-03	8.8845704759e+01	8.1497415900e-02	5.6151151657e+00	2.8049919605e+00
2.5000000000e+01	6.0862068966e+02	5.0000000000e+00	0.0000000000e+00	0.0000000000e+00	6.0470135498e+02	3.9193346747e+00	4.9148346297e-03	6.4469327728e+01	inf	inf	inf	6.0805902100e+02	1.3065686449e-02	6.6139916464e+01	4.9618966877e-02	4.7862253189e+00	2.8090300560e+00
2.5000000000e+01	6.0862068966e+02	6.0000000000e+00	0.0000000000e+00	0.0000000000e+00	6.0638018799e+02	2.2405016669e+00	2.2896632552e-01	3.5117371766e+01	inf	inf	inf	6.0805902100e+02	2.3601439595e-01	3.4615407393e+01	2.3423964158e-02	2.7746825218e+00	2.8160638809e+00
2.5000000000e+01	6.0862068966e+02	7.0000000000e+00	0.0000000000e+00	1.0000000000e+00	6.0805902100e+02	5.6166865908e-01	9.3173854053e-02	3.9802276545e+01	9.3173854053e-01	1.3267425515e+00	1.1292405460e+00	6.0847875977e+02	1.0984629393e-01	4.0587582219e+01	2.6641912758e-02	3.4054670334e+00	2.8257346153e+00
2.5000000000e+01	6.0862068966e+02	8.0000000000e+00	0.0000000000e+00	1.0000000000e+00	6.0889849854e+02	2.7780887998e-01	7.7047422528e-02	4.3127430458e+01	7.7047422528e-01	1.4375810153e+00	1.1040276203e+00	6.0931817627e+02	8.4682315588e-02	4.3043088005e+01	2.8035540134e-02	3.5514202118e+00	2.8255157471e+00
2.5000000000e+01	6.0862068966e+02	9.0000000000e+00	0.0000000000e+00	1.0000000000e+00	6.0763934326e+02	9.8134639345e-01	1.0901687201e-03	9.1259596111e+01	1.0901687201e-02	3.0419865370e+00	1.5264441121e+00	6.0428167725e+02	4.5138294809e-03	9.0306317713e+01	8.3221696317e-02	5.6602945328e+00	2.8027200699e+00
2.5000000000e+01	6.0862068966e+02	1.0000000000e+01	0.0000000000e+00	0.0000000000e+00	6.0638018799e+02	2.2405016669e+00	2.9063059017e-02	4.7263286774e+01	inf	inf	inf	6.0889849854e+02	4.2942781001e-02	4.9509612193e+01	3.0884165317e-02	3.9549584389e+00	2.8146953583e+00
2.5000000000e+01	6.0862068966e+02	1.1000000000e+01	0.0000000000e+00	1.0000000000e+00	6.0763934326e+02	9.8134639345e-01	1.1168166529e-03	9.0970120327e+01	1.1168166529e-02	3.0323373442e+00	1.5217527554e+00	6.0638018799e+02	7.1071302518e-03	8.9578638865e+01	8.2913361490e-02	5.6511678696e+00	2.8032941818e+00
2.5000000000e+01	6.0862068966e+02	1.2000000000e+01	0.0000000000e+00	0.0000000000e+00	6.0470135498e+02	3.9193346747e+00	3.7968587130e-02	4.4674463949e+01	inf	inf	inf	6.0805902100e+02	5.5229928344e-02	4.6472998183e+01	2.8659969568e-02	3.8185353279e+00	2.8093829155e+00
2.5000000000e+01	6.0862068966e+02	1.3000000000e+01	0.0000000000e+00	0.0000000000e+00	6.0470135498e+02	3.9193346747e+00	3.7079084665e-02	4.4475036293e+01	inf	inf	inf	6.0638018799e+02	5.7057708502e-02	4.6056041882e+01	2.8442565352e-02	3.8097472191e+00	2.8057131767e+00
2.5000000000e+01	6.0862068966e+02	1.4000000000e+01	0.0000000000e+00	0.0000000000e+00	6.0470135498e+02	3.9193346747e+00	4.8096366227e-03	6.3706372847e+01	inf	inf	inf	6.0638018799e+02	1.4215260744e-02	6.5449426940e+01	4.8070307821e-02	4.7718658447e+00	2.8040111065e+00
2.5000000000e+01	6.0862068966e+02	1.5000000000e+01	0.0000000000e+00	1.0000000000e+00	6.0721960449e+02	1.4010851630e+00	5.0407880917e-04	1.0891824574e+02	5.0407880917e-03	3.6306081912e+00	1.8178244897e+00	6.0302252197e+02	1.7632967792e-03	1.0660541964e+02	1.1712297797e-01	6.3630027771e+00	2.7988228798e+00
2.5000000000e+01	6.0862068966e+02	1.6000000000e+01	0.0000000000e+00	0.0000000000e+00	6.0470135498e+02	3.9193346747e+00	1.9839795306e-02	5.1248658893e+01	inf	inf	inf	6.0889849854e+02	2.9532346874e-02	5.3745266129e+01	3.4239035100e-02	4.1653251648e+00	2.8158788681e+00
2.5000000000e+01	6.0862068966e+02	1.7000000000e+01	0.0000000000e+00	0.0000000000e+00	6.0470135498e+02	3.9193346747e+00	2.2041574121e-02	4.8399665471e+01	inf	inf	inf	6.0805902100e+02	3.6594867706e-02	5.0829046761e+01	3.1750634313e-02	4.0556998253e+00	2.8093342781e+00
2.5000000000e+01	6.0862068966e+02	1.8000000000e+01	1.0000000000e+00	1.0000000000e+00	6.0763934326e+02	9.8134639345e-01	6.2180712819e-02	4.3784484272e+01	6.2180712819e-01	1.4594828091e+00	1.0406449686e+00	6.0889849854e+02	7.2116173804e-02	4.4701594655e+01	2.8213854879e-02	3.6655981541e+00	2.8196125031e+00
2.5000000000e+01	6.0862068966e+02	1.9000000000e+01	0.0000000000e+00	1.0000000000e+00	6.0721960449e+02	1.4010851630e+00	4.8050330952e-04	1.1062283391e+02	4.8050330952e-03	3.6874277969e+00	1.8461164150e+00	6.0302252197e+02	1.6964370152e-03	1.1083440135e+02	1.1890477687e-01	6.4183068275e+00	2.7942299843e+00
2.6000000000e+01	6.1689655172e+02	0.0000000000e+00	0.0000000000e+00	1.0000000000e+00	6.1645324707e+02	4.4330465383e-01	2.1449774504e-03	8.1683183028e+01	2.1449774504e-02	2.7227727676e+00	1.3721112711e+00	6.1645324707e+02	2.4624471553e-03	8.0855431679e+01	7.5692176819e-02	5.3273053169e+00	2.8517341614e+00
2.6000000000e+01	6.1689655172e+02	1.0000000000e+00	0.0000000000e+00	1.0000000000e+00	6.1645324707e+02	4.4330465383e-01	1.7241560854e-03	8.7977389944e+01	1.7241560854e-02	2.9325796648e+00	1.4749106128e+00	6.1393499756e+02	5.0289360806e-03	8.6675959753e+01	8.6022190750e-02	5.5872411728e+00	2.8433518410e+00
2.6000000000e+01	6.1689655172e+02	2.0000000000e+00	0.0000000000e+00	0.0000000000e+00	6.1351525879e+02	3.3812929351e+00	1.6114833951e-01	3.9689669015e+01	inf	inf	inf	6.1687292480e+02	1.5252465010e-01	3.7179372644e+01	2.6920309290e-02	3.1344034672e+00	2.8671870232e+00
2.6000000000e+01	6.1689655172e+02	3.0000000000e+00	0.0000000000e+00	0.0000000000e+00	6.1393499756e+02	2.9615541655e+00	3.3285122365e-02	4.8385816576e+01	inf	inf	inf	6.1477441406e+02	5.0074391067e-02	4.9584473248e+01	3.4404180944e-02	3.8773593903e+00	2.8524608612e+00
2.6000000000e+01	6.1689655172e+02	4.0000000000e+00	0.0000000000e+00	1.0000000000e+00	6.1645324707e+02	4.4330465383e-01	1.6912935534e-03	8.7858419790e+01	1.6912935534e-02	2.9286139930e+00	1.4727634643e+00	6.1561383057e+02	2.9025352560e-03	8.7346855927e+01	8.6702682078e-02	5.5949888229e+00	2.8461701870e+00
2.6000000000e+01	6.1689655172e+02	5.0000000000e+00	0.0000000000e+00	0.0000000000e+00	6.1393499756e+02	2.9615541655e+00	5.2458690479e-03	6.6127549481e+01	inf	inf	inf	6.1561383057e+02	1.1162788607e-02	6.7227780032e+01	5.4564833641e-02	4.7320046425e+00	2.8524930477e+00
2.6000000000e+01	6.1689655172e+02	6.0000000000e+00	0.0000000000e+00	0.0000000000e+00	6.1309558105e+02	3.8009706695e+00	1.8957522511e-01	3.2565125653e+01	inf	inf	inf	6.1561383057e+02	2.4129435420e-01	3.6430031266e+01	2.5752473623e-02	2.7696676254e+00	2.8585956097e+00
2.6000000000e+01	6.1689655172e+02	7.0000000000e+00	0.0000000000e+00	1.0000000000e+00	6.1645324707e+02	4.4330465383e-01	1.0751765966e-01	4.2339748491e+01	1.0751765966e+00	1.4113249497e+00	1.2432507732e+00	6.1729266357e+02	1.0916152596e-01	4.1391358123e+01	2.9398497194e-02	3.3836200237e+00	2.8689322472e+00
2.6000000000e+01	6.1689655172e+02	8.0000000000e+00	0.0000000000e+00	1.0000000000e+00	6.1645324707e+02	4.4330465383e-01	8.3178743720e-02	4.3908326433e+01	8.3178743720e-01	1.4636108811e+00	1.1476991592e+00	6.1771234131e+02	7.5906798244e-02	4.4839765331e+01	3.1174886972e-02	3.6049656868e+00	2.8683381081e+00
2.6000000000e+01	6.1689655172e+02	9.0000000000e+00	0.0000000000e+00	1.0000000000e+00	6.1645324707e+02	4.4330465383e-01	1.6445521032e-03	8.8983468682e+01	1.6445521032e-02	2.9661156227e+00	1.4912805719e+00	6.1561383057e+02	2.8670604806e-03	8.8033988666e+01	8.8442847133e-02	5.6259832382e+00	2.8438158035e+00
2.6000000000e+01	6.1689655172e+02	1.0000000000e+01	0.0000000000e+00	0.0000000000e+00	6.1393499756e+02	2.9615541655e+00	3.0165443197e-02	5.0849926400e+01	inf	inf	inf	6.1687292480e+02	3.9059638977e-02	5.1853390287e+01	3.7036966532e-02	3.9631395340e+00	2.8605065346e+00
2.6000000000e+01	6.1689655172e+02	1.1000000000e+01	0.0000000000e+00	1.0000000000e+00	6.1645324707e+02	4.4330465383e-01	1.6974597238e-03	8.8445927654e+01	1.6974597238e-02	2.9481975885e+00	1.4825860929e+00	6.1393499756e+02	5.3169438615e-03	8.7114288994e+01	8.6786709726e-02	5.5999045372e+00	2.8429398537e+00
2.6000000000e+01	6.1689655172e+02	1.2000000000e+01	0.0000000000e+00	0.0000000000e+00	6.1393499756e+02	2.9615541655e+00	4.2707439512e-02	4.7341464042e+01	inf	inf	inf	6.1561383057e+02	5.4069422185e-02	4.9269867678e+01	3.3690448850e-02	3.8170552254e+00	2.8589401245e+00
2.6000000000e+01	6.1689655172e+02	1.3000000000e+01	0.0000000000e+00	0.0000000000e+00	6.1393499756e+02	2.9615541655e+00	4.0845289826e-02	4.6971787616e+01	inf	inf	inf	6.1561383057e+02	5.6122612208e-02	4.8472200265e+01	3.3159334213e-02	3.8065748215e+00	2.8540410995e+00
2.6000000000e+01	6.1689655172e+02	1.4000000000e+01	0.0000000000e+00	0.0000000000e+00	6.1393499756e+02	2.9615541655e+00	4.0727285668e-03	6.6479742085e+01	inf	inf	inf	6.1351525879e+02	1.4285531826e-02	6.6815723546e+01	5.3938440979e-02	4.7377777100e+00	2.8426744938e+00
2.6000000000e+01	6.1689655172e+02	1.5000000000e+01	0.0000000000e+00	1.0000000000e+00	6.1645324707e+02	4.4330465383e-01	8.8184513152e-04	1.0863337307e+02	8.8184513152e-03	3.6211124356e+00	1.8149654434e+00	6.1393499756e+02	1.0148750152e-03	1.0741490561e+02	1.2245114148e-01	6.3203177452e+00	2.8407073021e+00
2.6000000000e+01	6.1689655172e+02	1.6000000000e+01	0.0000000000e+00	0.0000000000e+00	6.1393499756e+02	2.9615541655e+00	1.8154738471e-02	5.4487288564e+01	inf	inf	inf	6.1687292480e+02	2.5923145935e-02	5.5086933726e+01	4.0872987360e-02	4.1966924667e+00	2.8606820107e+00
2.6000000000e+01	6.1689655172e+02	1.7000000000e+01	0.0000000000e+00	0.0000000000e+00	6.1393499756e+02	2.9615541655e+00	2.1792532876e-02	5.2473462764e+01	inf	inf	inf	6.1561383057e+02	3.5113941878e-02	5.3908244415e+01	3.8673263043e-02	4.0736699104e+00	2.8559718132e+00
2.6000000000e+01	6.1689655172e+02	1.8000000000e+01	1.0000000000e+00	1.0000000000e+00	6.1561383057e+02	1.2827211577e+00	6.5956361592e-02	4.5894646404e+01	6.5956361592e-01	1.5298215468e+00	1.0946925814e+00	6.1771234131e+02	6.5552316606e-02	4.6891943000e+01	3.2565772533e-02	3.6996064186e+00	2.8653302193e+00
2.6000000000e+01	6.1689655172e+02	1.9000000000e+01	0.0000000000e+00	0.0000000000e+00	6.0889849854e+02	7.9980531890e+00	8.0830231309e-04	1.0953652997e+02	inf	inf	inf	6.1477441406e+02	6.0699979076e-04	1.1240496415e+02	1.2430775166e-01	6.3861427307e+00	2.8328232765e+00
2.7000000000e+01	6.2517241379e+02	0.0000000000e+00	0.0000000000e+00	0.0000000000e+00	6.2232916260e+02	2.8432511954e+00	1.9885217771e-03	8.0244351687e+01	inf	inf	inf	6.2484741211e+02	3.1035980210e-03	8.0145295861e+01	8.0028310418e-02	5.2735524178e+00	2.9022164345e+00
2.7000000000e+01	6.2517241379e+02	1.0000000000e+00	0.0000000000e+00	0.0000000000e+00	6.2232916260e+02	2.8432511954e+00	1.5849899501e-03	8.9263312149e+01	inf	inf	inf	6.1855175781e+02	6.3369423151e-03	9.0478279235e+01	9.3746721745e-02	5.5815930367e+00	2.8874559402e+00
2.7000000000e+01	6.2517241379e+02	2.0000000000e+00	0.0000000000e+00	0.0000000000e+00	6.2274890137e+02	2.4235124259e+00	1.4661583304e-01	3.9853045447e+01	inf	inf	inf	6.2484741211e+02	1.5322037041e-01	3.8050600551e+01	3.0023612082e-02	3.0520396233e+00	2.9119663239e+00
2.7000000000e+01	6.2517241379e+02	3.0000000000e+00	0.0000000000e+00	0.0000000000e+00	6.2232916260e+02	2.8432511954e+00	3.0188985169e-02	5.0173064572e+01	inf	inf	inf	6.2148974609e+02	5.3940143436e-02	5.0996805569e+01	3.8566116244e-02	3.8418786526e+00	2.8988213539e+00
2.7000000000e+01	6.2517241379e+02	4.0000000000e+00	0.0000000000e+00	0.0000000000e+00	6.2232916260e+02	2.8432511954e+00	1.4759346377e-03	8.8547929152e+01	inf	inf	inf	6.1897149658e+02	3.2128174789e-03	8.9615780370e+01	9.2861026525e-02	5.5483245850e+00	2.8916809559e+00
2.7000000000e+01	6.2517241379e+02	5.0000000000e+00	0.0000000000e+00	0.0000000000e+00	6.2232916260e+02	2.8432511954e+00	4.4593019411e-03	6.7081173760e+01	inf	inf	inf	6.2316857910e+02	1.2840662152e-02	6.8350600027e+01	6.0522746295e-02	4.7434964180e+00	2.9009540081e+00
2.7000000000e+01	6.2517241379e+02	6.0000000000e+00	0.0000000000e+00	0.0000000000e+00	6.2232916260e+02	2.8432511954e+00	1.9673967361e-01	3.2780206268e+01	inf	inf	inf	6.2316857910e+02	2.3220132291e-01	3.5196986478e+01	2.8797863051e-02	2.6983909607e+00	2.9004168510e+00
2.7000000000e+01	6.2517241379e+02	7.0000000000e+00	0.0000000000e+00	0.0000000000e+00	6.2232916260e+02	2.8432511954e+00	8.0888941884e-02	4.1757056668e+01	inf	inf	inf	6.2400799561e+02	1.1086602509e-01	4.3289562214e+01	3.1881060451e-02	3.3646538258e+00	2.9062814713e+00
2.7000000000e+01	6.2517241379e+02	8.0000000000e+00	1.0000000000e+00	1.0000000000e+00	6.2358831787e+02	1.5840959220e+00	6.5354265273e-02	4.6330030509e+01	6.5354265273e-01	1.5443343503e+00	1.0989385015e+00	6.2526715088e+02	6.9501891732e-02	4.6145518490e+01	3.5500690341e-02	3.6057066917e+00	2.9090614319e+00
2.7000000000e+01	6.2517241379e+02	9.0000000000e+00	0.0000000000e+00	0.0000000000e+00	6.2232916260e+02	2.8432511954e+00	1.4976207167e-03	8.9583370159e+01	inf	inf	inf	6.1897149658e+02	2.9395462479e-03	9.0957322181e+01	9.4361647964e-02	5.5883255005e+00	2.8891646862e+00
2.7000000000e+01	6.2517241379e+02	1.0000000000e+01	0.0000000000e+00	0.0000000000e+00	6.2232916260e+02	2.8432511954e+00	2.5896428153e-02	5.1381542059e+01	inf	inf	inf	6.2442773438e+02	3.7612017244e-02	5.2873988896e+01	4.0608499199e-02	3.9751386642e+00	2.9082934856e+00
2.7000000000e+01	6.2517241379e+02	1.1000000000e+01	0.0000000000e+00	0.0000000000e+00	6.2232916260e+02	2.8432511954e+00	1.5817974927e-03	8.9590307676e+01	inf	inf	inf	6.1855175781e+02	6.7661190405e-03	9.0923125225e+01	9.4275549054e-02	5.5964889526e+00	2.8868749142e+00
2.7000000000e+01	6.2517241379e+02	1.2000000000e+01	0.0000000000e+00	0.0000000000e+00	6.2232916260e+02	2.8432511954e+00	3.5843994468e-02	4.9381850159e+01	inf	inf	inf	6.2316857910e+02	5.4267801344e-02	5.0020094113e+01	3.7847876549e-02	3.8000380993e+00	2.9030330181e+00
2.7000000000e+01	6.2517241379e+02	1.3000000000e+01	0.0000000000e+00	0.0000000000e+00	6.2232916260e+02	2.8432511954e+00	3.6091804504e-02	4.9246574910e+01	inf	inf	inf	6.2148974609e+02	5.5229872465e-02	4.9336279887e+01	3.7360630929e-02	3.7765378952e+00	2.8989505768e+00
2.7000000000e+01	6.2517241379e+02	1.4000000000e+01	0.0000000000e+00	0.0000000000e+00	6.2232916260e+02	2.8432511954e+00	4.5057442039e-03	6.6624366834e+01	inf	inf	inf	6.2148974609e+02	1.6709763557e-02	6.7852255104e+01	5.8927483857e-02	4.7110371590e+00	2.8920774460e+00
2.7000000000e+01	6.2517241379e+02	1.5000000000e+01	0.0000000000e+00	1.0000000000e+00	6.2358831787e+02	1.5840959220e+00	6.3325004885e-04	1.0915606034e+02	6.3325004885e-03	3.6385353447e+00	1.8224339226e+00	6.1729266357e+02	9.5431564841e-04	1.0921617436e+02	1.2901619077e-01	6.3250741959e+00	2.8773455620e+00
2.7000000000e+01	6.2517241379e+02	1.6000000000e+01	0.0000000000e+00	0.0000000000e+00	6.2232916260e+02	2.8432511954e+00	1.5159034170e-02	5.5636219428e+01	inf	inf	inf	6.2568682861e+02	2.5599284098e-02	5.6465886896e+01	4.5754622668e-02	4.1759119034e+00	2.9101021290e+00
2.7000000000e+01	6.2517241379e+02	1.7000000000e+01	0.0000000000e+00	0.0000000000e+00	6.2232916260e+02	2.8432511954e+00	1.8763225526e-02	5.3219309073e+01	inf	inf	inf	6.2148974609e+02	3.5354305059e-02	5.4598585427e+01	4.2100857943e-02	4.0683040619e+00	2.9028367996e+00
2.7000000000e+01	6.2517241379e+02	1.8000000000e+01	0.0000000000e+00	0.0000000000e+00	6.2232916260e+02	2.8432511954e+00	5.3184304386e-02	4.7609603099e+01	inf	inf	inf	6.2484741211e+02	6.0521308333e-02	4.8049736593e+01	3.6688789725e-02	3.6999073029e+00	2.9072401524e+00
2.7000000000e+01	6.2517241379e+02	1.9000000000e+01	0.0000000000e+00	0.0000000000e+00	6.2232916260e+02	2.8432511954e+00	8.1534229685e-04	1.1104025256e+02	inf	inf	inf	6.1603350830e+02	4.7053612070e-04	1.1416184463e+02	1.3059470057e-01	6.3820714951e+00	2.8722569942e+00
2.8000000000e+01	6.3344827586e+02	0.0000000000e+00	0.0000000000e+00	1.0000000000e+00	6.3240222168e+02	1.0460541824e+00	1.1267628288e-03	8.2493280920e+01	1.1267628288e-02	2.7497760307e+00	1.3805218295e+00	6.2778540039e+02	4.7255717218e-03	8.6231756458e+01	8.6018882692e-02	5.2868700027e+00	2.9439620972e+00
2.8000000000e+01	6.3344827586e+02	1.0000000000e+00	0.0000000000e+00	1.0000000000e+00	6.3240222168e+02	1.0460541824e+00	6.9439283106e-04	9.4073819077e+01	6.9439283106e-03	3.1357939692e+00	1.5713689488e+00	6.2778540039e+02	8.0690952018e-03	9.5162708976e+01	1.0122691095e-01	5.6321372986e+00	2.9299685955e+00
2.8000000000e+01	6.3344827586e+02	2.0000000000e+00	0.0000000000e+00	0.0000000000e+00	6.2946423340e+02	3.9840424636e+00	1.3000304997e-01	3.7068831446e+01	inf	inf	inf	6.2988391113e+02	1.5331284702e-01	3.6516555993e+01	3.2303411514e-02	2.9447908401e+00	2.9547119141e+00
2.8000000000e+01	6.3344827586e+02	3.0000000000e+00	0.0000000000e+00	1.0000000000e+00	6.3156280518e+02	1.8854706863e+00	3.5869810730e-02	4.8060422039e+01	3.5869810730e-01	1.6020140680e+00	9.8035608764e-01	6.2904449463e+02	5.0472825766e-02	5.0641862102e+01	4.0812827647e-02	3.7866907120e+00	2.9379258156e+00
2.8000000000e+01	6.3344827586e+02	4.0000000000e+00	0.0000000000e+00	1.0000000000e+00	6.3240222168e+02	1.0460541824e+00	6.7564257188e-04	9.2743909923e+01	6.7564257188e-03	3.0914636641e+00	1.5491100449e+00	6.2694598389e+02	2.9161241837e-03	9.2913127820e+01	9.9779784679e-02	5.5836057663e+00	2.9350802898e+00
2.8000000000e+01	6.3344827586e+02	5.0000000000e+00	0.0000000000e+00	1.0000000000e+00	6.3240222168e+02	1.0460541824e+00	2.7441799175e-03	6.7574410486e+01	2.7441799175e-02	2.2524803495e+00	1.1399610744e+00	6.2904449463e+02	1.0382188484e-02	6.9624274625e+01	6.5430857241e-02	4.7396240234e+00	2.9406476021e+00
2.8000000000e+01	6.3344827586e+02	6.0000000000e+00	0.0000000000e+00	0.0000000000e+00	6.3072338867e+02	2.7248871902e+00	2.1912893653e-01	3.4429450716e+01	inf	inf	inf	6.2904449463e+02	2.0812603831e-01	3.4077778860e+01	3.1702056527e-02	2.6331007481e+00	2.9416804314e+00
2.8000000000e+01	6.3344827586e+02	7.0000000000e+00	0.0000000000e+00	0.0000000000e+00	6.2946423340e+02	3.9840424636e+00	9.0209059417e-02	3.9641137394e+01	inf	inf	inf	6.3030364990e+02	1.0582691431e-01	3.9674272877e+01	3.3472251147e-02	3.2235877514e+00	2.9506101608e+00
2.8000000000e+01	6.3344827586e+02	8.0000000000e+00	0.0000000000e+00	1.0000000000e+00	6.3156280518e+02	1.8854706863e+00	6.1951309443e-02	4.5381812803e+01	6.1951309443e-01	1.5127270934e+00	1.0661200939e+00	6.3114306641e+02	7.5051911175e-02	4.4149953634e+01	3.7486411631e-02	3.4817323685e+00	2.9524393082e+00
2.8000000000e+01	6.3344827586e+02	9.0000000000e+00	0.0000000000e+00	1.0000000000e+00	6.3240222168e+02	1.0460541824e+00	6.3639227301e-04	9.3873622857e+01	6.3639227301e-03	3.1291207619e+00	1.5677423423e+00	6.2694598389e+02	2.7603760827e-03	9.4193079370e+01	1.0162025690e-01	5.6306762695e+00	2.9337887764e+00
2.8000000000e+01	6.3344827586e+02	1.0000000000e+01	0.0000000000e+00	1.0000000000e+00	6.3240222168e+02	1.0460541824e+00	2.5296164677e-02	5.0026601305e+01	2.5296164677e-01	1.6675533768e+00	9.6025751180e-01	6.3114306641e+02	3.6591790617e-02	5.0889335541e+01	4.3665919453e-02	3.8946774006e+00	2.9492025375e+00
2.8000000000e+01	6.3344827586e+02	1.1000000000e+01	0.0000000000e+00	1.0000000000e+00	6.3240222168e+02	1.0460541824e+00	6.7971396493e-04	9.4397281533e+01	6.7971396493e-03	3.1465760511e+00	1.5766865954e+00	6.2778540039e+02	8.8037410751e-03	9.6161220140e+01	1.0180988163e-01	5.6459274292e+00	2.9295144081e+00
2.8000000000e+01	6.3344827586e+02	1.2000000000e+01	0.0000000000e+00	1.0000000000e+00	6.3156280518e+02	1.8854706863e+00	4.0808200836e-02	4.7890636412e+01	4.0808200836e-01	1.5963545471e+00	1.0022182777e+00	6.3030364990e+02	4.8536304384e-02	4.8600696467e+01	4.0365915745e-02	3.7198500633e+00	2.9427020550e+00
2.8000000000e+01	6.3344827586e+02	1.3000000000e+01	0.0000000000e+00	1.0000000000e+00	6.3156280518e+02	1.8854706863e+00	4.2107302696e-02	4.7425017786e+01	4.2107302696e-01	1.5808339262e+00	1.0009534766e+00	6.2904449463e+02	4.8803318292e-02	4.8643028715e+01	3.9837300777e-02	3.7161378860e+00	2.9379131794e+00
2.8000000000e+01	6.3344827586e+02	1.4000000000e+01	0.0000000000e+00	1.0000000000e+00	6.3240222168e+02	1.0460541824e+00	3.4706261940e-03	6.6124283157e+01	3.4706261940e-02	2.2041427719e+00	1.1194245169e+00	6.2904449463e+02	1.6669487581e-02	6.8320967283e+01	6.2876060605e-02	4.7107486725e+00	2.9319686890e+00
2.8000000000e+01	6.3344827586e+02	1.5000000000e+01	0.0000000000e+00	1.0000000000e+00	6.3240222168e+02	1.0460541824e+00	2.0304173813e-04	1.1214374725e+02	2.0304173813e-03	3.7381249084e+00	1.8700776629e+00	6.2568682861e+02	1.6633176710e-03	1.1637018180e+02	1.3635553420e-01	6.3915624619e+00	2.9178776741e+00
2.8000000000e+01	6.3344827586e+02	1.6000000000e+01	0.0000000000e+00	1.0000000000e+00	6.3240222168e+02	1.0460541824e+00	1.3724333607e-02	5.4039236726e+01	1.3724333607e-01	1.8013078909e+00	9.6927561347e-01	6.3114306641e+02	2.9054362327e-02	5.5799224863e+01	4.8432242125e-02	4.1078495979e+00	2.9501020908e+00
2.8000000000e+01	6.3344827586e+02	1.7000000000e+01	1.0000000000e+00	1.0000000000e+00	6.3240222168e+02	1.0460541824e+00	1.9040009007e-02	5.1773053482e+01	1.9040009007e-01	1.7257684494e+00	9.5808426974e-01	6.2946423340e+02	3.0350672081e-02	5.4215890355e+01	4.5742191374e-02	4.0229206085e+00	2.9437167645e+00
2.8000000000e+01	6.3344827586e+02	1.8000000000e+01	0.0000000000e+00	1.0000000000e+00	6.3156280518e+02	1.8854706863e+00	5.3879983723e-02	4.6541714534e+01	5.3879983723e-01	1.5513904845e+00	1.0450951609e+00	6.3114306641e+02	5.9367932379e-02	4.5244289460e+01	3.8715712726e-02	3.5735492706e+00	2.9477312565e+00
2.8000000000e+01	6.3344827586e+02	1.9000000000e+01	0.0000000000e+00	1.0000000000e+00	6.3240222168e+02	1.0460541824e+00	2.2887277009e-04	1.1401347410e+02	2.2887277009e-03	3.8004491366e+00	1.9013689322e+00	6.2568682861e+02	8.4106758004e-04	1.2126030566e+02	1.3778837025e-01	6.4306082726e+00	2.9133458138e+00
2.9000000000e+01	6.4172413793e+02	0.0000000000e+00	0.0000000000e+00	1.0000000000e+00	6.4079638672e+02	9.2775121228e-01	1.0654603830e-03	8.4160938097e+01	1.0654603830e-02	2.8053646032e+00	1.4080096035e+00	6.4163580322e+02	3.8579686079e-03	8.7160494541e+01	8.9598596096e-02	5.2457313538e+00	2.9866061211e+00
2.9000000000e+01	6.4172413793e+02	1.0000000000e+00	0.0000000000e+00	0.0000000000e+00	6.3324163818e+02	8.4824997474e+00	6.0032407055e-04	9.5240652500e+01	inf	inf	inf	6.3953723145e+02	7.2846869007e-03	9.9856442832e+01	1.0500136763e-01	5.6427936554e+00	2.9685549736e+00
2.9000000000e+01	6.4172413793e+02	2.0000000000e+00	0.0000000000e+00	1.0000000000e+00	6.4037664795e+02	1.3474899818e+00	1.5237121284e-01	3.9596615457e+01	1.5237121284e+00	1.3198871819e+00	1.4217996552e+00	6.4037664795e+02	1.5506583452e-01	3.8466696052e+01	3.6528844386e-02	2.9211914539e+00	2.9999346733e+00
2.9000000000e+01	6.4172413793e+02	3.0000000000e+00	0.0000000000e+00	0.0000000000e+00	6.3953723145e+02	2.1869064857e+00	4.5777134597e-02	4.9410605788e+01	inf	inf	inf	6.3827813721e+02	7.2612456977e-02	4.9907574455e+01	4.3382670730e-02	3.6903200150e+00	2.9803056717e+00
2.9000000000e+01	6.4172413793e+02	4.0000000000e+00	0.0000000000e+00	0.0000000000e+00	6.3366131592e+02	8.0628220131e+00	7.9113303218e-04	9.3430247809e+01	inf	inf	inf	6.3911755371e+02	4.2195972055e-03	9.6459653880e+01	1.0193590075e-01	5.5695080757e+00	2.9733543396e+00
2.9000000000e+01	6.4172413793e+02	5.0000000000e+00	0.0000000000e+00	0.0000000000e+00	6.3869781494e+02	3.0263229896e+00	3.7085758522e-03	6.9658693358e+01	inf	inf	inf	6.3953723145e+02	1.4588917606e-02	7.2587156799e+01	7.0356741548e-02	4.7443289757e+00	2.9774556160e+00
2.9000000000e+01	6.4172413793e+02	6.0000000000e+00	0.0000000000e+00	0.0000000000e+00	6.3953723145e+02	2.1869064857e+00	2.2134053707e-01	3.5176062320e+01	inf	inf	inf	6.3827813721e+02	2.5391000509e-01	3.7100695743e+01	3.4464344382e-02	2.5546753407e+00	2.9874668121e+00
2.9000000000e+01	6.4172413793e+02	7.0000000000e+00	0.0000000000e+00	1.0000000000e+00	6.4037664795e+02	1.3474899818e+00	1.2177143246e-01	4.2209189196e+01	1.2177143246e+00	1.4069729732e+00	1.3123436489e+00	6.3953723145e+02	1.2912836671e-01	4.1089999748e+01	3.7062559277e-02	3.1367058754e+00	2.9908123016e+00
2.9000000000e+01	6.4172413793e+02	8.0000000000e+00	0.0000000000e+00	1.0000000000e+00	6.4037664795e+02	1.3474899818e+00	5.5894814432e-02	4.3809388721e+01	5.5894814432e-01	1.4603129574e+00	1.0096305508e+00	6.4163580322e+02	7.5444012880e-02	4.4928634240e+01	4.1212394834e-02	3.4479134083e+00	2.9925608635e+00
2.9000000000e+01	6.4172413793e+02	9.0000000000e+00	0.0000000000e+00	0.0000000000e+00	6.3366131592e+02	8.0628220131e+00	7.3507567868e-04	9.4669985173e+01	inf	inf	inf	6.3911755371e+02	4.0429458022e-03	9.7909163466e+01	1.0375084728e-01	5.6110982895e+00	2.9732589722e+00
2.9000000000e+01	6.4172413793e+02	1.0000000000e+01	0.0000000000e+00	0.0000000000e+00	6.3953723145e+02	2.1869064857e+00	2.4910980836e-02	5.1960599083e+01	inf	inf	inf	6.4163580322e+02	3.9378400892e-02	5.2398085029e+01	4.7760736197e-02	3.8819313049e+00	2.9886846542e+00
2.9000000000e+01	6.4172413793e+02	1.1000000000e+01	0.0000000000e+00	0.0000000000e+00	6.3324163818e+02	8.4824997474e+00	5.6739413412e-04	9.5888348891e+01	inf	inf	inf	6.3953723145e+02	8.2889162004e-03	1.0054558542e+02	1.0604555160e-01	5.6641631126e+00	2.9681587219e+00
2.9000000000e+01	6.4172413793e+02	1.2000000000e+01	0.0000000000e+00	0.0000000000e+00	6.3953723145e+02	2.1869064857e+00	3.9040047675e-02	4.8062106487e+01	inf	inf	inf	6.3953723145e+02	6.2197118998e-02	4.9241833496e+01	4.3411880732e-02	3.6681597233e+00	2.9865016937e+00
2.9000000000e+01	6.4172413793e+02	1.3000000000e+01	0.0000000000e+00	0.0000000000e+00	6.3953723145e+02	2.1869064857e+00	4.5627143234e-02	4.8188604312e+01	inf	inf	inf	6.3827813721e+02	7.0792987943e-02	4.8955074373e+01	4.2566578835e-02	3.6340873241e+00	2.9822647572e+00
2.9000000000e+01	6.4172413793e+02	1.4000000000e+01	0.0000000000e+00	0.0000000000e+00	6.3408105469e+02	7.6430832435e+00	4.8227249645e-03	6.9807131697e+01	inf	inf	inf	6.3827813721e+02	1.9249664620e-02	7.1391638560e+01	6.9068863988e-02	4.7162947655e+00	2.9673638344e+00
2.9000000000e+01	6.4172413793e+02	1.5000000000e+01	0.0000000000e+00	0.0000000000e+00	6.3324163818e+02	8.4824997474e+00	3.5397373722e-04	1.2215061489e+02	inf	inf	inf	6.3995697021e+02	1.8646403914e-03	1.2531387734e+02	1.4598956704e-01	6.4046058655e+00	2.9706354141e+00
2.9000000000e+01	6.4172413793e+02	1.6000000000e+01	0.0000000000e+00	0.0000000000e+00	6.3953723145e+02	2.1869064857e+00	1.5830436721e-02	5.4897254958e+01	inf	inf	inf	6.4163580322e+02	2.7043996379e-02	5.5490019669e+01	5.1565080881e-02	4.0566916466e+00	2.9889962673e+00
2.9000000000e+01	6.4172413793e+02	1.7000000000e+01	0.0000000000e+00	0.0000000000e+00	6.3953723145e+02	2.1869064857e+00	2.5876872241e-02	5.3862555365e+01	inf	inf	inf	6.3953723145e+02	4.1018247604e-02	5.4912612829e+01	4.8864137381e-02	3.9631824493e+00	2.9824595451e+00
2.9000000000e+01	6.4172413793e+02	1.8000000000e+01	1.0000000000e+00	1.0000000000e+00	6.4037664795e+02	1.3474899818e+00	4.5592106879e-02	4.5126132989e+01	4.5592106879e-01	1.5042044330e+00	9.8006275088e-01	6.4163580322e+02	6.5023481846e-02	4.6816811916e+01	4.2450461537e-02	3.5559527874e+00	2.9901776314e+00
2.9000000000e+01	6.4172413793e+02	1.9000000000e+01	0.0000000000e+00	0.0000000000e+00	6.3324163818e+02	8.4824997474e+00	2.7799836244e-04	1.2290632962e+02	inf	inf	inf	6.3995697021e+02	1.1378835188e-03	1.2899031443e+02	1.4732444286e-01	6.4481692314e+00	2.9670481682e+00
3.0000000000e+01	6.5000000000e+02	0.0000000000e+00	0.0000000000e+00	0.0000000000e+00	6.4751171875e+02	2.4882812500e+00	9.6197612584e-04	9.1426647620e+01	inf	inf	inf	6.4499346924e+02	2.2706859745e-03	9.1952589574e+01	9.6985369921e-02	5.2669963837e+00	3.0344793797e+00
3.0000000000e+01	6.5000000000e+02	1.0000000000e+00	0.0000000000e+00	0.0000000000e+00	6.4709204102e+02	2.9079589844e+00	6.7203055369e-04	1.0272300746e+02	inf	inf	inf	6.4373437500e+02	3.1440164894e-03	1.0459993160e+02	1.1288571358e-01	5.6296057701e+00	3.0250024796e+00
3.0000000000e+01	6.5000000000e+02	2.0000000000e+00	0.0000000000e+00	1.0000000000e+00	6.5002996826e+02	2.9968261719e-02	1.4702446759e-01	4.0695900426e+01	1.4702446759e+00	1.3565300142e+00	1.4133873450e+00	6.4793145752e+02	1.3395877182e-01	3.9238779445e+01	4.1166123003e-02	2.9456238747e+00	3.0452654362e+00
3.0000000000e+01	6.5000000000e+02	3.0000000000e+00	0.0000000000e+00	1.0000000000e+00	6.5002996826e+02	2.9968261719e-02	2.6635058224e-02	5.3121776228e+01	2.6635058224e-01	1.7707258743e+00	1.0185382283e+00	6.4709204102e+02	5.4374277592e-02	5.4475939265e+01	5.3735349327e-02	3.8267705441e+00	3.0438146591e+00
3.0000000000e+01	6.5000000000e+02	4.0000000000e+00	0.0000000000e+00	0.0000000000e+00	6.4709204102e+02	2.9079589844e+00	7.7179912478e-04	1.0000203312e+02	inf	inf	inf	6.4373437500e+02	1.3420026517e-03	1.0074732824e+02	1.0922612995e-01	5.5427956581e+00	3.0239140987e+00
3.0000000000e+01	6.5000000000e+02	5.0000000000e+00	0.0000000000e+00	1.0000000000e+00	6.5002996826e+02	2.9968261719e-02	2.5197674986e-03	7.4962164909e+01	2.5197674986e-02	2.4987388303e+00	1.2619682526e+00	6.4583288574e+02	7.8039914370e-03	7.7358543043e+01	7.9008944333e-02	4.7763023376e+00	3.0393021107e+00
3.0000000000e+01	6.5000000000e+02	6.0000000000e+00	0.0000000000e+00	1.0000000000e+00	6.5086938477e+02	8.6938476562e-01	2.4440485239e-01	3.5769400809e+01	2.4440485239e+00	1.1923133603e+00	1.8181809421e+00	6.4709204102e+02	2.5358879566e-01	3.8602934338e+01	3.8145959377e-02	2.5433211327e+00	3.0365812778e+00
3.0000000000e+01	6.5000000000e+02	7.0000000000e+00	0.0000000000e+00	1.0000000000e+00	6.5002996826e+02	2.9968261719e-02	8.4332622588e-02	4.3184997875e+01	8.4332622588e-01	1.4394999292e+00	1.1414130775e+00	6.4877087402e+02	9.8780423403e-02	4.3771815623e+01	4.4807948172e-02	3.2917671204e+00	3.0459244251e+00
3.0000000000e+01	6.5000000000e+02	8.0000000000e+00	1.0000000000e+00	1.0000000000e+00	6.5002996826e+02	2.9968261719e-02	4.1435420513e-02	4.7380112060e+01	4.1435420513e-01	1.5793370687e+00	9.9684563690e-01	6.4793145752e+02	5.6764390320e-02	4.8257895298e+01	4.9237355590e-02	3.5632929802e+00	3.0468926430e+00
3.0000000000e+01	6.5000000000e+02	9.0000000000e+00	0.0000000000e+00	0.0000000000e+00	6.4709204102e+02	2.9079589844e+00	7.3153123958e-04	1.0084703677e+02	inf	inf	inf	6.4373437500e+02	1.2600925984e-03	1.0195615402e+02	1.1049015075e-01	5.5721640587e+00	3.0245859623e+00
3.0000000000e+01	6.5000000000e+02	1.0000000000e+01	0.0000000000e+00	1.0000000000e+00	6.5002996826e+02	2.9968261719e-02	1.5527006239e-02	5.6863173488e+01	1.5527006239e-01	1.8954391163e+00	1.0253545893e+00	6.4709204102e+02	2.8866650537e-02	5.8354822146e+01	5.8144677430e-02	4.0460643768e+00	3.0450968742e+00
3.0000000000e+01	6.5000000000e+02	1.1000000000e+01	0.0000000000e+00	0.0000000000e+00	6.4709204102e+02	2.9079589844e+00	6.6605355823e-04	1.0322191545e+02	inf	inf	inf	6.4373437500e+02	3.5722041503e-03	1.0508910586e+02	1.1355892569e-01	5.6463565826e+00	3.0242910385e+00
3.0000000000e+01	6.5000000000e+02	1.2000000000e+01	0.0000000000e+00	1.0000000000e+00	6.5002996826e+02	2.9968261719e-02	2.7747716755e-02	5.2397063237e+01	2.7747716755e-01	1.7465687746e+00	1.0120229711e+00	6.4709204102e+02	4.6565223485e-02	5.2576415273e+01	5.3249195218e-02	3.7964046001e+00	3.0448458195e+00
3.0000000000e+01	6.5000000000e+02	1.3000000000e+01	0.0000000000e+00	1.0000000000e+00	6.5002996826e+02	2.9968261719e-02	2.9613386840e-02	5.2287224281e+01	2.9613386840e-01	1.7429074760e+00	1.0195206722e+00	6.4625262451e+02	5.3309798241e-02	5.2325923850e+01	5.2875407040e-02	3.7801861763e+00	3.0433290005e+00
3.0000000000e+01	6.5000000000e+02	1.4000000000e+01	0.0000000000e+00	1.0000000000e+00	6.5002996826e+02	2.9968261719e-02	3.3356670756e-03	7.2614986137e+01	3.3356670756e-02	2.4204995379e+00	1.2269281043e+00	6.4499346924e+02	1.2516122311e-02	7.4902800499e+01	7.6274007559e-02	4.7034378052e+00	3.0369973183e+00
3.0000000000e+01	6.5000000000e+02	1.5000000000e+01	0.0000000000e+00	1.0000000000e+00	6.5044970703e+02	4.4970703125e-01	2.2361008450e-04	1.3397261922e+02	2.2361008450e-03	4.4657539740e+00	2.2339950374e+00	6.4373437500e+02	4.9185217358e-04	1.3307771559e+02	1.5044277906e-01	6.3576154709e+00	3.0250322819e+00
3.0000000000e+01	6.5000000000e+02	1.6000000000e+01	0.0000000000e+00	1.0000000000e+00	6.5002996826e+02	2.9968261719e-02	8.8769923896e-03	6.1859635577e+01	8.8769923896e-02	2.0619878526e+00	1.0753788882e+00	6.4541320801e+02	1.9360931590e-02	6.4318105560e+01	6.3444592059e-02	4.2503747940e+00	3.0439405441e+00
3.0000000000e+01	6.5000000000e+02	1.7000000000e+01	0.0000000000e+00	1.0000000000e+00	6.5002996826e+02	2.9968261719e-02	1.4090919867e-02	5.8179138684e+01	1.4090919867e-01	1.9393046228e+00	1.0401069107e+00	6.4583288574e+02	2.8887715191e-02	5.9336726616e+01	5.9308379889e-02	4.1123633385e+00	3.0429377556e+00
3.0000000000e+01	6.5000000000e+02	1.8000000000e+01	0.0000000000e+00	1.0000000000e+00	6.5002996826e+02	2.9968261719e-02	3.2346278429e-02	5.0212201594e+01	3.2346278429e-01	1.6737400531e+00	9.9860141872e-01	6.4751171875e+02	5.0306774676e-02	5.0738525266e+01	5.1763705909e-02	3.7002086639e+00	3.0458188057e+00
3.0000000000e+01	6.5000000000e+02	1.9000000000e+01	0.0000000000e+00	1.0000000000e+00	6.5044970703e+02	4.4970703125e-01	2.6502681430e-04	1.3540672462e+02	2.6502681430e-03	4.5135574873e+00	2.2581038777e+00	6.4373437500e+02	3.2826958341e-04	1.3831136817e+02	1.5309587121e-01	6.4188547134e+00	3.0214526653e+00
