404.49997
416.25183
429.68254
444.79208
459.48191
473.75203
489.70099
505.23024
520.75949
535.44932
550.13915
568.18665
585.81445
603.44225
620.23062
639.11755
416.25183
416.25183
416.67154
444.79208
459.06220
473.75203
489.70099
505.23024
520.33978
535.44932
550.55886
567.76694
585.81445
603.44225
620.23062
639.11755
429.68254
429.68254
429.68254
429.68254
429.26283
429.68254
429.68254
429.26283
520.33978
535.44932
550.55886
567.76694
585.81445
603.44225
619.81091
639.11755
443.95266
443.95266
443.95266
444.37237
444.79208
444.37237
443.95266
444.37237
443.95266
444.37237
444.37237
567.34723
585.81445
603.44225
620.23062
639.11755
404.08026
415.83213
458.22278
458.22278
458.64249
458.64249
457.80307
458.22278
457.80307
458.64249
458.22278
567.34723
585.81445
603.44225
619.81091
639.11755
404.91968
415.83213
429.68254
443.95266
472.49290
473.33232
473.75203
472.91261
520.33978
472.49290
473.33232
567.34723
586.23416
603.02254
619.81091
638.69784
404.08026
415.83213
428.84312
443.53295
488.44186
488.02215
488.86157
504.81053
488.86157
488.44186
488.02215
567.76694
586.23416
603.02254
620.23062
638.69784
404.49997
415.83213
428.84312
443.95266
504.39082
503.97111
503.97111
504.39082
504.81053
504.39082
504.81053
504.81053
585.81445
603.02254
619.81091
638.69784
404.49997
416.25183
429.26283
443.53295
519.92007
519.92007
519.50036
519.92007
519.92007
519.92007
519.92007
519.92007
586.65387
519.92007
519.92007
638.69784
404.08026
416.25183
429.26283
443.95266
458.22278
534.19019
534.19019
534.19019
533.77048
534.60990
535.02961
567.76694
585.39474
604.70137
619.81091
638.69784
550.55886
416.25183
429.26283
443.53295
458.22278
550.55886
488.44186
504.39082
519.92007
550.13915
550.97857
568.18665
585.39474
603.02254
620.23062
638.27813
568.60636
416.25183
429.26283
443.53295
457.80307
568.18665
568.18665
504.39082
568.18665
568.18665
567.76694
568.60636
585.39474
602.60283
568.18665
639.11755
586.23416
586.23416
429.26283
443.95266
585.81445
585.81445
585.81445
586.23416
586.23416
586.23416
585.39474
585.81445
586.23416
602.18312
586.23416
638.69784
604.70137
604.70137
429.26283
443.95266
458.22278
604.28166
488.86157
504.81053
520.33978
603.02254
604.70137
603.44225
603.44225
603.86196
619.81091
637.85842
620.23062
619.81091
429.26283
443.95266
619.81091
619.81091
489.28128
505.23024
520.75949
535.02961
619.81091
567.34723
586.23416
619.39120
619.81091
638.27813
637.85842
637.85842
637.85842
443.95266
637.85842
637.85842
637.85842
506.06966
520.75949
637.85842
637.85842
569.86549
585.81445
637.85842
637.43871
638.27813
404.49997
415.83213
430.10225
444.37237
459.06220
473.33232
488.86157
504.81053
521.17920
534.60990
550.97857
568.60636
585.81445
604.70137
620.65033
639.11755
416.25183
416.25183
416.67154
444.37237
458.64249
473.33232
488.86157
504.39082
523.69745
535.02961
550.97857
568.60636
585.81445
604.70137
620.23062
638.27813
430.10225
429.68254
429.68254
429.68254
430.10225
429.26283
429.26283
429.26283
521.17920
534.60990
550.97857
568.18665
585.39474
604.28166
620.65033
638.69784
444.37237
443.95266
443.95266
444.37237
443.95266
444.37237
444.37237
443.95266
443.95266
443.95266
444.37237
568.18665
585.39474
604.28166
620.65033
639.11755
404.08026
415.41242
458.64249
458.22278
458.22278
458.64249
458.64249
457.80307
519.08065
458.22278
458.64249
568.18665
585.81445
604.28166
620.23062
638.69784
404.08026
415.83213
429.26283
444.37237
472.49290
472.91261
472.91261
473.33232
521.17920
472.91261
472.91261
568.18665
585.39474
605.12108
620.23062
638.69784
404.08026
415.83213
428.84312
444.79208
488.44186
488.44186
488.44186
504.39082
488.44186
488.86157
488.44186
568.18665
585.39474
604.28166
620.23062
638.69784
404.49997
416.25183
429.26283
444.37237
504.39082
504.39082
503.97111
504.39082
520.75949
504.39082
503.97111
568.18665
585.39474
604.28166
620.23062
638.69784
404.49997
415.83213
428.84312
444.37237
519.92007
519.92007
519.50036
519.08065
520.33978
519.92007
519.92007
519.92007
586.65387
520.75949
519.92007
638.69784
404.08026
415.83213
428.84312
443.95266
458.22278
534.19019
534.19019
534.19019
533.77048
534.60990
534.60990
567.76694
585.81445
603.44225
534.60990
638.69784
550.97857
415.83213
430.10225
444.37237
458.22278
550.97857
488.86157
503.97111
519.92007
550.13915
550.97857
567.34723
586.23416
603.02254
620.23062
638.69784
568.60636
416.25183
429.26283
444.37237
458.64249
568.18665
568.18665
568.18665
568.18665
568.18665
567.76694
568.18665
585.81445
603.44225
568.60636
639.53726
585.39474
585.39474
429.26283
443.53295
584.97503
585.39474
585.39474
584.97503
584.97503
585.39474
585.39474
584.97503
585.39474
603.02254
585.39474
639.11755
603.02254
603.02254
429.68254
443.95266
458.64249
603.02254
603.02254
504.81053
519.92007
602.60283
602.18312
602.60283
602.18312
603.02254
619.39120
637.85842
620.23062
620.23062
429.68254
443.95266
620.23062
620.23062
488.86157
504.39082
520.33978
535.02961
619.81091
568.18665
585.81445
619.39120
620.23062
638.69784
638.27813
638.27813
638.27813
638.27813
638.27813
638.27813
638.27813
638.27813
521.17920
637.85842
637.85842
637.85842
637.85842
637.85842
637.43871
638.27813
404.49997
415.41242
429.68254
444.79208
459.06220
473.33232
488.86157
504.81053
520.75949
535.02961
550.55886
568.60636
586.23416
603.02254
619.81091
637.85842
416.25183
416.25183
416.25183
444.37237
458.64249
473.33232
488.44186
504.81053
520.75949
535.02961
550.55886
568.60636
586.23416
602.60283
619.39120
637.85842
429.68254
429.26283
429.68254
429.26283
429.26283
429.68254
429.26283
429.68254
520.33978
535.02961
550.97857
569.02607
586.23416
602.60283
619.39120
637.85842
444.79208
444.37237
444.37237
444.37237
444.37237
443.95266
444.37237
443.53295
443.95266
443.95266
443.53295
568.60636
586.23416
602.60283
619.39120
637.85842
459.06220
458.64249
458.64249
458.64249
458.64249
458.22278
458.22278
457.80307
458.64249
458.22278
458.64249
568.60636
586.23416
602.60283
619.39120
637.85842
404.08026
415.83213
428.84312
444.37237
472.91261
473.33232
488.44186
472.91261
520.33978
472.49290
472.49290
568.60636
586.23416
602.60283
619.39120
638.27813
404.08026
415.83213
428.84312
443.95266
488.86157
488.86157
488.86157
504.39082
520.33978
488.02215
488.86157
568.60636
586.23416
603.02254
619.39120
637.85842
404.49997
415.83213
429.26283
443.95266
504.81053
504.81053
504.39082
504.81053
519.92007
504.39082
504.81053
569.02607
586.23416
602.60283
619.39120
637.85842
520.75949
415.41242
429.26283
443.53295
520.75949
520.75949
520.33978
520.33978
520.33978
520.75949
520.75949
519.92007
585.81445
519.92007
519.92007
637.85842
535.02961
416.25183
429.26283
444.37237
534.60990
534.60990
534.60990
534.19019
534.19019
534.60990
534.19019
568.60636
586.23416
603.86196
619.81091
637.85842
550.13915
416.25183
429.26283
443.53295
458.64249
549.71944
489.70099
504.39082
519.92007
549.29973
550.55886
567.76694
586.65387
604.28166
620.65033
637.43871
568.60636
416.25183
429.26283
443.95266
568.18665
568.18665
568.18665
568.18665
567.76694
567.76694
567.76694
568.60636
586.23416
603.02254
568.18665
638.69784
585.81445
585.81445
429.68254
443.53295
585.39474
585.81445
585.81445
585.81445
585.39474
585.81445
585.39474
585.39474
585.81445
602.60283
585.81445
637.43871
601.76341
601.76341
430.10225
443.95266
601.76341
601.76341
601.76341
503.97111
520.33978
601.76341
601.76341
601.76341
586.65387
602.60283
619.39120
638.27813
621.07004
621.07004
429.68254
443.95266
620.23062
620.65033
620.65033
505.23024
519.08065
620.65033
619.81091
620.23062
587.07358
620.23062
619.39120
637.85842
639.11755
639.11755
639.11755
639.11755
639.11755
639.11755
639.11755
639.11755
520.33978
638.69784
638.69784
638.69784
586.23416
638.69784
638.27813
638.27813
404.49997
415.83213
430.10225
444.79208
459.48191
473.75203
489.70099
505.23024
522.01861
535.02961
550.97857
568.60636
586.65387
603.02254
620.23062
637.43871
416.67154
416.25183
416.67154
444.79208
459.48191
473.75203
489.70099
505.23024
522.01861
535.02961
550.97857
568.60636
586.65387
603.02254
620.65033
637.85842
429.68254
429.26283
429.68254
429.68254
429.26283
429.68254
429.68254
429.68254
429.68254
429.26283
550.97857
568.18665
586.65387
603.02254
620.23062
637.85842
444.37237
444.37237
444.37237
444.79208
443.95266
444.37237
443.95266
444.37237
443.95266
444.37237
444.37237
568.18665
586.23416
603.02254
620.65033
637.85842
459.06220
459.06220
458.64249
458.64249
459.06220
458.64249
458.22278
458.64249
458.64249
458.22278
458.64249
568.18665
586.23416
603.02254
620.23062
637.85842
404.49997
415.83213
429.26283
444.37237
472.91261
473.75203
488.86157
504.81053
521.59890
472.91261
472.91261
568.18665
586.23416
603.02254
620.23062
637.85842
404.08026
415.83213
429.26283
443.95266
488.86157
488.86157
500.61343
504.81053
488.44186
488.86157
488.44186
568.18665
586.65387
603.02254
620.23062
637.85842
404.08026
415.83213
429.26283
443.95266
504.81053
504.81053
504.39082
504.81053
521.59890
505.23024
504.39082
568.18665
586.23416
603.02254
504.81053
637.85842
521.17920
415.83213
429.26283
443.95266
520.75949
520.75949
521.17920
520.75949
521.59890
520.75949
520.75949
519.92007
586.23416
602.60283
519.92007
637.85842
535.02961
416.25183
429.26283
443.95266
458.64249
535.02961
535.02961
534.60990
534.60990
535.02961
550.13915
567.76694
585.81445
602.60283
619.81091
637.85842
404.49997
416.67154
429.26283
443.95266
458.22278
550.97857
488.44186
504.39082
520.33978
550.55886
550.97857
567.76694
585.81445
602.60283
620.23062
637.85842
569.02607
416.25183
429.26283
444.79208
569.02607
569.02607
569.02607
568.60636
568.60636
568.60636
568.60636
569.02607
586.23416
601.76341
621.07004
638.27813
585.81445
585.81445
429.68254
444.37237
585.81445
585.81445
586.23416
585.81445
585.81445
585.81445
585.81445
585.39474
585.81445
601.76341
619.81091
638.27813
602.60283
602.60283
429.26283
444.37237
602.60283
602.60283
602.18312
504.39082
520.33978
602.18312
603.44225
603.44225
585.81445
603.02254
619.81091
637.43871
620.65033
620.65033
429.26283
443.95266
620.23062
620.23062
489.28128
505.23024
520.33978
619.81091
619.81091
569.02607
586.23416
619.81091
620.23062
637.43871
637.85842
637.85842
637.85842
637.85842
637.85842
637.43871
637.85842
637.43871
637.43871
637.43871
637.43871
637.43871
637.43871
637.43871
637.01900
637.85842
404.49997
415.83213
430.10225
444.79208
459.06220
473.75203
488.86157
504.81053
521.17920
535.02961
550.55886
569.02607
586.23416
602.60283
619.81091
638.27813
415.83213
416.25183
416.25183
444.37237
459.06220
473.75203
489.28128
504.81053
520.75949
535.02961
550.55886
569.02607
586.23416
602.60283
620.23062
637.85842
429.26283
429.26283
429.68254
429.68254
429.68254
430.10225
430.10225
429.68254
429.68254
430.10225
550.55886
569.02607
586.23416
603.02254
619.39120
638.27813
443.95266
443.95266
443.95266
443.95266
444.37237
444.37237
444.37237
443.95266
444.37237
444.37237
444.37237
569.02607
586.23416
602.60283
619.81091
638.27813
458.22278
458.22278
458.22278
457.80307
458.64249
458.64249
458.22278
458.64249
458.22278
458.64249
458.22278
569.02607
586.23416
602.60283
620.23062
638.27813
404.08026
415.83213
429.68254
444.37237
472.49290
472.91261
488.44186
504.39082
520.75949
473.75203
472.49290
569.02607
586.23416
602.60283
620.23062
638.27813
404.49997
415.83213
429.26283
443.95266
488.44186
488.02215
488.86157
504.39082
520.75949
489.28128
488.86157
569.02607
586.65387
602.60283
620.23062
638.27813
504.39082
415.83213
429.26283
444.37237
503.97111
503.97111
503.97111
504.39082
520.75949
504.39082
504.39082
569.02607
586.23416
602.60283
620.23062
638.27813
519.92007
416.25183
429.68254
443.95266
519.92007
519.92007
519.50036
519.08065
520.33978
520.75949
520.33978
520.33978
585.81445
602.18312
519.08065
638.27813
534.60990
416.25183
429.68254
444.37237
534.19019
534.19019
534.19019
534.19019
533.77048
534.60990
550.97857
568.18665
586.65387
602.60283
619.81091
638.27813
550.97857
416.25183
429.26283
444.37237
458.64249
550.55886
488.86157
504.39082
520.33978
550.13915
550.55886
567.76694
585.81445
601.76341
620.23062
637.85842
568.18665
416.25183
429.68254
443.95266
567.76694
567.76694
567.76694
567.76694
567.76694
567.76694
567.34723
568.18665
586.23416
603.02254
619.81091
638.27813
586.23416
586.23416
429.26283
443.95266
586.23416
586.23416
586.23416
585.81445
586.23416
586.23416
586.23416
585.81445
586.23416
602.18312
585.81445
638.69784
602.60283
602.60283
429.68254
444.37237
602.60283
602.18312
602.18312
602.18312
520.33978
602.18312
602.18312
602.18312
601.76341
602.60283
619.81091
637.85842
620.23062
619.81091
429.68254
444.37237
620.23062
620.23062
620.23062
504.39082
519.50036
619.81091
619.81091
619.81091
585.81445
619.39120
620.23062
637.85842
637.43871
637.43871
637.43871
637.43871
637.43871
637.43871
637.43871
637.43871
637.43871
637.43871
637.43871
637.43871
637.43871
637.43871
637.01900
638.27813
404.91968
416.25183
429.68254
445.21179
459.06220
473.75203
489.28128
505.64995
520.33978
534.60990
551.39827
567.76694
586.65387
603.44225
619.81091
637.85842
416.67154
416.67154
417.09125
444.79208
459.06220
473.75203
489.70099
505.23024
521.17920
534.60990
551.39827
567.76694
586.65387
603.44225
619.81091
637.43871
430.10225
430.10225
429.68254
430.10225
430.10225
429.68254
429.68254
429.68254
430.10225
430.10225
550.97857
567.76694
586.65387
603.44225
617.71237
637.85842
444.79208
444.79208
444.37237
444.79208
444.37237
444.37237
444.37237
443.95266
443.53295
443.95266
443.95266
567.76694
586.65387
603.44225
619.81091
637.85842
459.06220
459.06220
458.64249
458.64249
459.06220
459.48191
458.64249
458.64249
458.64249
458.22278
458.64249
567.34723
587.07358
603.44225
619.81091
637.85842
404.08026
415.41242
429.26283
444.79208
473.33232
473.75203
488.86157
504.81053
520.75949
472.91261
473.75203
567.76694
586.65387
603.44225
619.81091
637.43871
404.49997
416.25183
429.68254
444.37237
489.28128
488.86157
489.28128
504.81053
520.75949
488.86157
488.86157
567.76694
586.65387
603.44225
618.55179
637.85842
505.23024
415.83213
429.68254
443.95266
504.81053
504.81053
504.81053
505.23024
520.75949
504.81053
504.81053
567.34723
586.65387
603.44225
619.81091
637.43871
521.17920
415.83213
429.26283
444.37237
520.75949
520.75949
520.33978
520.33978
520.75949
533.77048
521.59890
568.18665
586.23416
602.60283
519.08065
637.43871
535.02961
416.25183
429.26283
444.37237
534.60990
534.60990
534.60990
534.19019
533.77048
535.02961
549.29973
567.76694
585.81445
602.60283
619.81091
637.43871
550.55886
416.25183
429.26283
444.37237
459.06220
550.13915
489.70099
503.97111
520.33978
549.71944
550.13915
566.92752
586.23416
602.18312
619.81091
637.85842
568.18665
415.83213
429.26283
444.37237
568.18665
568.18665
568.18665
568.18665
519.92007
567.76694
567.34723
568.18665
585.81445
602.18312
619.81091
638.27813
586.23416
586.23416
429.26283
444.37237
585.81445
586.23416
586.23416
585.81445
585.39474
585.81445
585.81445
585.39474
585.81445
602.18312
585.81445
637.01900
602.18312
602.18312
429.26283
444.37237
602.18312
602.60283
602.18312
602.18312
520.33978
602.18312
602.18312
602.18312
601.76341
602.18312
620.23062
637.01900
620.23062
619.81091
428.84312
443.53295
619.81091
619.81091
619.81091
504.81053
620.23062
619.81091
619.39120
619.39120
585.39474
619.39120
619.81091
637.01900
638.69784
638.69784
638.69784
638.69784
638.27813
638.69784
638.27813
638.27813
638.27813
638.27813
638.27813
637.85842
638.27813
638.27813
637.85842
637.85842
404.08026
416.25183
430.10225
445.63150
459.90162
474.59145
490.12070
506.06966
520.75949
535.02961
550.97857
567.76694
585.81445
602.18312
620.23062
638.27813
416.25183
416.25183
416.25183
445.63150
459.48191
474.59145
490.12070
506.06966
520.33978
535.02961
551.39827
567.76694
585.81445
602.18312
620.23062
638.27813
429.68254
429.26283
429.68254
429.68254
430.10225
429.68254
429.68254
430.10225
429.68254
429.26283
551.39827
567.76694
585.39474
602.60283
620.23062
638.69784
443.95266
443.95266
443.95266
444.37237
445.21179
444.37237
444.37237
444.37237
444.37237
444.37237
444.37237
567.76694
585.81445
602.60283
619.81091
638.27813
458.64249
458.22278
458.22278
458.22278
459.06220
458.64249
458.64249
459.06220
458.64249
458.64249
459.06220
567.76694
585.81445
602.60283
620.23062
638.27813
404.49997
415.83213
429.26283
444.79208
472.49290
473.75203
489.70099
505.64995
520.33978
473.75203
473.33232
567.76694
585.81445
602.60283
620.23062
638.27813
488.86157
415.83213
429.68254
444.37237
488.44186
488.02215
489.28128
505.23024
520.33978
488.86157
489.28128
567.76694
585.81445
602.60283
620.23062
638.27813
504.39082
416.25183
429.26283
444.37237
504.39082
503.97111
503.97111
504.81053
519.50036
504.81053
504.81053
567.76694
585.81445
602.60283
620.23062
638.27813
520.33978
416.25183
429.26283
443.95266
520.33978
520.33978
520.33978
519.92007
520.33978
520.75949
520.75949
519.92007
586.23416
602.18312
519.50036
637.85842
534.19019
416.25183
430.10225
443.95266
534.19019
534.19019
534.19019
534.19019
533.77048
534.60990
550.13915
567.76694
585.39474
601.76341
621.07004
638.27813
550.97857
415.83213
429.26283
444.37237
458.22278
550.97857
489.70099
504.81053
520.75949
550.55886
550.55886
567.34723
585.39474
602.60283
620.23062
638.27813
568.60636
568.60636
429.68254
444.37237
568.60636
568.18665
568.18665
568.18665
568.18665
568.18665
567.76694
568.18665
585.39474
602.18312
620.23062
637.43871
586.65387
586.65387
429.68254
444.37237
586.23416
586.65387
586.23416
586.23416
586.23416
586.65387
586.23416
585.81445
585.81445
602.18312
584.97503
638.27813
602.18312
602.18312
429.26283
444.37237
601.76341
601.76341
601.76341
601.76341
520.75949
601.76341
603.44225
602.18312
601.34370
601.76341
620.23062
638.69784
620.23062
620.23062
429.26283
443.95266
620.23062
619.81091
619.81091
505.23024
519.92007
619.81091
619.81091
619.81091
585.39474
618.97149
620.65033
637.85842
638.69784
638.69784
638.27813
638.27813
638.27813
638.27813
638.27813
638.27813
637.85842
637.85842
637.85842
637.85842
637.85842
637.85842
637.85842
638.27813
404.49997
416.25183
430.52196
446.89062
460.74104
475.85058
491.79953
507.32878
521.17920
535.02961
550.97857
567.76694
585.39474
602.18312
620.23062
639.11755
416.25183
416.25183
417.09125
446.47091
460.74104
475.43087
491.79953
507.32878
520.75949
535.02961
550.97857
568.18665
585.81445
601.76341
620.65033
639.11755
429.26283
428.84312
429.68254
429.68254
430.10225
429.68254
430.10225
429.68254
430.10225
430.10225
429.26283
568.18665
585.39474
602.18312
620.23062
639.11755
444.37237
444.37237
443.95266
444.79208
444.79208
444.37237
444.79208
444.37237
444.37237
444.37237
444.79208
568.18665
585.39474
601.76341
620.23062
639.11755
458.64249
458.64249
458.22278
458.22278
459.48191
459.06220
458.64249
458.22278
458.64249
459.06220
458.64249
567.76694
585.81445
602.18312
620.23062
639.53726
473.33232
415.83213
430.10225
472.91261
472.49290
474.17174
490.96012
506.90907
520.75949
535.02961
473.75203
567.76694
585.81445
601.76341
620.65033
639.11755
488.86157
416.25183
430.10225
444.37237
488.44186
488.02215
490.12070
506.90907
520.75949
488.86157
488.86157
567.76694
585.39474
601.76341
620.23062
639.11755
504.39082
416.25183
429.26283
444.37237
504.39082
504.39082
503.97111
505.64995
520.33978
505.23024
504.81053
567.76694
585.39474
602.18312
620.23062
639.11755
520.75949
416.67154
429.68254
444.37237
520.33978
520.33978
519.50036
519.92007
520.33978
521.17920
520.75949
520.33978
585.39474
602.60283
519.92007
639.11755
535.02961
416.25183
428.84312
444.37237
534.60990
534.60990
534.60990
534.19019
534.19019
534.60990
550.55886
567.76694
586.23416
602.60283
620.65033
639.11755
550.55886
415.83213
429.26283
443.53295
550.13915
550.13915
488.86157
505.23024
520.33978
549.71944
550.55886
567.76694
585.39474
602.18312
620.23062
638.69784
568.60636
568.60636
428.84312
443.95266
568.18665
568.18665
568.18665
504.81053
568.18665
568.60636
567.76694
567.76694
585.39474
601.76341
620.65033
638.27813
586.23416
586.23416
428.84312
444.37237
586.23416
586.23416
586.23416
586.23416
586.23416
586.23416
586.65387
585.39474
585.81445
602.18312
585.81445
637.85842
602.60283
602.60283
429.26283
443.53295
602.18312
602.60283
602.18312
602.18312
602.18312
602.60283
602.60283
602.18312
602.60283
603.02254
620.65033
638.69784
620.65033
620.23062
429.26283
443.53295
620.23062
620.23062
620.23062
620.23062
519.92007
620.65033
619.81091
619.39120
620.23062
619.81091
620.23062
638.69784
638.27813
638.27813
638.27813
638.27813
637.85842
637.85842
637.85842
637.85842
637.85842
637.85842
637.43871
637.43871
637.85842
637.43871
637.43871
638.27813
404.08026
415.83213
430.10225
444.37237
458.64249
473.33232
488.44186
504.39082
519.92007
535.02961
550.97857
568.18665
586.23416
603.02254
621.07004
638.69784
416.25183
416.25183
416.67154
444.37237
458.64249
473.33232
488.86157
504.39082
520.33978
535.44932
550.97857
568.18665
586.65387
602.60283
621.07004
639.11755
430.10225
429.68254
429.68254
429.26283
429.68254
429.26283
429.26283
429.26283
429.26283
429.26283
429.26283
568.18665
586.23416
602.60283
621.07004
639.11755
444.37237
444.37237
443.95266
443.95266
444.37237
443.95266
443.95266
443.95266
443.95266
444.37237
443.95266
568.18665
586.65387
602.60283
621.07004
638.69784
458.64249
458.64249
458.64249
458.22278
458.64249
458.64249
458.22278
458.64249
458.22278
458.22278
458.22278
568.18665
586.23416
602.60283
621.07004
639.11755
473.33232
472.91261
429.26283
444.37237
472.91261
472.91261
488.02215
504.39082
520.33978
535.02961
472.49290
568.18665
586.23416
602.60283
621.07004
639.11755
488.86157
416.25183
429.26283
488.86157
488.86157
488.44186
488.44186
503.97111
520.33978
488.02215
488.02215
568.18665
586.23416
602.60283
621.07004
639.11755
504.81053
415.83213
429.26283
504.39082
504.39082
504.39082
503.97111
504.39082
519.92007
505.23024
503.97111
568.18665
586.23416
602.60283
620.65033
639.11755
521.17920
521.17920
429.26283
521.17920
520.75949
521.17920
521.17920
520.75949
520.75949
520.33978
520.33978
519.50036
585.81445
602.18312
621.48975
639.11755
534.60990
415.83213
429.68254
443.95266
534.19019
534.19019
534.19019
534.19019
533.77048
535.02961
550.55886
568.18665
586.23416
603.02254
620.65033
639.11755
550.55886
415.83213
428.84312
443.53295
458.22278
550.55886
550.13915
504.39082
516.98210
550.55886
550.97857
567.34723
585.39474
602.18312
620.65033
638.27813
568.18665
568.18665
429.26283
443.95266
567.76694
567.76694
567.76694
567.76694
567.34723
567.76694
567.76694
568.18665
585.39474
601.76341
621.07004
637.85842
585.81445
585.39474
429.26283
585.81445
585.81445
585.39474
585.39474
585.39474
585.39474
585.81445
585.81445
585.39474
585.81445
602.18312
620.23062
638.69784
602.60283
602.60283
429.26283
443.53295
602.60283
602.60283
602.60283
602.60283
602.60283
602.60283
602.60283
602.60283
602.18312
602.60283
620.65033
637.85842
620.65033
620.65033
620.65033
443.53295
620.65033
620.65033
620.23062
620.65033
519.92007
620.23062
620.23062
619.81091
585.81445
619.81091
621.07004
638.27813
638.27813
637.85842
638.27813
638.27813
638.27813
638.27813
638.27813
637.85842
638.27813
637.85842
637.85842
637.85842
637.85842
637.85842
637.43871
638.69784
404.49997
415.83213
430.10225
444.79208
459.06220
473.75203
488.86157
504.81053
520.33978
535.86903
551.39827
569.02607
586.65387
603.44225
620.23062
638.69784
416.67154
416.67154
417.09125
444.37237
458.64249
472.91261
489.70099
504.81053
520.33978
535.44932
551.39827
569.02607
586.65387
603.44225
620.23062
638.69784
429.68254
429.68254
429.68254
430.10225
429.68254
429.26283
429.26283
430.10225
429.68254
429.68254
429.68254
569.02607
586.65387
603.44225
620.65033
639.11755
444.37237
444.37237
443.95266
443.95266
443.95266
444.37237
443.95266
443.95266
444.37237
444.37237
443.95266
569.02607
586.65387
603.44225
620.65033
638.69784
458.64249
458.64249
458.64249
458.22278
458.64249
458.64249
458.22278
458.22278
458.22278
458.22278
458.22278
569.02607
586.65387
603.44225
620.23062
637.85842
473.33232
472.91261
429.26283
472.91261
472.91261
472.91261
488.44186
504.39082
519.50036
535.44932
551.39827
569.02607
586.65387
603.44225
620.23062
638.27813
488.86157
415.83213
429.26283
488.86157
488.44186
488.44186
488.44186
503.97111
520.33978
488.02215
488.44186
569.02607
586.65387
603.86196
620.23062
638.69784
504.81053
504.81053
429.26283
504.39082
504.39082
504.39082
503.97111
504.81053
519.50036
504.39082
504.39082
569.02607
586.65387
603.44225
620.23062
638.69784
520.33978
520.33978
428.84312
520.33978
519.92007
519.92007
519.08065
519.08065
519.92007
520.33978
519.92007
569.02607
586.65387
603.44225
519.92007
638.69784
535.02961
415.83213
429.26283
444.37237
534.60990
534.60990
534.60990
534.60990
534.19019
534.60990
551.81798
569.02607
586.65387
603.44225
621.07004
638.69784
551.81798
416.25183
429.68254
443.95266
458.22278
550.97857
550.97857
550.97857
519.92007
550.55886
550.97857
567.76694
585.81445
603.44225
620.65033
639.11755
569.44578
569.44578
429.26283
443.95266
569.44578
569.44578
569.02607
569.02607
569.02607
569.02607
568.60636
569.02607
586.23416
603.86196
620.65033
637.85842
587.91300
587.91300
429.68254
587.91300
587.91300
587.91300
587.91300
587.49329
587.49329
587.49329
587.49329
587.07358
587.07358
603.86196
620.65033
639.11755
603.44225
603.86196
429.68254
443.95266
603.44225
603.44225
603.44225
603.44225
603.44225
603.44225
603.86196
603.86196
603.44225
603.86196
620.23062
639.11755
621.07004
621.07004
620.65033
443.95266
621.07004
621.07004
620.65033
503.97111
620.65033
620.23062
620.65033
568.60636
620.23062
620.23062
620.65033
638.27813
639.11755
639.11755
639.11755
639.11755
639.11755
639.11755
639.11755
638.69784
638.69784
638.69784
638.69784
638.69784
638.69784
638.27813
638.27813
639.11755
404.49997
415.41242
430.10225
444.37237
458.64249
473.33232
488.86157
504.39082
520.33978
535.86903
551.81798
569.44578
586.65387
603.44225
621.48975
639.95697
416.67154
416.25183
416.25183
444.37237
458.64249
472.91261
488.86157
504.81053
520.33978
535.86903
551.81798
569.44578
587.07358
603.44225
621.48975
639.95697
429.68254
429.26283
430.10225
429.68254
429.68254
429.68254
430.10225
429.26283
429.68254
429.26283
551.81798
569.44578
586.65387
603.44225
621.48975
639.95697
444.37237
444.37237
443.95266
444.37237
444.79208
443.95266
443.95266
444.37237
444.37237
443.53295
443.95266
569.44578
586.65387
603.44225
621.07004
639.95697
458.64249
458.64249
458.64249
458.22278
458.64249
459.06220
458.64249
458.64249
458.22278
458.64249
458.22278
569.44578
586.65387
603.44225
621.48975
639.95697
473.33232
473.33232
429.68254
473.33232
472.91261
473.33232
488.44186
504.39082
519.92007
535.86903
551.81798
569.44578
586.65387
603.44225
621.48975
639.95697
489.28128
488.86157
429.26283
488.86157
488.86157
488.44186
488.86157
503.97111
519.92007
535.44932
488.44186
569.44578
586.65387
603.02254
621.48975
639.95697
504.81053
504.81053
429.26283
504.81053
504.81053
504.39082
504.39082
504.39082
519.92007
503.97111
504.39082
569.44578
586.65387
603.02254
621.48975
639.95697
519.92007
520.33978
429.68254
519.92007
520.33978
520.33978
520.33978
519.92007
520.33978
535.44932
520.33978
569.02607
587.07358
603.44225
621.48975
639.95697
535.86903
416.25183
429.26283
444.37237
535.44932
535.44932
535.44932
535.44932
535.02961
535.44932
550.55886
569.86549
587.49329
604.28166
621.07004
639.95697
551.39827
416.25183
429.68254
443.95266
458.22278
551.39827
489.28128
504.81053
550.97857
550.55886
551.39827
568.60636
587.07358
603.44225
621.48975
639.53726
569.44578
569.44578
428.84312
444.37237
569.02607
569.02607
569.02607
569.02607
569.02607
569.02607
568.60636
569.02607
585.81445
603.44225
620.65033
639.11755
586.65387
586.65387
429.26283
586.65387
586.65387
586.65387
586.65387
586.65387
586.65387
586.65387
586.23416
586.23416
586.65387
603.44225
621.48975
639.11755
603.44225
603.44225
429.26283
443.95266
603.44225
603.44225
603.44225
603.02254
603.02254
603.02254
603.02254
603.02254
602.18312
603.44225
620.65033
639.11755
621.07004
621.07004
621.48975
443.95266
621.07004
621.07004
621.07004
620.65033
520.33978
621.07004
621.07004
620.65033
587.49329
620.23062
621.07004
639.53726
639.11755
639.11755
639.11755
639.11755
639.11755
639.11755
639.11755
639.11755
638.69784
639.11755
638.69784
638.69784
638.69784
638.69784
638.27813
639.53726
404.49997
416.25183
429.68254
444.79208
459.48191
473.75203
489.70099
505.23024
521.17920
535.86903
552.65740
568.60636
587.07358
603.44225
621.90946
638.69784
416.67154
416.67154
416.67154
445.21179
459.06220
474.17174
489.70099
505.23024
520.75949
535.44932
552.23769
569.02607
587.07358
603.44225
621.90946
638.69784
430.10225
429.68254
429.68254
429.68254
429.68254
429.26283
429.68254
430.10225
429.68254
430.10225
552.65740
568.60636
587.07358
603.44225
621.90946
638.69784
444.37237
443.95266
443.95266
444.37237
444.37237
444.37237
444.37237
443.95266
444.37237
443.95266
444.37237
568.60636
587.07358
603.44225
621.90946
638.69784
458.64249
458.64249
458.64249
458.22278
458.64249
458.64249
458.64249
458.64249
458.64249
459.06220
458.22278
568.60636
587.07358
603.44225
621.90946
638.69784
473.33232
473.33232
472.91261
472.91261
472.49290
473.33232
488.86157
505.23024
520.75949
535.02961
552.23769
568.60636
587.07358
603.44225
621.48975
638.69784
488.86157
488.86157
429.26283
488.86157
488.44186
488.44186
488.86157
504.81053
520.75949
488.44186
488.86157
568.60636
587.07358
603.44225
621.90946
638.69784
504.81053
504.81053
429.26283
504.39082
504.39082
504.39082
503.97111
504.81053
520.33978
504.39082
504.81053
568.60636
587.07358
603.44225
621.48975
638.69784
520.75949
520.75949
429.26283
520.75949
520.33978
520.33978
520.33978
520.33978
519.50036
534.60990
520.75949
569.86549
586.65387
602.60283
621.48975
638.69784
535.44932
416.25183
428.84312
444.37237
535.02961
535.02961
535.02961
535.02961
534.60990
535.02961
550.97857
569.02607
587.07358
603.86196
621.48975
638.27813
551.81798
416.25183
429.68254
443.95266
551.39827
551.81798
551.39827
550.97857
550.97857
550.97857
552.23769
568.18665
587.07358
603.44225
621.48975
640.79639
568.60636
568.60636
429.26283
444.37237
568.60636
568.18665
568.60636
568.18665
568.18665
568.18665
567.76694
569.02607
586.65387
603.02254
621.48975
639.11755
587.07358
587.07358
586.65387
586.65387
587.07358
586.65387
586.65387
586.65387
586.65387
586.65387
586.65387
586.23416
587.07358
602.60283
621.07004
639.11755
604.70137
604.70137
429.68254
443.95266
604.70137
604.70137
604.70137
604.70137
604.28166
604.28166
604.28166
603.86196
603.86196
603.86196
619.81091
639.11755
621.48975
621.48975
621.48975
621.48975
621.48975
621.48975
621.48975
621.48975
520.75949
621.07004
621.07004
621.07004
621.07004
620.65033
621.48975
638.27813
639.53726
639.53726
639.53726
639.53726
639.53726
639.53726
639.53726
639.53726
639.11755
639.11755
639.11755
639.11755
639.11755
639.11755
639.11755
639.53726
404.49997
415.41242
430.10225
445.21179
459.48191
473.75203
489.70099
505.23024
521.17920
535.44932
551.39827
568.60636
587.49329
604.28166
621.07004
640.79639
416.67154
416.67154
416.67154
444.79208
459.06220
473.75203
489.70099
505.23024
521.17920
535.86903
551.39827
569.02607
587.49329
604.28166
621.07004
640.79639
430.10225
429.68254
430.10225
429.68254
429.68254
430.10225
430.10225
429.68254
521.17920
429.68254
429.26283
569.02607
587.49329
604.28166
621.07004
640.79639
444.37237
444.37237
444.37237
444.37237
444.37237
444.37237
444.37237
444.37237
444.37237
443.95266
444.37237
569.44578
587.49329
604.28166
621.07004
640.79639
459.06220
458.64249
458.64249
458.64249
459.06220
458.64249
458.64249
458.64249
458.22278
458.64249
458.64249
569.02607
587.49329
604.28166
622.32917
640.79639
473.75203
473.75203
473.33232
473.33232
472.91261
473.33232
488.86157
504.81053
520.75949
535.86903
551.39827
569.02607
587.49329
604.28166
621.07004
639.95697
489.28128
489.28128
429.26283
489.28128
488.86157
488.86157
489.28128
504.81053
520.75949
535.44932
488.86157
569.02607
587.49329
604.70137
621.07004
640.79639
505.23024
505.23024
429.26283
504.81053
504.81053
504.81053
504.39082
504.81053
520.33978
504.81053
503.97111
569.02607
587.07358
604.28166
621.07004
640.79639
520.75949
520.75949
429.26283
520.75949
520.33978
520.75949
520.33978
520.33978
520.75949
535.44932
520.75949
569.02607
586.65387
603.86196
621.07004
640.79639
535.44932
535.86903
429.26283
444.37237
535.44932
535.44932
535.44932
535.02961
535.02961
535.02961
551.39827
569.02607
586.65387
603.02254
621.07004
640.79639
551.81798
551.81798
430.10225
443.53295
552.23769
551.39827
551.39827
504.81053
521.17920
550.55886
551.81798
569.44578
586.23416
603.44225
621.48975
640.37668
569.02607
569.02607
429.26283
443.95266
569.02607
569.02607
569.02607
569.02607
568.18665
568.60636
567.76694
569.02607
587.07358
603.44225
621.48975
639.11755
587.07358
586.65387
587.07358
586.65387
587.07358
586.65387
586.65387
586.65387
586.65387
586.23416
586.23416
586.23416
586.65387
603.44225
621.90946
639.53726
603.86196
603.44225
429.68254
603.86196
603.44225
603.44225
603.44225
603.44225
603.44225
603.02254
603.02254
603.02254
602.60283
603.44225
620.23062
639.53726
621.90946
621.90946
621.90946
621.90946
621.90946
621.90946
621.90946
621.90946
620.65033
621.48975
621.48975
621.48975
586.65387
621.07004
621.07004
639.95697
640.79639
640.37668
640.79639
640.79639
640.79639
640.79639
640.79639
640.79639
640.79639
640.79639
640.37668
640.79639
640.79639
639.95697
639.95697
639.95697
404.49997
415.83213
429.68254
444.79208
459.06220
473.33232
488.44186
504.81053
521.17920
536.28874
552.23769
570.28520
586.65387
603.44225
621.48975
640.79639
416.67154
416.67154
417.09125
444.37237
459.06220
473.33232
488.86157
504.81053
520.75949
535.86903
552.23769
570.28520
586.65387
603.86196
621.48975
640.79639
429.68254
429.68254
429.68254
430.10225
429.68254
429.68254
429.26283
429.68254
429.26283
429.68254
552.23769
569.44578
586.65387
603.44225
622.32917
640.79639
444.79208
444.79208
444.37237
444.37237
444.37237
444.37237
444.37237
443.95266
443.95266
443.95266
444.37237
570.28520
586.65387
603.44225
621.48975
640.79639
459.06220
459.06220
459.06220
458.64249
459.06220
459.06220
458.64249
459.06220
458.64249
457.80307
458.64249
570.28520
586.65387
603.86196
621.48975
640.79639
473.75203
473.75203
473.75203
473.75203
473.33232
473.33232
488.44186
504.39082
520.33978
535.86903
551.81798
569.86549
586.23416
603.44225
621.48975
640.79639
489.70099
489.70099
429.26283
489.70099
489.28128
489.28128
489.28128
504.39082
520.33978
535.86903
488.44186
569.86549
586.65387
603.44225
621.48975
640.79639
505.64995
505.23024
429.26283
505.23024
505.23024
505.23024
504.81053
504.81053
520.33978
535.86903
504.39082
569.86549
586.23416
603.44225
621.48975
640.79639
521.59890
520.75949
520.33978
520.75949
520.75949
520.75949
520.75949
520.33978
520.75949
535.44932
520.33978
569.44578
587.49329
603.86196
621.48975
640.79639
535.86903
535.44932
430.10225
444.37237
535.44932
535.44932
535.02961
535.02961
535.02961
535.44932
551.81798
569.02607
587.07358
603.02254
621.48975
640.79639
551.81798
551.81798
429.68254
444.79208
551.81798
551.39827
551.39827
551.39827
520.75949
550.97857
551.81798
569.02607
586.23416
603.44225
622.32917
639.53726
569.02607
569.02607
429.68254
569.02607
569.02607
569.02607
569.02607
569.02607
568.60636
568.60636
568.18665
569.02607
586.23416
603.86196
622.32917
640.79639
587.07358
587.07358
586.65387
444.79208
586.65387
586.65387
586.65387
586.65387
586.65387
586.23416
586.23416
586.23416
586.23416
603.44225
621.48975
639.95697
603.44225
603.44225
603.44225
603.44225
603.44225
603.02254
603.02254
603.02254
603.02254
603.02254
603.02254
602.60283
602.60283
603.02254
620.65033
639.53726
621.48975
621.48975
621.48975
621.48975
621.48975
621.48975
621.48975
621.48975
621.48975
621.48975
621.48975
621.07004
621.07004
620.65033
621.48975
639.95697
640.37668
640.37668
640.37668
640.37668
640.37668
640.37668
639.95697
639.95697
639.95697
639.95697
639.95697
639.95697
639.95697
639.53726
639.53726
639.53726
404.49997
415.83213
429.68254
445.21179
459.48191
473.75203
489.70099
505.64995
521.59890
535.02961
553.07711
569.86549
587.49329
604.28166
621.48975
639.53726
416.25183
416.25183
416.67154
445.21179
459.48191
474.17174
489.70099
505.23024
521.17920
535.02961
551.39827
569.44578
587.49329
604.28166
621.48975
639.53726
430.10225
430.10225
429.68254
429.68254
429.68254
430.10225
429.68254
430.10225
521.17920
429.68254
552.23769
569.44578
587.49329
604.28166
621.48975
639.53726
444.79208
444.37237
444.37237
444.79208
444.79208
444.37237
444.37237
443.95266
444.37237
444.79208
443.95266
569.44578
587.49329
604.28166
621.48975
639.53726
459.06220
459.06220
458.64249
458.64249
459.06220
459.06220
458.64249
458.64249
521.17920
458.64249
458.64249
569.44578
587.49329
603.86196
621.48975
639.53726
473.33232
473.75203
473.75203
473.33232
472.91261
473.75203
489.28128
505.23024
521.17920
535.02961
552.23769
569.44578
587.49329
603.86196
621.48975
639.53726
489.28128
489.28128
489.28128
489.28128
489.28128
488.86157
489.28128
504.81053
520.75949
534.60990
488.86157
569.44578
587.49329
604.28166
621.48975
639.53726
505.23024
504.81053
505.23024
505.23024
504.81053
504.81053
504.39082
505.23024
520.75949
535.02961
504.81053
569.44578
587.49329
603.86196
621.48975
639.53726
521.17920
521.17920
521.17920
520.75949
520.75949
520.75949
520.75949
520.75949
521.17920
534.60990
520.75949
569.86549
587.49329
604.70137
621.48975
639.53726
535.86903
535.44932
429.26283
443.95266
535.44932
535.44932
535.44932
535.02961
535.02961
535.44932
551.39827
569.44578
587.07358
603.86196
621.48975
639.53726
552.23769
552.23769
429.68254
444.79208
552.23769
552.23769
551.81798
551.39827
551.39827
551.39827
551.81798
568.60636
587.07358
603.44225
621.48975
640.79639
569.44578
569.44578
569.44578
569.44578
569.44578
569.44578
569.44578
569.02607
569.02607
569.02607
568.60636
569.44578
586.23416
603.86196
621.90946
640.37668
586.65387
586.65387
586.65387
586.65387
586.23416
586.23416
586.23416
586.23416
586.23416
586.23416
586.23416
585.81445
586.65387
603.02254
623.16859
640.37668
603.44225
603.44225
603.44225
603.44225
603.44225
603.02254
603.02254
603.02254
603.02254
603.02254
603.02254
602.60283
602.18312
603.44225
621.07004
640.79639
621.90946
621.90946
621.90946
621.90946
621.90946
621.48975
621.90946
621.90946
621.90946
621.48975
621.48975
621.48975
621.48975
621.07004
621.48975
639.11755
641.63580
641.63580
641.63580
641.63580
641.63580
641.21610
641.63580
640.79639
641.21610
641.21610
641.21610
641.21610
641.21610
641.21610
640.79639
641.21610
404.49997
415.83213
429.68254
445.21179
459.48191
474.17174
489.70099
505.64995
521.17920
536.28874
551.81798
569.44578
587.07358
603.44225
621.90946
640.79639
416.25183
416.67154
416.67154
445.21179
459.48191
473.75203
489.70099
505.23024
521.17920
536.28874
551.81798
569.86549
587.07358
603.02254
621.90946
640.79639
430.10225
430.10225
430.10225
430.10225
430.10225
429.68254
429.68254
430.52196
521.17920
429.68254
429.68254
569.86549
587.07358
603.44225
621.90946
640.79639
444.37237
444.37237
443.95266
444.37237
445.21179
444.79208
444.37237
444.37237
443.95266
444.79208
444.37237
569.86549
587.07358
603.44225
622.32917
640.79639
458.64249
458.64249
458.64249
458.22278
459.06220
459.06220
459.06220
458.64249
521.17920
458.22278
458.64249
569.44578
587.07358
603.44225
621.90946
640.79639
473.33232
473.33232
473.33232
472.91261
460.32133
473.33232
489.28128
504.81053
521.17920
535.86903
551.81798
569.86549
587.07358
603.44225
621.90946
640.79639
488.86157
488.86157
488.86157
488.86157
488.86157
488.44186
489.28128
504.81053
521.17920
535.86903
551.39827
569.44578
587.07358
603.02254
621.90946
640.79639
504.39082
504.81053
504.81053
504.81053
504.81053
504.39082
504.39082
504.81053
520.75949
535.86903
505.23024
569.44578
587.07358
603.44225
621.90946
640.79639
521.17920
521.17920
521.17920
520.75949
521.59890
520.75949
520.75949
520.33978
521.17920
535.44932
521.17920
569.02607
587.07358
603.86196
621.48975
640.79639
535.86903
536.28874
430.10225
443.95266
535.86903
535.86903
535.86903
535.86903
535.86903
535.86903
551.81798
569.02607
587.07358
604.70137
621.90946
640.79639
552.23769
552.23769
429.68254
444.37237
552.23769
552.23769
551.81798
551.81798
551.81798
551.39827
552.65740
569.02607
586.65387
604.28166
623.16859
640.37668
569.44578
569.44578
569.44578
569.44578
569.44578
569.02607
569.44578
569.02607
569.02607
569.02607
568.60636
569.02607
587.07358
603.86196
623.16859
640.79639
587.07358
587.07358
587.07358
586.65387
586.65387
586.65387
586.65387
586.65387
586.65387
586.65387
586.65387
586.65387
587.07358
603.86196
621.48975
640.79639
603.86196
603.86196
603.86196
603.86196
603.86196
603.86196
603.44225
603.44225
603.44225
603.44225
603.44225
603.02254
603.02254
603.86196
621.90946
640.79639
622.32917
622.32917
622.32917
622.32917
622.32917
622.32917
621.90946
621.90946
621.90946
621.90946
621.90946
621.90946
621.90946
621.48975
621.90946
640.37668
641.63580
641.21610
640.79639
641.21610
641.21610
641.21610
640.79639
640.79639
640.79639
640.79639
640.79639
640.79639
640.79639
640.79639
640.37668
640.79639
404.91968
415.83213
430.10225
444.79208
459.06220
473.75203
489.28128
505.23024
521.59890
535.44932
553.07711
569.44578
587.07358
604.70137
621.90946
640.79639
416.67154
416.67154
416.67154
444.79208
459.06220
473.75203
489.70099
505.23024
521.59890
535.44932
552.65740
569.44578
587.07358
604.70137
621.48975
640.37668
430.10225
430.10225
430.10225
430.10225
429.68254
429.68254
429.68254
430.10225
522.01861
429.68254
552.65740
569.44578
587.07358
605.12108
621.48975
640.79639
444.79208
444.37237
444.37237
444.37237
444.37237
444.37237
444.37237
444.79208
444.37237
444.37237
444.37237
569.86549
587.07358
604.70137
621.90946
640.79639
459.06220
459.06220
458.64249
458.22278
458.64249
458.64249
458.64249
458.64249
521.17920
459.06220
459.06220
569.44578
586.65387
604.70137
621.48975
640.79639
473.75203
473.75203
473.75203
473.33232
459.06220
473.75203
488.86157
504.81053
521.17920
535.44932
552.65740
569.44578
587.07358
604.28166
622.32917
640.79639
489.70099
489.28128
489.28128
489.28128
489.28128
488.86157
489.28128
504.39082
520.75949
535.44932
552.65740
569.44578
587.07358
604.70137
621.90946
640.37668
505.23024
505.23024
505.23024
504.81053
504.81053
504.81053
504.81053
504.81053
521.17920
535.02961
504.81053
569.44578
587.07358
604.70137
621.48975
640.37668
521.59890
521.59890
521.17920
521.17920
521.17920
521.17920
521.17920
521.17920
521.59890
534.60990
521.17920
569.02607
587.49329
604.28166
621.48975
640.37668
535.86903
535.86903
430.52196
444.37237
535.86903
535.86903
535.44932
535.44932
535.02961
535.86903
550.97857
569.44578
587.07358
604.28166
621.48975
640.37668
552.23769
552.23769
429.68254
444.79208
551.81798
551.39827
551.81798
551.81798
521.17920
551.81798
552.23769
568.60636
587.49329
603.86196
621.48975
640.79639
569.44578
569.44578
569.44578
569.02607
569.44578
569.02607
569.02607
569.02607
569.02607
569.02607
568.60636
569.02607
587.07358
604.28166
621.48975
641.21610
586.65387
587.07358
587.07358
587.07358
587.07358
587.07358
586.65387
586.65387
586.65387
586.65387
586.65387
586.65387
586.65387
603.02254
621.48975
639.95697
604.28166
604.28166
603.86196
603.86196
603.86196
603.86196
603.86196
603.86196
603.86196
603.86196
603.44225
603.44225
603.02254
603.86196
620.65033
640.79639
621.48975
621.90946
621.90946
621.48975
621.48975
621.48975
621.07004
621.48975
621.48975
538.80699
621.07004
621.07004
586.65387
620.23062
621.90946
639.95697
641.63580
641.63580
641.63580
641.63580
641.63580
641.63580
641.63580
641.21610
641.21610
641.21610
641.21610
641.21610
642.05551
640.79639
641.63580
640.79639
404.49997
415.83213
430.52196
445.21179
459.48191
474.17174
489.70099
505.23024
521.59890
536.28874
552.23769
569.86549
587.49329
603.86196
621.90946
640.79639
416.67154
416.67154
417.09125
445.21179
459.48191
474.17174
489.70099
505.64995
521.59890
536.28874
552.23769
569.86549
587.07358
603.86196
621.90946
640.79639
430.10225
429.68254
430.10225
430.10225
430.10225
429.68254
429.68254
430.10225
521.59890
429.68254
553.07711
569.86549
587.07358
603.86196
621.90946
641.21610
444.79208
444.79208
444.37237
444.79208
444.79208
443.95266
444.37237
444.37237
444.37237
444.37237
444.37237
569.86549
587.49329
603.86196
621.90946
640.79639
459.06220
459.06220
459.06220
458.64249
459.06220
459.48191
459.06220
459.06220
521.59890
458.64249
458.64249
569.86549
587.07358
604.28166
621.90946
640.79639
473.75203
473.75203
473.75203
473.75203
459.90162
473.75203
488.86157
505.23024
521.17920
536.28874
552.23769
569.44578
587.07358
603.86196
621.90946
640.79639
489.70099
489.70099
489.70099
489.28128
489.28128
488.86157
489.28128
504.81053
521.17920
535.86903
552.23769
569.86549
587.07358
604.28166
621.90946
640.79639
505.23024
505.23024
505.23024
505.23024
505.23024
504.81053
504.81053
505.23024
520.75949
535.86903
505.23024
569.44578
587.07358
603.86196
621.90946
641.21610
521.17920
521.17920
521.17920
521.17920
521.17920
521.17920
521.17920
520.75949
521.17920
535.44932
521.17920
569.44578
587.49329
604.28166
621.48975
640.79639
536.28874
536.28874
429.68254
444.37237
536.28874
536.28874
536.28874
535.86903
535.44932
535.86903
550.97857
569.86549
587.07358
604.70137
622.32917
640.79639
551.81798
551.81798
429.26283
444.79208
551.81798
551.81798
551.81798
551.81798
550.97857
550.97857
552.23769
570.28520
587.07358
604.28166
621.90946
640.37668
569.86549
569.44578
569.02607
569.44578
569.44578
569.44578
569.44578
569.02607
569.02607
568.60636
568.60636
569.44578
586.65387
605.12108
621.48975
639.95697
586.65387
586.65387
586.65387
586.65387
586.65387
586.23416
586.65387
586.65387
586.65387
586.23416
586.23416
585.81445
586.65387
605.12108
621.90946
642.47522
604.28166
604.28166
604.28166
604.28166
603.86196
603.86196
603.86196
603.02254
603.86196
603.86196
603.86196
603.86196
589.17212
603.86196
621.48975
641.21610
621.48975
621.48975
622.32917
621.48975
621.48975
621.48975
621.07004
621.48975
621.07004
621.07004
621.07004
621.07004
621.07004
620.65033
621.48975
640.37668
641.63580
641.63580
641.63580
641.63580
641.63580
641.63580
641.21610
641.63580
641.21610
641.21610
641.21610
641.21610
641.21610
641.21610
640.79639
640.79639
404.49997
415.83213
430.52196
445.21179
459.48191
474.17174
490.12070
505.64995
521.59890
535.86903
552.23769
569.86549
587.91300
604.70137
623.16859
640.79639
416.67154
416.67154
416.67154
445.21179
459.48191
474.17174
490.12070
505.64995
521.59890
535.86903
552.23769
569.86549
587.91300
604.70137
622.74888
640.79639
430.10225
430.10225
430.52196
430.10225
430.10225
430.10225
429.68254
429.68254
521.17920
429.68254
552.23769
569.86549
587.91300
605.12108
623.16859
641.21610
445.21179
444.79208
444.79208
445.21179
445.21179
444.79208
444.37237
444.37237
444.37237
444.37237
444.79208
569.86549
587.91300
604.70137
622.74888
640.79639
459.48191
459.48191
459.06220
459.06220
459.06220
459.48191
459.06220
458.64249
459.06220
535.86903
458.64249
569.86549
587.91300
604.70137
622.74888
640.79639
474.17174
474.17174
474.17174
473.75203
459.48191
473.75203
489.28128
505.23024
521.17920
535.86903
552.23769
569.86549
587.91300
604.28166
622.74888
640.79639
490.12070
490.12070
490.12070
489.70099
489.70099
489.28128
489.70099
505.23024
521.17920
535.86903
551.81798
569.86549
587.91300
604.70137
622.74888
640.79639
505.64995
505.64995
505.23024
505.64995
505.64995
505.23024
505.23024
505.64995
520.75949
535.44932
504.81053
569.44578
587.91300
604.70137
622.74888
640.79639
521.17920
521.17920
521.17920
521.17920
521.17920
521.17920
520.75949
520.75949
521.17920
522.01861
521.17920
569.86549
587.91300
604.70137
622.74888
640.79639
536.28874
536.28874
429.68254
536.28874
536.28874
535.86903
535.86903
535.86903
535.44932
535.86903
551.39827
570.70491
587.91300
604.28166
622.74888
640.37668
552.65740
552.65740
429.68254
444.37237
552.65740
552.23769
552.23769
552.23769
552.23769
551.81798
552.23769
569.44578
587.07358
603.86196
622.74888
640.37668
569.86549
569.86549
569.44578
569.44578
569.44578
569.44578
569.44578
569.44578
569.02607
569.02607
568.60636
569.02607
587.07358
603.86196
621.90946
641.21610
587.91300
587.91300
587.91300
587.91300
587.91300
587.49329
587.49329
587.49329
587.49329
587.49329
587.49329
587.07358
587.49329
603.86196
621.90946
640.79639
605.12108
605.12108
605.12108
605.12108
605.12108
605.12108
605.12108
605.12108
604.70137
604.70137
604.70137
604.70137
604.70137
604.70137
622.74888
639.95697
622.74888
622.74888
622.74888
623.16859
623.16859
622.74888
622.74888
622.74888
622.32917
622.32917
622.32917
622.32917
587.49329
621.90946
622.32917
639.95697
642.05551
642.05551
642.05551
642.05551
642.05551
642.05551
642.05551
641.63580
641.63580
641.63580
641.63580
641.21610
641.21610
641.21610
640.79639
641.63580
404.49997
416.25183
430.52196
445.21179
459.48191
473.75203
489.28128
505.23024
522.01861
536.28874
552.65740
569.86549
587.91300
604.70137
621.90946
640.37668
416.67154
416.67154
417.51096
445.21179
459.48191
474.17174
489.70099
505.23024
521.59890
536.28874
552.65740
569.86549
587.49329
604.70137
621.90946
640.37668
430.10225
429.68254
430.52196
430.10225
429.68254
430.10225
430.10225
429.68254
522.01861
430.10225
552.65740
569.44578
587.91300
605.12108
621.48975
640.37668
444.79208
444.79208
444.37237
444.79208
445.21179
445.21179
444.79208
444.37237
444.37237
444.37237
444.37237
569.86549
587.91300
604.28166
621.90946
640.37668
459.06220
459.06220
459.06220
445.21179
459.06220
459.48191
459.06220
459.06220
521.59890
459.06220
458.64249
569.44578
587.91300
604.70137
621.90946
639.95697
474.17174
473.75203
473.75203
473.75203
459.90162
473.75203
488.86157
505.23024
521.59890
536.28874
552.23769
569.86549
587.49329
604.70137
621.48975
640.37668
489.70099
489.70099
489.70099
489.70099
489.70099
488.86157
489.28128
504.81053
522.01861
535.86903
552.23769
569.44578
587.91300
604.70137
621.90946
639.95697
505.64995
505.23024
505.23024
505.23024
505.23024
505.23024
504.81053
505.23024
520.75949
535.86903
552.23769
569.44578
587.91300
604.70137
621.90946
639.95697
521.59890
521.17920
521.59890
520.33978
521.17920
521.17920
521.17920
520.75949
521.59890
522.01861
521.59890
569.44578
587.49329
605.12108
621.90946
639.95697
536.28874
536.70844
429.68254
535.86903
535.86903
535.86903
535.86903
535.44932
521.59890
535.44932
551.39827
570.70491
587.07358
604.28166
622.74888
639.95697
552.65740
552.65740
430.10225
444.37237
552.23769
552.23769
552.23769
552.23769
551.81798
551.39827
552.23769
569.44578
587.07358
604.28166
621.48975
639.53726
570.28520
569.86549
570.28520
569.86549
569.86549
569.86549
569.86549
569.44578
569.44578
569.44578
569.02607
569.86549
587.07358
604.70137
621.90946
639.53726
587.91300
587.91300
587.91300
587.49329
587.49329
587.49329
587.49329
587.49329
587.07358
587.07358
587.07358
587.07358
587.07358
603.44225
621.48975
639.95697
604.70137
604.70137
604.70137
604.70137
604.28166
604.28166
604.28166
604.28166
604.28166
604.28166
603.86196
603.86196
587.91300
603.86196
621.07004
639.95697
622.32917
621.90946
622.32917
621.90946
622.32917
622.32917
621.90946
621.90946
621.48975
621.90946
621.48975
621.48975
621.48975
605.96050
622.32917
639.11755
640.79639
640.37668
640.37668
640.37668
640.37668
640.37668
640.37668
639.95697
639.95697
639.11755
639.95697
639.53726
640.37668
639.53726
639.11755
639.53726
404.49997
416.25183
430.10225
445.63150
459.48191
474.17174
490.12070
505.64995
522.01861
536.28874
552.23769
569.86549
588.75242
605.96050
622.32917
640.79639
416.25183
416.67154
417.09125
445.21179
459.48191
474.17174
490.12070
506.06966
521.59890
536.28874
552.23769
569.86549
588.75242
605.96050
622.32917
640.79639
429.68254
429.26283
429.68254
430.10225
430.10225
430.10225
429.68254
429.68254
428.42341
536.28874
552.23769
569.86549
588.75242
605.96050
622.74888
640.79639
444.37237
444.37237
444.37237
444.79208
445.21179
444.79208
444.79208
445.21179
444.37237
444.37237
444.79208
569.86549
588.75242
605.96050
622.32917
640.79639
459.06220
459.06220
458.64249
445.63150
459.06220
459.06220
459.06220
458.64249
521.59890
458.64249
552.23769
570.28520
588.75242
605.96050
622.32917
640.79639
473.75203
473.75203
473.33232
473.75203
459.90162
473.75203
489.28128
505.23024
521.59890
536.28874
552.23769
569.86549
588.75242
605.96050
622.32917
640.37668
489.70099
489.28128
489.28128
488.86157
488.86157
488.86157
489.28128
505.23024
521.17920
536.28874
552.23769
569.86549
588.75242
605.96050
621.90946
640.79639
505.23024
505.23024
505.23024
505.23024
504.81053
504.81053
504.39082
505.23024
521.17920
535.86903
552.23769
569.86549
588.75242
605.96050
622.32917
640.37668
522.01861
522.43832
522.01861
522.01861
522.01861
521.59890
521.59890
521.17920
521.17920
522.01861
551.81798
570.28520
587.91300
604.70137
622.32917
640.37668
535.44932
535.44932
429.68254
535.44932
535.44932
535.44932
535.44932
535.02961
522.01861
535.44932
551.81798
569.86549
587.91300
604.70137
621.90946
640.37668
552.23769
552.23769
429.68254
444.37237
551.81798
551.81798
551.81798
551.81798
551.39827
537.54786
551.81798
569.86549
587.49329
605.12108
621.90946
640.79639
569.44578
569.86549
569.44578
569.44578
569.44578
569.44578
569.44578
569.44578
569.02607
569.02607
568.60636
569.44578
587.07358
604.70137
621.90946
639.95697
587.91300
587.49329
587.91300
587.49329
587.49329
587.49329
587.49329
587.49329
587.49329
587.49329
587.07358
587.49329
587.49329
588.75242
621.90946
640.37668
604.70137
604.70137
604.70137
604.70137
604.70137
604.70137
604.70137
604.70137
604.28166
604.28166
604.28166
604.28166
588.75242
605.12108
621.07004
639.95697
622.74888
622.32917
622.74888
622.74888
622.32917
622.32917
622.32917
621.90946
622.32917
622.32917
622.32917
621.90946
621.90946
605.12108
621.90946
639.95697
640.79639
640.79639
640.79639
640.79639
640.79639
640.79639
640.79639
640.79639
640.79639
640.37668
640.37668
640.37668
640.37668
639.95697
639.95697
640.37668
404.49997
415.83213
430.10225
445.63150
459.48191
474.17174
490.12070
505.64995
521.59890
536.70844
552.65740
569.86549
587.49329
605.12108
622.74888
640.37668
416.25183
416.67154
417.09125
445.21179
459.48191
474.17174
490.12070
505.64995
521.17920
536.70844
552.65740
569.02607
587.91300
605.12108
622.74888
640.79639
430.10225
429.68254
430.10225
430.10225
430.10225
429.68254
429.68254
430.10225
522.01861
536.70844
552.23769
569.86549
587.91300
604.70137
622.74888
640.37668
444.79208
444.37237
444.37237
444.79208
445.21179
444.79208
444.79208
444.37237
444.37237
444.37237
443.95266
569.86549
587.49329
604.70137
622.74888
640.37668
459.06220
458.64249
458.64249
445.63150
459.06220
459.06220
458.64249
505.23024
521.59890
536.70844
552.65740
569.44578
587.49329
604.70137
622.74888
640.37668
473.75203
473.75203
473.75203
473.33232
459.48191
473.75203
489.28128
505.64995
521.59890
536.70844
552.23769
569.44578
587.49329
604.70137
622.74888
640.37668
489.70099
489.28128
489.28128
489.70099
489.28128
488.86157
489.28128
505.23024
521.59890
536.28874
552.23769
569.44578
587.49329
604.70137
622.74888
640.37668
505.23024
505.23024
505.23024
504.81053
505.23024
504.81053
504.81053
505.23024
520.75949
536.28874
552.23769
569.44578
587.49329
604.70137
622.74888
640.37668
521.59890
521.59890
521.59890
521.17920
521.17920
520.75949
521.17920
520.75949
521.59890
521.17920
552.23769
570.28520
587.49329
604.28166
623.16859
640.37668
536.28874
536.28874
536.28874
536.28874
535.86903
535.86903
535.44932
535.44932
522.01861
537.12815
537.12815
569.44578
587.07358
603.86196
622.32917
640.37668
552.65740
552.65740
429.68254
444.37237
553.07711
552.65740
552.23769
552.23769
552.23769
537.12815
552.23769
569.02607
587.49329
603.86196
623.16859
640.79639
569.86549
569.86549
569.86549
569.44578
569.86549
569.44578
569.44578
569.02607
568.60636
569.02607
569.02607
568.18665
587.07358
603.44225
622.32917
640.37668
587.07358
587.07358
587.07358
587.07358
587.49329
587.07358
587.07358
587.07358
587.07358
586.65387
586.65387
586.23416
586.65387
604.70137
622.32917
640.79639
604.70137
604.70137
604.28166
604.70137
604.28166
605.12108
604.28166
604.28166
604.28166
604.28166
603.86196
603.86196
587.91300
604.28166
621.90946
639.95697
622.32917
622.32917
622.32917
621.90946
622.32917
621.90946
622.32917
621.90946
621.48975
621.48975
621.48975
621.48975
621.48975
607.21963
621.90946
639.53726
641.63580
641.63580
641.63580
641.63580
641.63580
641.21610
641.21610
641.21610
641.21610
641.21610
640.79639
640.79639
640.79639
640.79639
640.37668
640.79639
404.49997
415.83213
430.10225
445.21179
459.06220
473.75203
489.70099
505.23024
521.17920
536.28874
552.65740
569.86549
587.91300
603.86196
622.32917
641.21610
416.25183
416.67154
416.67154
444.79208
459.06220
474.17174
489.70099
505.23024
520.33978
536.28874
552.65740
569.86549
587.91300
603.86196
622.74888
641.21610
430.52196
430.10225
430.10225
430.10225
429.68254
429.68254
429.68254
429.68254
521.17920
536.28874
552.23769
569.44578
587.91300
603.86196
622.74888
641.21610
444.37237
444.37237
444.37237
444.37237
444.79208
444.79208
444.37237
504.81053
444.37237
444.79208
444.37237
569.86549
587.91300
603.86196
622.74888
641.21610
459.06220
459.06220
458.64249
445.63150
458.64249
459.48191
458.64249
505.23024
521.17920
536.28874
458.64249
569.86549
587.91300
603.86196
622.74888
640.79639
473.75203
473.75203
473.33232
473.33232
459.48191
473.75203
488.86157
504.81053
521.17920
536.28874
552.23769
569.02607
587.91300
603.86196
622.74888
640.79639
489.28128
489.28128
489.28128
489.28128
489.28128
474.59145
489.28128
504.81053
520.75949
536.28874
552.23769
569.44578
587.91300
604.28166
622.32917
640.79639
505.23024
505.23024
505.23024
505.23024
504.81053
504.81053
504.39082
504.81053
520.33978
535.86903
552.23769
569.44578
587.49329
603.86196
622.32917
640.79639
521.17920
521.17920
521.17920
521.17920
521.17920
521.59890
520.75949
520.75949
520.75949
521.59890
551.81798
569.86549
587.91300
605.12108
622.32917
640.79639
536.28874
536.28874
536.28874
536.28874
536.28874
535.86903
536.28874
536.28874
522.01861
535.86903
536.70844
569.44578
587.91300
604.70137
622.32917
640.79639
552.23769
552.65740
429.26283
444.37237
552.65740
552.23769
551.81798
551.81798
551.81798
536.28874
552.23769
569.44578
587.07358
604.28166
622.74888
640.79639
569.86549
569.86549
569.86549
569.86549
569.86549
569.86549
569.44578
569.44578
568.60636
569.02607
569.02607
569.02607
587.49329
603.86196
622.74888
640.79639
587.91300
587.91300
587.91300
587.49329
587.91300
587.91300
587.49329
587.49329
587.49329
587.49329
587.49329
571.12462
587.49329
588.33271
621.48975
640.79639
604.28166
604.28166
604.28166
604.28166
603.86196
604.28166
604.28166
604.28166
603.86196
603.86196
603.86196
603.86196
588.75242
603.86196
621.48975
640.79639
622.74888
622.32917
622.32917
622.32917
622.32917
622.32917
621.90946
621.90946
621.90946
621.48975
621.90946
621.48975
621.48975
604.70137
621.90946
640.37668
640.79639
640.79639
640.79639
640.79639
640.37668
640.37668
640.37668
640.37668
640.37668
639.95697
639.95697
639.95697
639.95697
639.95697
623.16859
640.79639
404.49997
405.33939
430.10225
445.21179
459.48191
473.75203
489.70099
505.23024
521.59890
535.86903
552.65740
569.86549
587.49329
604.70137
622.74888
640.79639
416.25183
416.25183
417.09125
444.79208
459.06220
474.17174
489.70099
505.23024
521.59890
535.86903
552.65740
569.86549
587.49329
604.70137
622.32917
640.79639
430.10225
429.68254
430.10225
430.52196
430.10225
429.68254
430.10225
505.23024
521.59890
535.86903
553.07711
569.86549
587.07358
604.28166
622.32917
640.37668
445.21179
444.79208
444.79208
444.79208
445.21179
445.21179
444.37237
444.37237
444.37237
444.37237
444.37237
569.86549
587.49329
605.54079
622.32917
640.79639
459.06220
459.48191
459.06220
445.63150
459.06220
459.48191
459.06220
504.81053
521.59890
535.86903
552.65740
569.86549
587.49329
604.70137
622.32917
640.79639
474.17174
474.59145
474.17174
473.75203
459.48191
474.17174
474.17174
505.23024
521.17920
535.86903
552.65740
569.86549
587.49329
603.86196
621.48975
640.79639
489.70099
488.02215
490.12070
489.70099
489.70099
474.59145
489.28128
504.81053
521.17920
535.44932
552.65740
569.44578
587.07358
604.70137
622.32917
640.79639
505.64995
505.64995
505.64995
505.64995
505.64995
505.64995
490.54041
504.81053
506.48936
535.44932
552.65740
569.44578
587.49329
604.28166
623.58830
640.79639
520.75949
522.01861
522.01861
521.59890
521.17920
521.17920
521.59890
520.75949
521.17920
521.59890
552.23769
569.86549
587.07358
604.28166
622.32917
640.79639
536.28874
536.28874
536.28874
535.86903
535.86903
535.86903
535.86903
535.86903
522.01861
535.44932
537.54786
569.86549
587.91300
604.28166
622.32917
640.79639
552.65740
552.65740
429.68254
552.65740
552.65740
552.65740
552.23769
552.23769
552.23769
537.12815
551.81798
569.02607
587.07358
603.86196
622.74888
640.79639
570.28520
570.28520
570.70491
569.86549
569.86549
569.86549
569.86549
569.44578
569.44578
569.02607
569.02607
569.44578
586.65387
604.70137
621.90946
640.79639
587.91300
587.49329
587.49329
587.49329
587.49329
587.91300
587.91300
587.49329
587.49329
587.07358
587.07358
571.12462
587.07358
589.59183
623.16859
640.79639
604.28166
604.28166
604.28166
604.28166
604.28166
605.12108
603.86196
603.86196
603.86196
603.86196
603.86196
603.86196
587.91300
604.28166
605.96050
640.37668
622.74888
622.32917
622.74888
622.74888
622.74888
622.74888
622.32917
622.32917
622.32917
622.32917
621.90946
622.32917
621.90946
605.54079
623.16859
639.95697
640.79639
640.79639
640.79639
640.79639
640.79639
640.37668
640.37668
640.37668
640.37668
640.79639
639.95697
639.95697
639.95697
639.95697
624.00801
640.79639
404.91968
405.33939
430.10225
445.63150
459.90162
474.59145
490.54041
506.06966
522.43832
536.70844
552.65740
570.28520
587.91300
604.28166
622.74888
641.63580
417.09125
416.67154
417.51096
445.63150
459.48191
474.59145
490.54041
506.06966
522.43832
536.70844
552.65740
570.28520
587.91300
604.70137
622.74888
641.63580
430.52196
430.10225
430.10225
430.94167
430.52196
429.68254
429.68254
430.10225
522.43832
536.70844
552.65740
570.28520
588.33271
604.70137
622.74888
640.79639
445.21179
445.21179
444.79208
445.21179
445.21179
444.79208
444.37237
444.37237
522.43832
444.37237
444.37237
569.86549
587.91300
605.54079
622.74888
641.63580
459.48191
459.48191
459.48191
446.47091
459.48191
459.90162
459.48191
506.06966
522.01861
536.70844
552.65740
569.86549
588.33271
605.12108
622.74888
641.63580
474.17174
474.17174
474.17174
446.05121
459.90162
474.17174
474.17174
505.64995
522.01861
536.70844
552.65740
569.86549
587.91300
604.28166
623.58830
641.63580
490.12070
489.70099
490.12070
490.12070
489.70099
475.01116
489.70099
505.23024
522.01861
536.28874
552.65740
569.86549
587.91300
604.28166
622.74888
641.63580
506.06966
505.64995
506.06966
505.64995
505.64995
505.64995
490.54041
505.64995
521.59890
505.64995
552.23769
569.86549
587.91300
604.28166
622.32917
641.63580
521.17920
522.01861
521.17920
521.17920
521.17920
520.75949
521.17920
506.90907
522.01861
522.01861
552.23769
570.28520
587.49329
604.28166
623.16859
641.63580
536.28874
536.28874
536.70844
536.28874
536.28874
536.28874
535.86903
535.86903
522.01861
535.86903
536.70844
569.44578
587.91300
603.86196
622.74888
641.63580
552.65740
552.65740
552.65740
552.23769
552.23769
552.23769
552.23769
551.81798
551.81798
537.54786
552.23769
569.86549
587.07358
604.28166
622.32917
641.21610
570.28520
570.28520
570.28520
570.28520
569.86549
569.86549
569.86549
569.86549
569.86549
569.44578
553.91653
569.44578
587.07358
603.86196
622.32917
641.21610
587.91300
587.91300
587.49329
587.91300
587.49329
587.49329
587.49329
587.49329
587.49329
587.07358
586.65387
571.12462
587.49329
588.75242
622.74888
640.79639
605.96050
605.96050
605.96050
605.96050
605.54079
605.96050
605.54079
605.96050
605.54079
605.12108
605.54079
605.12108
588.33271
604.70137
606.38021
641.21610
623.16859
622.74888
622.74888
622.74888
622.74888
622.74888
622.74888
622.32917
622.32917
622.32917
622.32917
622.32917
621.90946
605.96050
621.90946
640.79639
641.21610
641.21610
641.21610
641.21610
641.21610
641.21610
640.37668
640.37668
640.79639
640.79639
640.79639
640.79639
640.79639
640.79639
624.00801
642.05551
404.91968
405.33939
430.52196
445.63150
459.90162
474.59145
490.12070
506.06966
522.01861
537.12815
553.07711
569.86549
587.91300
605.12108
622.32917
641.21610
417.09125
417.09125
417.51096
445.21179
459.90162
474.59145
490.12070
506.06966
522.01861
537.12815
553.49682
570.28520
588.33271
605.12108
622.32917
641.21610
430.52196
430.52196
430.10225
430.94167
430.10225
430.52196
430.10225
505.64995
522.01861
537.12815
553.07711
570.28520
587.91300
605.12108
622.32917
641.21610
444.79208
444.79208
444.37237
444.79208
445.21179
444.37237
444.37237
445.21179
522.01861
444.79208
444.79208
569.44578
587.91300
605.12108
622.32917
641.21610
459.06220
459.06220
459.06220
446.05121
459.90162
459.48191
459.06220
506.06966
522.01861
536.70844
553.07711
570.28520
587.91300
605.12108
622.32917
641.21610
473.75203
474.17174
473.75203
445.63150
459.90162
473.33232
474.59145
505.64995
522.01861
536.70844
553.07711
569.86549
587.91300
605.12108
622.32917
641.21610
488.44186
489.70099
489.28128
489.28128
489.28128
474.59145
489.70099
490.12070
522.01861
536.70844
553.07711
569.86549
587.91300
604.70137
622.32917
641.21610
505.64995
505.64995
505.23024
505.23024
505.23024
504.39082
490.12070
505.23024
506.06966
536.28874
553.07711
569.86549
587.91300
604.70137
621.90946
641.21610
521.17920
522.01861
521.17920
521.17920
521.17920
521.17920
521.17920
506.06966
521.17920
521.59890
552.65740
570.28520
587.49329
604.28166
623.16859
640.79639
536.70844
536.70844
536.70844
536.70844
536.70844
536.28874
536.28874
536.28874
521.59890
536.28874
537.54786
569.86549
587.49329
604.70137
623.58830
640.79639
552.65740
552.65740
552.23769
552.23769
552.23769
552.23769
552.23769
551.81798
551.81798
537.12815
552.23769
570.28520
585.81445
604.28166
622.74888
640.79639
570.70491
570.70491
570.70491
570.70491
570.70491
570.28520
570.28520
570.28520
570.28520
570.28520
553.91653
570.28520
587.07358
604.28166
622.74888
640.79639
587.91300
588.33271
587.91300
587.91300
587.91300
587.49329
587.49329
587.49329
587.49329
587.49329
587.49329
571.12462
587.49329
588.75242
622.32917
640.79639
605.12108
605.12108
605.12108
605.54079
605.12108
605.12108
605.12108
605.12108
605.12108
604.70137
604.70137
604.70137
588.75242
604.70137
607.21963
640.79639
623.16859
623.16859
623.16859
622.32917
623.16859
623.16859
622.74888
623.16859
622.74888
623.16859
622.32917
622.32917
622.74888
605.96050
623.16859
624.84743
641.63580
642.05551
642.05551
642.05551
641.63580
641.63580
641.63580
641.63580
641.63580
641.63580
641.21610
641.21610
641.21610
641.21610
624.84743
640.79639
404.49997
405.33939
430.52196
445.63150
459.90162
474.59145
490.12070
506.06966
522.43832
537.54786
552.65740
570.70491
588.33271
605.96050
623.16859
641.21610
416.67154
417.09125
417.09125
445.63150
459.90162
474.59145
490.12070
506.06966
522.43832
537.12815
553.07711
570.70491
587.91300
604.70137
623.16859
641.21610
430.10225
429.68254
430.10225
430.94167
430.10225
430.10225
430.10225
506.06966
522.01861
537.54786
553.07711
570.70491
587.91300
605.12108
623.16859
641.21610
445.21179
444.79208
444.79208
444.79208
445.63150
445.21179
444.79208
445.21179
522.43832
444.79208
444.79208
570.70491
587.91300
605.12108
623.16859
641.21610
459.48191
459.48191
459.06220
446.05121
459.06220
460.32133
459.48191
505.64995
522.43832
537.54786
553.07711
570.70491
587.91300
605.12108
623.16859
641.21610
474.17174
474.17174
474.17174
445.21179
460.32133
473.75203
474.59145
506.06966
522.01861
537.54786
552.65740
570.70491
587.49329
605.12108
623.16859
641.21610
490.12070
489.70099
490.12070
489.70099
489.70099
475.01116
489.70099
490.96012
522.01861
537.12815
552.65740
570.70491
588.33271
605.12108
623.16859
641.21610
505.64995
505.64995
505.64995
505.64995
505.64995
505.64995
490.96012
505.64995
506.48936
537.12815
552.65740
570.70491
587.91300
604.70137
623.16859
641.21610
521.59890
521.59890
522.01861
522.01861
521.59890
521.59890
521.59890
506.06966
522.43832
521.59890
552.23769
570.70491
587.91300
605.12108
622.32917
641.21610
536.28874
536.28874
536.28874
535.86903
535.86903
535.86903
535.86903
535.86903
522.85803
535.86903
537.54786
569.86549
587.49329
604.28166
623.16859
640.79639
553.07711
553.07711
552.65740
552.65740
552.65740
552.65740
552.23769
552.23769
552.23769
536.70844
552.65740
570.28520
587.91300
605.12108
622.32917
640.79639
570.28520
570.28520
570.28520
570.28520
569.86549
570.28520
569.86549
569.86549
569.86549
569.86549
554.75595
572.80346
571.96404
604.70137
622.74888
640.79639
588.33271
588.75242
588.75242
588.33271
588.33271
588.33271
588.33271
588.33271
587.91300
587.91300
587.91300
571.96404
587.49329
588.75242
622.74888
641.21610
606.38021
605.54079
605.96050
605.96050
605.96050
605.96050
605.54079
605.54079
605.54079
605.54079
605.54079
605.12108
589.59183
605.12108
606.79992
640.79639
623.16859
623.58830
623.16859
623.16859
622.74888
622.74888
622.74888
622.32917
622.74888
622.32917
622.32917
622.32917
622.32917
605.96050
622.32917
624.84743
643.73435
642.47522
642.05551
642.05551
642.05551
642.05551
641.63580
641.63580
641.63580
641.63580
641.63580
641.21610
641.21610
641.21610
624.42772
641.21610
404.49997
405.33939
430.52196
446.05121
460.32133
475.01116
490.54041
506.48936
522.43832
537.12815
553.49682
570.70491
588.33271
605.54079
623.58830
642.47522
416.67154
416.67154
417.51096
445.63150
460.32133
475.01116
490.54041
506.48936
522.01861
537.12815
553.49682
570.28520
588.33271
605.54079
623.58830
642.47522
430.10225
429.68254
430.10225
430.94167
430.52196
430.10225
430.10225
506.48936
522.43832
430.10225
553.49682
570.70491
588.33271
605.54079
624.00801
642.47522
445.21179
445.21179
431.78108
445.21179
445.63150
444.79208
445.21179
445.21179
522.43832
445.21179
444.79208
570.70491
588.33271
605.54079
623.58830
642.47522
459.48191
459.48191
459.06220
446.05121
459.48191
459.90162
459.48191
506.06966
522.01861
537.12815
553.91653
570.70491
588.33271
605.54079
623.58830
642.05551
474.59145
474.59145
474.17174
445.63150
459.90162
474.17174
475.01116
506.06966
522.01861
537.12815
553.07711
570.70491
588.33271
605.54079
623.58830
642.05551
490.54041
490.12070
490.12070
490.12070
490.12070
474.59145
489.70099
491.37982
522.01861
537.12815
553.07711
570.28520
587.91300
605.54079
623.58830
642.47522
506.06966
506.06966
506.06966
506.06966
505.64995
505.64995
491.37982
505.64995
506.90907
536.70844
553.07711
570.70491
587.91300
605.54079
623.58830
642.47522
522.01861
522.01861
522.01861
520.75949
521.59890
521.59890
521.59890
506.90907
522.43832
522.43832
553.07711
570.70491
587.91300
605.54079
623.16859
642.05551
536.28874
535.86903
535.86903
536.28874
536.28874
535.86903
535.86903
535.44932
522.43832
535.86903
537.54786
571.12462
587.91300
604.70137
622.74888
642.05551
553.49682
553.49682
553.49682
553.07711
553.49682
553.49682
553.07711
553.07711
553.07711
537.54786
552.23769
554.75595
588.33271
605.12108
623.58830
641.63580
571.12462
570.70491
570.28520
570.70491
570.28520
570.28520
570.28520
570.28520
569.86549
569.86549
554.75595
569.86549
571.96404
604.70137
622.74888
642.47522
588.33271
588.33271
588.33271
588.33271
588.33271
588.33271
587.91300
588.33271
588.33271
587.91300
587.91300
572.38375
587.07358
589.59183
622.74888
642.05551
605.54079
605.54079
605.96050
605.96050
605.96050
605.54079
605.54079
605.54079
605.96050
605.12108
605.12108
605.12108
589.17212
605.12108
607.63934
642.05551
623.16859
623.16859
622.32917
623.16859
623.16859
623.16859
623.16859
622.74888
622.74888
622.74888
622.74888
622.32917
622.74888
607.21963
623.16859
624.84743
642.05551
642.05551
642.05551
642.05551
642.05551
641.63580
641.63580
641.63580
641.63580
641.63580
641.21610
640.79639
641.21610
641.21610
625.26714
641.21610
404.91968
405.75910
430.52196
446.05121
460.32133
475.01116
490.96012
506.48936
522.01861
536.70844
553.07711
571.54433
588.33271
605.54079
623.16859
642.47522
416.67154
417.09125
417.51096
446.05121
460.32133
475.01116
490.54041
506.48936
521.59890
536.70844
553.49682
571.54433
588.33271
605.54079
623.16859
642.47522
430.10225
430.10225
430.10225
430.94167
430.52196
430.52196
430.52196
506.48936
522.01861
536.70844
553.91653
571.54433
588.33271
606.38021
623.16859
642.47522
445.21179
445.21179
431.36137
445.21179
445.63150
445.63150
445.21179
445.21179
445.21179
444.79208
553.07711
571.54433
588.75242
605.96050
623.16859
642.47522
459.90162
459.48191
459.48191
446.05121
459.06220
459.90162
459.90162
506.48936
522.01861
536.70844
553.07711
571.12462
588.33271
605.96050
623.16859
642.47522
474.59145
474.59145
474.17174
446.47091
460.32133
469.13522
475.01116
506.06966
522.01861
536.28874
553.07711
571.12462
588.33271
605.96050
623.16859
642.47522
490.54041
490.54041
490.12070
490.12070
490.12070
475.43087
490.54041
491.79953
521.59890
536.28874
553.07711
571.12462
588.33271
605.96050
623.16859
642.47522
506.06966
506.06966
506.06966
506.06966
506.06966
505.64995
490.96012
506.48936
507.32878
506.06966
552.65740
571.12462
588.33271
605.54079
623.16859
642.05551
521.59890
521.59890
521.59890
521.59890
521.17920
521.17920
521.59890
507.32878
522.01861
522.85803
522.01861
570.70491
588.33271
605.54079
623.16859
642.05551
537.12815
537.12815
537.12815
536.70844
535.44932
536.70844
536.70844
536.70844
522.43832
536.70844
537.54786
570.28520
588.33271
605.54079
623.16859
642.05551
553.49682
553.49682
553.49682
553.49682
553.07711
553.07711
552.65740
552.65740
552.65740
537.54786
553.07711
554.75595
587.91300
605.54079
622.74888
642.05551
571.12462
570.70491
570.70491
570.28520
570.28520
570.28520
570.28520
570.28520
570.28520
570.28520
554.33624
570.28520
572.38375
605.12108
622.74888
642.05551
589.59183
589.17212
588.33271
588.75242
589.17212
588.75242
588.75242
588.75242
588.33271
588.33271
588.33271
571.96404
587.91300
589.59183
622.74888
641.63580
605.54079
605.96050
605.96050
605.96050
605.54079
605.96050
605.54079
604.70137
599.66486
605.54079
605.54079
605.12108
589.59183
605.12108
607.63934
641.63580
623.16859
624.00801
623.16859
622.74888
621.90946
622.74888
623.16859
622.74888
622.74888
622.32917
622.74888
622.32917
588.75242
607.63934
623.58830
625.68685
642.47522
642.05551
642.47522
642.47522
642.47522
642.47522
642.05551
642.05551
642.47522
642.05551
642.05551
641.63580
641.63580
641.63580
625.26714
644.15406
404.91968
404.91968
430.94167
446.47091
460.32133
475.01116
490.96012
506.48936
522.01861
536.70844
553.91653
571.54433
589.17212
605.54079
623.58830
642.05551
416.67154
417.51096
417.51096
446.05121
460.32133
475.43087
490.96012
506.90907
522.01861
536.70844
553.91653
571.54433
588.75242
605.54079
623.58830
642.05551
430.52196
429.68254
430.52196
430.94167
430.52196
430.52196
430.52196
506.48936
522.01861
536.70844
553.91653
571.54433
588.75242
605.54079
623.58830
642.05551
445.21179
445.21179
431.36137
445.21179
446.05121
445.21179
445.63150
445.21179
445.63150
445.21179
445.21179
571.54433
588.75242
605.54079
623.58830
642.05551
459.90162
459.48191
459.48191
446.47091
459.48191
460.32133
459.48191
506.48936
521.59890
536.70844
553.91653
571.54433
588.75242
605.96050
623.58830
642.05551
474.59145
474.59145
474.59145
446.05121
460.32133
474.17174
475.43087
506.48936
522.01861
536.70844
553.49682
571.54433
588.75242
605.54079
623.58830
642.05551
490.54041
490.12070
490.54041
490.12070
490.12070
475.85058
490.54041
491.37982
521.59890
536.28874
553.49682
571.12462
588.75242
605.96050
623.58830
642.05551
506.06966
505.64995
506.06966
506.06966
506.06966
505.64995
491.37982
506.06966
506.48936
536.28874
553.07711
570.28520
588.75242
605.54079
623.58830
641.21610
522.43832
522.43832
522.43832
521.59890
522.01861
522.01861
522.01861
507.74849
521.59890
522.43832
553.07711
571.12462
588.75242
605.54079
623.58830
642.05551
537.12815
537.12815
537.12815
537.12815
537.12815
536.70844
536.70844
536.70844
522.43832
536.28874
538.38728
571.12462
588.75242
604.70137
623.16859
641.63580
553.91653
553.49682
553.49682
553.49682
553.49682
553.49682
553.07711
553.07711
522.43832
538.38728
553.07711
555.17566
588.33271
605.54079
623.58830
642.47522
571.12462
571.12462
571.12462
571.12462
571.12462
571.12462
570.70491
570.70491
570.70491
570.70491
553.91653
567.76694
573.22317
605.12108
623.16859
642.05551
588.75242
588.75242
588.75242
588.75242
588.33271
588.33271
588.33271
588.33271
588.33271
588.33271
587.91300
572.38375
587.91300
590.43125
623.16859
642.05551
605.96050
605.96050
605.96050
605.96050
605.96050
605.12108
605.96050
605.54079
605.54079
605.54079
605.54079
605.54079
590.01154
605.96050
607.63934
642.47522
623.58830
623.58830
623.58830
623.58830
623.58830
623.58830
623.16859
623.58830
623.16859
623.16859
623.16859
623.16859
623.58830
607.63934
623.16859
626.10656
642.47522
641.21610
642.47522
642.05551
642.05551
642.05551
642.05551
642.05551
641.63580
641.63580
641.21610
641.21610
641.63580
641.21610
624.84743
647.09203
404.91968
405.75910
430.52196
446.47091
460.74104
475.43087
491.37982
506.90907
522.43832
537.96757
554.33624
572.38375
589.17212
605.54079
623.58830
643.31464
416.67154
417.09125
417.93067
446.05121
460.74104
475.85058
491.37982
507.32878
522.43832
537.96757
554.33624
572.38375
589.17212
605.96050
623.58830
642.47522
430.52196
430.10225
430.52196
431.36137
430.94167
430.94167
430.52196
506.90907
522.43832
537.96757
554.33624
572.38375
589.17212
605.12108
624.00801
642.47522
445.63150
445.63150
431.36137
443.53295
446.05121
445.63150
445.21179
445.21179
522.43832
444.79208
554.33624
572.38375
589.17212
605.54079
623.58830
642.47522
459.90162
459.90162
459.48191
446.47091
459.90162
460.32133
459.90162
506.90907
522.43832
537.54786
553.91653
572.38375
589.17212
605.96050
623.58830
642.47522
475.01116
474.59145
474.59145
446.47091
460.32133
474.59145
475.85058
506.48936
522.01861
537.54786
553.91653
572.38375
589.17212
605.96050
623.58830
642.05551
490.96012
490.54041
490.54041
490.54041
490.12070
474.59145
490.12070
491.79953
522.01861
537.54786
553.91653
572.38375
589.17212
605.54079
623.58830
642.05551
506.90907
506.48936
506.48936
506.06966
506.06966
506.06966
492.21924
504.81053
507.74849
537.12815
506.06966
571.96404
589.17212
605.54079
623.58830
643.31464
522.43832
522.01861
522.01861
522.01861
522.01861
521.59890
521.59890
507.32878
519.08065
522.85803
553.49682
571.54433
588.75242
605.54079
623.58830
642.47522
537.12815
536.70844
536.70844
537.12815
536.70844
536.70844
536.28874
536.28874
523.27774
535.86903
538.38728
571.54433
589.17212
605.96050
624.00801
642.05551
553.91653
554.33624
553.91653
553.91653
553.91653
553.49682
553.49682
553.49682
522.85803
538.80699
553.49682
555.59537
588.75242
605.54079
623.58830
642.47522
571.54433
572.38375
571.54433
571.54433
570.70491
571.12462
571.12462
570.70491
570.70491
570.70491
554.75595
571.12462
571.96404
605.54079
623.16859
642.47522
589.59183
589.59183
590.01154
589.59183
589.59183
589.17212
589.17212
589.17212
589.17212
589.17212
589.17212
572.80346
587.49329
590.43125
623.58830
642.05551
605.54079
606.38021
606.38021
606.38021
605.96050
606.38021
606.38021
605.96050
605.96050
605.54079
605.54079
605.12108
590.01154
605.54079
607.63934
642.05551
623.58830
623.58830
623.58830
623.58830
623.58830
623.16859
623.58830
623.58830
623.16859
623.16859
623.16859
623.16859
589.17212
607.63934
622.74888
625.26714
642.89493
642.89493
642.89493
642.89493
642.47522
642.89493
642.47522
641.63580
642.47522
642.05551
642.47522
642.05551
642.05551
642.05551
625.68685
641.21610
404.91968
406.17881
430.94167
446.47091
460.74104
475.43087
491.37982
506.90907
522.43832
537.54786
554.33624
572.38375
589.17212
605.96050
624.42772
643.31464
417.09125
417.09125
417.93067
446.05121
460.74104
475.43087
491.37982
506.90907
522.43832
537.54786
553.91653
572.38375
589.17212
605.96050
624.00801
643.31464
430.52196
430.52196
430.52196
431.36137
430.94167
430.94167
430.52196
506.90907
522.85803
537.12815
554.33624
571.96404
589.17212
604.70137
624.42772
643.73435
445.63150
445.21179
431.78108
445.63150
446.05121
446.05121
445.63150
445.63150
522.85803
445.21179
554.33624
572.38375
588.75242
605.54079
624.00801
643.31464
459.90162
459.90162
459.06220
446.89062
460.74104
460.74104
460.32133
506.90907
522.43832
537.54786
553.91653
571.96404
589.17212
605.96050
623.58830
643.31464
475.01116
474.59145
474.59145
446.47091
460.74104
475.01116
475.43087
506.48936
522.43832
537.12815
553.91653
571.96404
588.75242
605.96050
624.00801
643.31464
490.54041
490.54041
490.54041
490.12070
460.32133
475.85058
490.54041
492.21924
522.43832
537.12815
553.91653
571.54433
588.75242
605.96050
624.00801
643.31464
506.48936
506.48936
506.06966
506.06966
506.06966
505.64995
491.79953
506.06966
507.74849
537.12815
553.91653
571.54433
589.17212
605.54079
623.58830
644.15406
522.43832
523.27774
522.85803
522.43832
522.43832
522.43832
522.43832
508.16820
523.27774
523.69745
522.85803
571.54433
589.59183
606.38021
623.58830
642.89493
537.12815
537.12815
537.12815
537.12815
537.12815
537.12815
536.70844
536.70844
522.85803
536.70844
538.38728
571.54433
588.75242
605.96050
623.58830
643.31464
553.91653
553.91653
553.91653
553.49682
553.49682
553.49682
553.49682
553.07711
522.43832
539.22670
553.49682
556.01508
588.75242
606.79992
623.58830
642.47522
571.96404
572.38375
430.10225
572.38375
571.96404
571.96404
571.96404
571.96404
571.54433
573.64288
555.59537
573.22317
574.06258
605.54079
623.58830
642.89493
589.17212
589.17212
589.17212
589.17212
589.17212
589.17212
589.17212
588.75242
587.91300
588.75242
588.75242
573.64288
588.33271
590.85096
623.58830
642.89493
606.38021
606.38021
606.38021
606.38021
605.96050
605.96050
605.96050
605.96050
605.96050
605.54079
605.54079
605.54079
591.27067
603.02254
608.47876
642.89493
624.42772
624.00801
624.00801
624.00801
624.00801
624.00801
623.58830
623.58830
624.00801
624.00801
623.16859
623.16859
589.59183
608.05905
622.32917
626.52626
643.31464
643.31464
643.31464
643.31464
643.31464
642.89493
642.89493
642.47522
642.47522
643.31464
642.05551
642.47522
642.47522
642.47522
626.94597
643.31464
404.49997
405.75910
430.94167
446.47091
460.74104
475.43087
491.37982
506.90907
522.85803
537.54786
554.33624
572.38375
589.59183
606.79992
624.42772
644.15406
417.09125
417.51096
417.93067
446.05121
460.74104
475.43087
491.37982
506.90907
522.85803
537.54786
554.33624
572.38375
589.59183
606.79992
625.26714
643.73435
430.94167
430.94167
430.94167
431.78108
430.94167
430.94167
430.94167
506.90907
522.85803
537.54786
554.33624
572.38375
589.59183
606.79992
624.84743
644.15406
446.05121
445.63150
431.78108
447.31033
446.05121
445.63150
445.63150
445.63150
522.85803
445.63150
554.75595
572.38375
589.59183
606.79992
624.42772
643.73435
460.32133
459.90162
459.90162
446.89062
459.90162
460.74104
460.32133
506.90907
522.85803
537.54786
554.33624
572.38375
589.59183
606.79992
624.42772
643.73435
475.43087
475.01116
475.01116
446.47091
461.16075
475.01116
475.85058
506.48936
522.43832
537.54786
553.91653
572.38375
589.59183
606.79992
624.42772
643.31464
491.37982
491.37982
491.37982
490.96012
460.74104
476.27028
489.28128
492.21924
522.85803
537.96757
553.91653
572.38375
589.59183
606.79992
624.42772
643.31464
507.32878
506.90907
506.90907
506.90907
506.48936
507.32878
492.21924
506.48936
508.58791
537.12815
553.91653
571.96404
589.17212
606.79992
624.42772
643.73435
522.43832
522.01861
522.43832
522.43832
522.01861
522.01861
522.43832
507.74849
522.01861
523.27774
553.91653
571.54433
589.17212
606.38021
624.42772
643.73435
537.54786
537.12815
538.38728
537.54786
537.12815
537.12815
537.12815
507.32878
523.27774
536.70844
539.64641
571.96404
589.59183
606.38021
624.00801
643.73435
553.91653
553.91653
554.33624
553.49682
553.91653
553.49682
553.49682
553.07711
523.27774
539.22670
553.07711
556.01508
589.59183
606.38021
624.00801
642.05551
572.80346
572.38375
571.12462
571.96404
571.96404
571.96404
571.54433
571.96404
571.54433
571.54433
556.01508
571.12462
574.06258
606.38021
624.00801
643.31464
589.59183
589.59183
590.43125
590.43125
589.17212
589.59183
589.17212
589.59183
589.59183
590.01154
589.17212
574.48229
587.49329
592.11009
624.00801
643.73435
605.96050
606.79992
606.38021
606.79992
606.38021
606.38021
606.38021
606.38021
605.96050
605.96050
605.12108
572.80346
591.69038
605.96050
608.47876
643.73435
624.84743
624.84743
624.84743
624.00801
624.42772
624.42772
624.42772
624.42772
624.00801
624.00801
624.42772
624.00801
590.43125
608.89847
621.90946
625.68685
643.73435
643.73435
643.73435
643.73435
643.73435
643.73435
643.73435
643.31464
643.31464
643.31464
642.47522
643.31464
642.89493
642.89493
626.52626
642.05551
405.33939
406.17881
431.36137
446.47091
460.74104
475.85058
491.79953
507.32878
523.69745
537.96757
554.75595
572.80346
590.01154
607.63934
624.84743
642.89493
417.09125
417.93067
417.93067
417.51096
460.74104
475.43087
491.79953
507.32878
523.27774
538.38728
554.75595
572.80346
590.01154
607.21963
624.84743
643.31464
430.94167
430.94167
430.94167
430.94167
431.36137
430.94167
430.94167
507.32878
523.27774
537.96757
554.75595
572.80346
590.43125
607.21963
624.84743
644.15406
446.05121
446.05121
431.78108
446.05121
446.47091
446.05121
446.05121
446.05121
523.27774
446.47091
554.75595
572.38375
590.01154
607.63934
624.84743
643.73435
460.32133
460.32133
460.32133
446.05121
459.06220
461.16075
460.32133
506.90907
522.85803
537.96757
555.17566
572.38375
590.01154
607.21963
624.84743
642.47522
475.43087
475.43087
475.43087
446.89062
461.16075
475.43087
476.27028
506.48936
523.27774
537.96757
554.75595
572.80346
590.01154
607.21963
624.84743
643.73435
491.37982
491.79953
491.37982
490.96012
460.74104
476.27028
490.96012
492.63895
523.27774
537.96757
554.75595
572.38375
589.59183
607.21963
624.42772
643.31464
507.32878
506.48936
506.90907
506.90907
506.90907
506.90907
491.79953
506.48936
508.16820
537.96757
506.90907
572.38375
589.59183
606.79992
624.42772
509.42733
522.85803
522.85803
522.85803
522.43832
522.43832
522.85803
522.01861
508.16820
521.59890
524.11716
554.33624
571.96404
589.59183
606.38021
624.00801
643.31464
537.54786
537.12815
537.12815
537.54786
537.12815
537.12815
537.12815
507.74849
523.69745
537.96757
539.22670
571.96404
589.59183
606.79992
624.42772
642.05551
554.33624
554.33624
554.75595
554.33624
554.33624
554.33624
553.91653
553.91653
523.27774
539.64641
553.91653
556.85450
589.59183
606.79992
624.00801
642.89493
573.22317
573.22317
572.80346
572.80346
572.80346
572.80346
572.38375
572.38375
572.80346
572.38375
554.75595
572.38375
574.48229
606.38021
624.00801
647.09203
589.59183
589.59183
589.59183
590.01154
589.59183
589.59183
589.59183
589.59183
589.17212
589.17212
589.17212
574.48229
589.17212
592.11009
624.00801
643.31464
607.21963
607.21963
607.21963
606.79992
607.21963
606.38021
606.79992
607.63934
606.38021
606.79992
606.38021
573.22317
590.85096
605.96050
608.89847
643.31464
624.84743
625.26714
624.84743
624.84743
624.84743
624.42772
624.42772
624.42772
624.42772
624.42772
624.00801
624.00801
590.85096
609.31818
623.58830
627.36568
644.15406
644.15406
644.15406
644.15406
643.73435
643.73435
643.73435
643.73435
643.31464
643.31464
643.73435
642.89493
643.31464
643.73435
627.36568
642.47522
405.75910
406.17881
431.36137
446.89062
460.74104
475.85058
491.79953
405.75910
523.69745
537.54786
555.17566
573.22317
590.01154
607.21963
625.26714
643.73435
417.09125
417.51096
417.93067
417.93067
460.74104
475.43087
491.79953
507.32878
524.11716
537.96757
555.17566
571.96404
590.43125
607.21963
625.26714
644.15406
431.36137
430.94167
430.94167
431.78108
431.78108
431.36137
431.36137
507.32878
523.27774
537.96757
554.75595
573.22317
590.43125
607.63934
625.26714
644.15406
446.05121
446.05121
432.20079
445.21179
446.47091
446.47091
446.47091
446.05121
523.27774
446.05121
554.75595
573.22317
590.43125
607.21963
624.84743
644.15406
460.32133
460.32133
459.90162
446.05121
459.90162
461.16075
460.74104
506.90907
523.27774
537.96757
555.17566
572.80346
590.01154
607.21963
624.84743
644.57377
475.43087
475.43087
475.01116
447.31033
461.58045
475.01116
476.27028
506.90907
522.85803
537.96757
554.75595
572.80346
590.01154
607.21963
624.84743
644.15406
491.37982
491.37982
491.37982
491.37982
461.58045
476.68999
490.96012
493.05866
522.85803
537.54786
554.75595
572.80346
590.01154
606.38021
625.26714
644.15406
507.32878
507.32878
506.90907
506.90907
506.48936
506.48936
493.05866
509.42733
508.58791
507.74849
554.33624
571.96404
590.43125
606.79992
624.84743
644.15406
522.85803
522.85803
523.27774
522.85803
522.85803
522.85803
522.43832
508.16820
520.33978
524.53687
523.69745
572.38375
589.59183
608.47876
624.42772
644.15406
537.54786
537.96757
537.54786
537.54786
537.54786
537.12815
537.12815
507.74849
524.11716
537.54786
539.64641
571.96404
590.01154
606.38021
624.84743
643.73435
555.17566
556.85450
554.75595
554.75595
554.75595
554.33624
554.33624
554.33624
523.69745
540.90554
554.33624
556.43479
589.59183
606.79992
624.84743
643.73435
572.80346
572.80346
572.80346
572.80346
572.38375
572.38375
572.38375
572.80346
571.96404
572.38375
556.85450
572.80346
574.06258
606.38021
624.42772
644.15406
590.43125
592.94951
590.85096
590.85096
590.43125
590.43125
590.85096
590.01154
590.01154
590.01154
590.01154
574.06258
590.01154
592.52980
624.84743
644.15406
606.79992
607.21963
607.63934
606.79992
606.79992
606.79992
606.38021
606.38021
606.38021
605.96050
606.38021
573.64288
590.85096
606.38021
610.57731
643.73435
625.26714
625.26714
625.26714
624.84743
624.84743
624.84743
624.84743
624.42772
624.42772
624.42772
624.42772
624.00801
590.85096
609.73789
624.42772
626.94597
644.15406
643.31464
644.15406
644.15406
644.15406
643.73435
640.79639
643.73435
643.73435
643.73435
643.31464
643.31464
643.31464
643.31464
627.36568
643.31464
405.33939
406.17881
431.36137
446.89062
461.16075
476.27028
492.63895
509.00762
523.69745
538.38728
555.59537
572.38375
590.43125
607.21963
625.26714
644.99348
417.51096
417.93067
417.51096
418.35038
461.16075
475.85058
491.79953
507.74849
523.69745
538.38728
555.59537
573.22317
590.43125
607.21963
624.84743
644.99348
431.36137
430.94167
431.36137
431.78108
431.78108
431.78108
431.36137
507.74849
523.69745
538.38728
555.59537
573.22317
590.43125
607.63934
625.26714
644.99348
446.47091
446.05121
432.20079
446.05121
447.31033
446.47091
447.31033
446.89062
523.27774
446.47091
555.59537
572.80346
590.85096
607.21963
624.84743
644.99348
460.74104
460.74104
460.74104
447.73004
461.58045
460.74104
461.16075
507.32878
523.27774
537.96757
555.59537
573.22317
590.43125
607.21963
625.26714
644.99348
475.85058
475.85058
475.85058
447.31033
461.58045
472.49290
477.10970
507.32878
523.27774
537.96757
555.17566
573.22317
590.01154
607.21963
625.26714
644.15406
491.79953
492.21924
492.21924
491.79953
461.16075
476.68999
491.37982
493.47837
523.27774
537.96757
555.17566
572.80346
590.43125
607.21963
625.26714
644.57377
507.32878
507.74849
507.74849
507.32878
507.32878
507.32878
491.79953
507.32878
509.00762
508.16820
553.91653
572.80346
590.43125
607.21963
624.84743
644.57377
523.69745
523.27774
523.27774
523.27774
523.27774
522.85803
522.85803
509.00762
523.27774
524.11716
523.69745
572.80346
590.01154
607.21963
625.26714
644.15406
537.96757
538.38728
537.54786
537.96757
537.96757
537.54786
537.54786
508.58791
524.53687
537.54786
539.64641
573.64288
590.01154
607.63934
624.84743
644.57377
555.17566
555.17566
555.17566
555.17566
554.75595
554.75595
554.75595
554.33624
524.11716
539.22670
554.33624
556.85450
590.01154
607.21963
625.26714
644.57377
572.80346
572.80346
572.80346
572.38375
572.80346
571.96404
571.54433
571.96404
571.96404
572.38375
556.43479
567.76694
575.74142
606.79992
624.42772
644.15406
591.69038
590.85096
590.85096
590.85096
590.43125
590.43125
590.43125
590.01154
590.43125
590.01154
590.01154
574.90200
588.33271
592.52980
624.84743
644.57377
607.63934
608.05905
608.05905
608.05905
608.05905
608.05905
607.63934
607.63934
608.47876
607.21963
607.21963
574.06258
592.52980
607.21963
610.99702
646.25261
625.26714
625.68685
625.26714
625.68685
625.26714
625.26714
624.00801
625.26714
625.26714
624.84743
624.84743
625.26714
591.69038
610.15760
621.48975
627.78539
644.15406
643.73435
644.15406
643.31464
643.73435
644.15406
643.73435
643.73435
643.73435
643.31464
642.89493
644.15406
642.89493
643.31464
628.20510
640.79639
405.33939
406.17881
431.36137
447.31033
461.16075
476.27028
492.21924
507.74849
523.69745
538.80699
555.17566
573.22317
590.85096
608.05905
625.26714
645.41319
417.93067
417.93067
418.77009
417.93067
461.16075
476.27028
492.21924
508.16820
523.69745
538.80699
555.17566
573.64288
590.43125
606.79992
625.68685
645.41319
431.36137
419.60951
430.94167
432.62050
432.20079
432.20079
431.36137
507.74849
523.69745
538.38728
555.17566
573.22317
590.43125
607.63934
625.68685
645.41319
446.89062
446.47091
432.62050
446.47091
446.47091
447.31033
446.89062
507.74849
523.27774
538.80699
555.59537
573.64288
590.43125
607.63934
625.26714
645.41319
460.74104
460.74104
432.20079
446.89062
462.41987
462.00016
461.16075
507.32878
523.27774
538.80699
555.17566
573.64288
590.43125
608.47876
625.68685
644.99348
476.27028
476.27028
475.85058
447.73004
462.00016
475.43087
477.10970
507.32878
523.27774
538.80699
555.17566
573.22317
590.43125
607.63934
625.26714
644.99348
492.21924
492.21924
492.21924
491.79953
461.58045
477.10970
491.79953
493.47837
523.27774
538.38728
554.75595
573.22317
590.43125
607.63934
625.26714
644.99348
507.74849
508.16820
507.74849
507.74849
507.32878
507.74849
492.21924
506.90907
509.42733
508.58791
554.75595
572.80346
589.17212
607.63934
625.68685
644.99348
523.27774
523.27774
523.27774
523.27774
522.85803
522.85803
493.47837
509.42733
524.11716
523.69745
524.53687
573.22317
590.01154
606.79992
625.26714
644.99348
538.38728
538.38728
537.96757
537.54786
537.54786
537.54786
537.54786
508.16820
524.11716
537.54786
540.48583
572.38375
590.43125
607.21963
625.26714
644.57377
555.59537
555.59537
555.17566
554.75595
554.75595
554.75595
554.33624
554.33624
524.53687
539.64641
555.59537
557.27421
590.01154
606.79992
625.26714
644.57377
573.64288
573.64288
573.64288
573.22317
574.06258
572.80346
573.22317
572.38375
572.80346
572.80346
556.85450
572.80346
575.74142
574.06258
624.84743
644.57377
590.85096
591.27067
591.27067
590.85096
592.52980
590.43125
590.43125
590.43125
590.43125
590.43125
590.43125
576.16113
589.59183
590.85096
591.69038
644.57377
608.47876
607.63934
608.05905
607.63934
608.05905
607.21963
607.21963
607.21963
607.21963
607.21963
607.21963
574.06258
592.94951
607.63934
610.99702
644.99348
625.68685
625.68685
626.10656
625.68685
625.68685
625.26714
625.26714
625.26714
625.26714
622.74888
624.84743
625.26714
590.85096
610.57731
624.42772
628.62481
645.41319
644.57377
644.99348
644.57377
644.99348
644.57377
644.57377
644.57377
644.57377
644.15406
644.15406
644.15406
644.15406
644.15406
628.62481
642.47522
405.75910
406.59852
431.78108
447.73004
461.58045
476.27028
492.63895
508.16820
523.69745
538.38728
555.59537
573.22317
590.85096
608.05905
626.94597
645.41319
418.35038
418.35038
418.77009
418.77009
461.58045
476.68999
492.63895
508.16820
523.27774
538.80699
556.01508
573.22317
590.01154
608.05905
626.52626
645.41319
431.78108
431.36137
430.94167
432.20079
432.62050
432.20079
431.78108
508.16820
523.69745
538.38728
555.59537
573.22317
590.01154
608.05905
626.10656
645.41319
448.56946
446.89062
433.04021
445.21179
447.73004
447.31033
448.56946
508.16820
523.69745
538.80699
555.59537
574.06258
590.43125
608.05905
626.52626
645.41319
461.58045
461.58045
432.62050
449.40888
460.74104
462.00016
461.58045
508.16820
523.69745
538.38728
555.17566
573.22317
590.01154
606.79992
626.10656
645.83290
476.68999
476.27028
476.27028
448.14975
462.41987
476.27028
477.10970
507.74849
523.27774
538.38728
555.17566
573.22317
590.01154
606.79992
625.68685
645.41319
493.05866
493.47837
492.63895
448.14975
462.00016
477.94912
491.79953
494.73750
523.27774
537.96757
555.17566
572.80346
590.01154
607.63934
625.68685
645.41319
508.58791
508.58791
508.58791
508.58791
508.16820
508.16820
493.89808
510.26675
509.42733
508.58791
554.75595
572.80346
590.01154
607.63934
626.10656
644.99348
523.69745
523.69745
523.69745
524.11716
523.27774
523.27774
493.89808
509.84704
521.17920
525.37629
524.53687
572.38375
590.43125
606.79992
624.84743
644.99348
538.38728
538.80699
538.38728
537.96757
537.96757
538.38728
537.96757
509.00762
525.37629
537.54786
540.90554
572.80346
590.01154
607.63934
624.84743
644.99348
555.59537
555.17566
555.17566
555.17566
555.17566
553.91653
555.17566
554.75595
525.37629
540.48583
555.17566
557.69392
590.01154
607.21963
625.26714
644.99348
573.64288
573.64288
573.64288
573.22317
572.80346
573.22317
573.22317
572.80346
572.80346
572.80346
557.27421
572.80346
574.90200
574.06258
625.26714
644.99348
590.43125
590.43125
590.01154
590.85096
590.01154
590.01154
590.01154
590.01154
589.59183
589.59183
589.59183
574.90200
592.52980
592.94951
626.52626
645.41319
607.63934
608.05905
607.63934
607.63934
608.05905
607.21963
607.21963
607.21963
606.79992
606.79992
607.21963
574.48229
592.94951
607.63934
611.41673
644.15406
625.68685
625.68685
626.10656
625.68685
625.26714
624.84743
625.26714
625.68685
625.26714
625.26714
624.42772
625.26714
592.11009
610.99702
624.42772
625.26714
645.41319
644.57377
645.41319
645.41319
645.41319
645.41319
644.99348
644.99348
644.99348
644.57377
644.15406
644.57377
644.57377
611.41673
626.94597
644.57377
405.75910
407.01823
431.78108
448.14975
462.00016
477.10970
493.47837
508.58791
524.53687
539.22670
555.59537
572.80346
590.43125
607.63934
626.52626
645.41319
417.93067
417.93067
418.77009
418.77009
462.00016
477.10970
493.47837
509.42733
524.95658
538.80699
555.59537
573.64288
590.43125
608.89847
626.52626
650.44970
431.78108
420.44893
431.36137
432.62050
432.62050
432.20079
432.62050
509.00762
524.53687
539.22670
555.59537
573.64288
590.43125
607.63934
626.52626
645.41319
446.47091
446.47091
433.04021
446.89062
448.14975
447.73004
447.73004
446.89062
524.53687
539.22670
556.01508
573.22317
590.43125
607.63934
626.94597
645.41319
460.74104
460.74104
433.04021
448.56946
460.74104
462.41987
461.16075
509.00762
524.53687
539.22670
555.59537
573.64288
590.43125
608.89847
626.52626
645.41319
475.85058
475.85058
475.43087
448.56946
462.41987
475.43087
477.52941
507.74849
523.69745
538.80699
555.59537
573.64288
590.43125
607.63934
626.52626
645.41319
491.37982
491.79953
491.79953
491.37982
462.00016
477.52941
491.37982
494.31779
493.47837
538.80699
555.17566
571.96404
590.01154
607.21963
626.94597
644.57377
507.74849
507.74849
507.74849
507.32878
507.74849
476.68999
494.73750
510.26675
509.42733
509.42733
555.17566
574.06258
590.43125
607.21963
626.10656
644.99348
524.11716
524.53687
523.27774
523.69745
523.69745
523.27774
493.05866
509.84704
522.85803
525.79600
524.95658
572.80346
590.43125
607.63934
626.10656
644.99348
538.80699
538.80699
538.38728
538.80699
538.38728
537.96757
537.96757
509.42733
524.53687
537.96757
540.90554
573.22317
590.43125
607.21963
625.68685
644.99348
556.01508
555.59537
555.59537
556.43479
555.59537
555.17566
554.75595
555.59537
524.95658
540.90554
556.43479
557.27421
590.01154
607.63934
625.68685
644.99348
573.64288
573.64288
573.64288
573.64288
573.22317
572.38375
572.80346
572.80346
572.80346
540.06612
557.69392
573.22317
576.16113
574.48229
625.68685
644.15406
591.27067
416.25183
591.69038
590.43125
590.43125
590.43125
590.85096
590.01154
590.01154
589.59183
590.01154
575.32171
588.75242
593.36922
592.11009
644.57377
608.05905
608.05905
607.63934
608.05905
608.05905
607.63934
607.21963
608.05905
607.63934
609.31818
607.21963
574.48229
593.36922
606.79992
610.99702
644.99348
626.52626
626.52626
626.52626
626.52626
626.52626
626.10656
625.68685
625.68685
626.10656
625.26714
625.68685
625.68685
591.27067
610.99702
626.10656
629.46423
644.99348
644.99348
645.41319
644.99348
644.57377
644.99348
644.57377
644.15406
644.57377
644.15406
643.73435
644.15406
644.15406
609.31818
629.04452
644.99348
405.75910
406.59852
431.78108
447.73004
461.58045
476.68999
491.79953
508.58791
524.11716
539.64641
556.01508
573.64288
592.52980
608.05905
626.10656
645.83290
407.01823
418.35038
418.77009
418.77009
461.58045
476.68999
492.63895
508.58791
523.69745
539.64641
556.01508
573.64288
590.85096
608.05905
627.78539
645.83290
431.78108
418.35038
432.62050
433.04021
432.20079
432.20079
431.78108
508.58791
524.11716
539.64641
556.43479
574.06258
590.85096
608.05905
627.78539
646.25261
447.31033
446.89062
433.04021
445.21179
447.73004
447.73004
447.73004
447.31033
524.11716
539.64641
556.43479
573.64288
590.85096
608.05905
626.52626
645.83290
461.16075
461.16075
433.04021
448.56946
461.58045
462.41987
462.00016
508.16820
524.11716
539.64641
556.01508
574.06258
590.43125
608.05905
626.52626
644.99348
476.27028
476.27028
476.27028
448.14975
462.41987
475.85058
479.62796
507.74849
524.11716
539.22670
555.59537
573.64288
590.43125
608.47876
626.10656
645.83290
492.63895
492.63895
492.63895
448.14975
462.00016
477.52941
493.89808
491.79953
493.05866
539.22670
555.59537
573.64288
591.27067
608.05905
625.68685
645.41319
508.16820
508.16820
508.16820
508.16820
507.74849
477.10970
493.47837
507.74849
510.26675
509.00762
507.74849
572.38375
590.01154
607.63934
626.10656
644.57377
524.11716
524.11716
524.11716
523.69745
523.69745
523.69745
493.89808
510.68646
523.69745
525.79600
525.37629
573.22317
590.85096
608.05905
626.10656
645.41319
539.22670
539.22670
539.22670
538.80699
539.22670
538.38728
538.38728
509.00762
524.53687
540.06612
542.16467
572.80346
590.01154
607.21963
625.68685
644.15406
555.59537
556.01508
555.59537
555.59537
555.59537
555.59537
555.17566
508.58791
524.95658
541.32525
555.59537
558.53334
590.85096
607.63934
626.10656
644.99348
573.22317
573.22317
573.22317
573.22317
573.22317
573.22317
574.06258
572.80346
572.38375
540.06612
558.53334
573.22317
578.25968
574.90200
625.68685
644.57377
590.85096
590.85096
590.85096
590.85096
590.43125
590.43125
590.01154
590.43125
590.43125
590.43125
556.85450
580.35823
590.01154
592.94951
592.11009
644.15406
607.63934
608.05905
608.47876
608.05905
607.63934
606.79992
608.05905
607.21963
607.63934
606.38021
607.21963
575.74142
591.69038
606.38021
611.41673
645.41319
626.52626
626.52626
626.94597
626.94597
626.10656
626.10656
625.68685
626.10656
626.10656
625.26714
626.52626
626.52626
594.20864
611.83643
626.10656
630.30365
645.41319
645.41319
645.83290
645.41319
645.41319
644.15406
645.41319
644.15406
644.15406
644.99348
644.99348
644.57377
644.57377
609.73789
629.88394
644.99348
406.17881
406.59852
432.62050
448.14975
462.00016
477.10970
493.05866
508.58791
524.11716
540.48583
556.01508
575.32171
591.27067
608.05905
626.52626
645.41319
407.01823
418.35038
419.18980
418.77009
462.00016
476.27028
493.47837
508.58791
524.11716
539.22670
556.01508
574.06258
590.01154
607.63934
625.26714
647.51174
432.20079
419.18980
431.78108
433.04021
432.62050
432.20079
432.20079
508.58791
524.11716
539.22670
556.85450
574.90200
591.27067
607.63934
626.94597
646.25261
447.73004
447.31033
433.45992
446.89062
448.56946
447.73004
448.14975
508.16820
524.53687
539.64641
556.43479
574.06258
591.27067
608.47876
626.94597
645.41319
462.00016
462.00016
432.62050
448.14975
461.58045
462.41987
462.00016
507.74849
524.53687
539.22670
556.01508
574.48229
590.85096
607.63934
626.94597
644.15406
477.10970
476.68999
477.10970
448.56946
462.41987
475.85058
477.94912
508.16820
523.69745
539.22670
556.01508
574.06258
590.43125
608.05905
626.94597
645.83290
493.47837
493.47837
493.47837
448.14975
462.41987
477.94912
491.79953
495.15721
493.89808
538.80699
556.01508
574.06258
590.43125
605.96050
626.94597
645.83290
509.42733
509.42733
509.00762
509.00762
509.00762
477.10970
493.05866
507.74849
510.68646
509.42733
509.00762
574.06258
590.85096
607.63934
626.52626
645.83290
524.53687
524.11716
524.11716
523.69745
524.11716
523.69745
493.47837
509.84704
523.69745
526.21571
524.11716
574.90200
590.85096
607.63934
627.78539
645.83290
539.22670
539.22670
540.90554
539.22670
538.80699
539.64641
538.80699
509.84704
525.37629
538.80699
540.90554
573.22317
590.01154
607.63934
626.10656
644.99348
556.01508
556.01508
556.01508
555.59537
556.01508
555.59537
555.59537
555.59537
525.37629
541.32525
555.59537
558.53334
590.43125
606.79992
626.10656
644.99348
574.06258
574.48229
574.06258
574.06258
573.64288
573.64288
573.64288
573.22317
572.80346
540.06612
558.95304
572.38375
577.42026
575.74142
626.10656
644.99348
591.27067
591.27067
590.85096
590.85096
590.85096
590.85096
590.43125
590.43125
590.01154
590.43125
557.69392
577.00055
590.43125
595.04806
592.52980
645.41319
608.05905
608.47876
608.47876
608.47876
608.47876
608.47876
607.21963
607.63934
608.05905
607.63934
608.89847
576.58084
595.88748
606.38021
606.38021
645.41319
626.94597
626.94597
627.36568
626.94597
626.52626
626.52626
626.10656
626.52626
626.10656
625.68685
626.10656
625.68685
592.52980
612.67585
625.26714
631.98249
644.15406
646.25261
646.25261
646.25261
646.25261
644.99348
644.99348
645.83290
645.41319
645.41319
644.57377
644.99348
645.41319
610.15760
629.46423
654.22709
