case_index	case_tag	target_low_nm	target_high_nm	candidate_index	condition_order_code	valid	candidate_spectrum_valid	candidate_spectrum_maximum_absolute_error_nm	candidate_spectrum_summed_absolute_error_nm	peak1_wavelength_nm	peak2_wavelength_nm	peak1_signed_error_nm	peak2_signed_error_nm	maximum_absolute_error_nm	summed_absolute_error_nm	mean_absolute_error_nm	peak1_transmittance	peak2_transmittance	worst_valley_transmittance	peak1_fwhm_nm	peak2_fwhm_nm	widest_fwhm_nm	peak1_prominence	peak2_prominence	minimum_prominence	valley_transmittance_imbalance	peak1_fwhm_to_ideal_ratio	peak2_fwhm_to_ideal_ratio	shape_gate_passed	shape_minimax_score	inside_position_window	selected
1	450_490	4.5000000000e+02	4.9000000000e+02	0	0	1	1	5.1571960449e+00	6.1680297852e+00	4.4982858276e+02	4.9263894653e+02	-1.7141723633e-01	2.6389465332e+00	2.6389465332e+00	2.8103637695e+00	1.4051818848e+00	4.8102971166e-02	8.9385747910e-02	8.9385747910e-02	2.9602436964e+01	2.3935288848e+01	2.9602436964e+01	8.1573224440e-01	3.9898264408e-01	3.9898264408e-01	4.1282776743e-02	1.7639129418e+00	3.4065918848e-01	0	2.1826084052e+00	1	0
1	450_490	4.5000000000e+02	4.9000000000e+02	1	0	1	1	3.4783630371e+00	4.4891967773e+00	4.4898916626e+02	4.9431777954e+02	-1.0108337402e+00	4.3177795410e+00	4.3177795410e+00	5.3286132812e+00	2.6643066406e+00	4.2313121259e-02	4.4265765697e-02	4.4265765697e-02	2.6228674844e+01	2.3322069212e+01	2.6228674844e+01	8.2205752283e-01	5.7226083800e-01	5.7226083800e-01	1.9526444376e-03	1.5628814297e+00	3.3193153515e-01	0	1.9087670424e+00	1	0
1	450_490	4.5000000000e+02	4.9000000000e+02	2	0	1	1	3.8980712891e+00	4.9089050293e+00	4.4898916626e+02	4.9347836304e+02	-1.0108337402e+00	3.4783630371e+00	3.4783630371e+00	4.4891967773e+00	2.2445983887e+00	4.0385928750e-01	3.8331347704e-01	4.0385928750e-01	1.1889052630e+01	1.5475489570e+01	1.5475489570e+01	4.5787379146e-01	5.2924746275e-01	4.5787379146e-01	2.0545810461e-02	7.0842997913e-01	2.2025502813e-01	0	2.2278427768e+00	1	0
1	450_490	4.5000000000e+02	4.9000000000e+02	3	0	1	1	3.8980712891e+00	4.9089050293e+00	4.4898916626e+02	4.9389807129e+02	-1.0108337402e+00	3.8980712891e+00	3.8980712891e+00	4.9089050293e+00	2.4544525146e+00	5.0086832047e-01	5.0499784946e-01	5.0499784946e-01	1.2281449666e+01	1.3105380426e+01	1.3105380426e+01	4.1259443760e-01	3.7253695726e-01	3.7253695726e-01	4.1295289993e-03	7.3181164227e-01	1.8652243092e-01	0	2.5249892473e+00	1	0
1	450_490	4.5000000000e+02	4.9000000000e+02	4	0	1	1	3.8980712891e+00	4.9089050293e+00	4.4898916626e+02	4.9305865479e+02	-1.0108337402e+00	3.0586547852e+00	3.0586547852e+00	4.0694885254e+00	2.0347442627e+00	5.4219621420e-01	5.1759451628e-01	5.4219621420e-01	1.1225134765e+01	1.4085086928e+01	1.4085086928e+01	3.3063733578e-01	3.9806520939e-01	3.3063733578e-01	2.4601697922e-02	6.6886927284e-01	2.0046611149e-01	0	2.7109810710e+00	1	0
1	450_490	4.5000000000e+02	4.9000000000e+02	5	0	1	1	5.1571960449e+00	6.1680297852e+00	4.5024829102e+02	4.9431777954e+02	2.4829101562e-01	4.3177795410e+00	4.3177795410e+00	4.5660705566e+00	2.2830352783e+00	4.9417272210e-02	4.7115668654e-02	4.9417272210e-02	1.7059181148e+01	3.6110574143e+01	3.6110574143e+01	4.0870518982e-01	8.1224925816e-01	4.0870518982e-01	2.3016035557e-03	1.0165011226e+00	5.1394403307e-01	1	1.3887313341e+00	1	1
1	450_490	4.5000000000e+02	4.9000000000e+02	6	0	1	1	3.4783630371e+00	4.4891967773e+00	4.5024829102e+02	4.9347836304e+02	2.4829101562e-01	3.4783630371e+00	3.4783630371e+00	3.7266540527e+00	1.8633270264e+00	1.5340983868e-01	1.1806005239e-01	1.5340983868e-01	1.5085382230e+01	2.4759326163e+01	2.4759326163e+01	5.2209913731e-01	7.7215802670e-01	5.2209913731e-01	3.5349786282e-02	8.9888886447e-01	3.5238730611e-01	0	1.8503219825e+00	1	0
1	450_490	4.5000000000e+02	4.9000000000e+02	7	0	1	1	4.3177795410e+00	4.9089050293e+00	4.4940887451e+02	4.9179953003e+02	-5.9112548828e-01	1.7995300293e+00	1.7995300293e+00	2.3906555176e+00	1.1953277588e+00	3.2159349322e-01	4.7693556547e-01	4.7693556547e-01	1.3539973582e+01	2.0453806851e+01	2.0453806851e+01	5.8645012975e-01	3.3024996519e-01	3.3024996519e-01	1.5534207225e-01	8.0680298927e-01	2.9110896833e-01	0	2.3846778274e+00	1	0
1	450_490	4.5000000000e+02	4.9000000000e+02	8	0	1	1	3.8980712891e+00	4.4891967773e+00	4.4898916626e+02	4.9347836304e+02	-1.0108337402e+00	3.4783630371e+00	3.4783630371e+00	4.4891967773e+00	2.2445983887e+00	1.2699013948e-01	1.1966329068e-01	1.2699013948e-01	1.6494163571e+01	2.1281396089e+01	2.1281396089e+01	6.5500766039e-01	7.7085573226e-01	6.5500766039e-01	7.3268488050e-03	9.8283356278e-01	3.0288763874e-01	0	1.9917496036e+00	1	0
1	450_490	4.5000000000e+02	4.9000000000e+02	9	0	1	1	3.4783630371e+00	4.0694885254e+00	4.4940887451e+02	4.9305865479e+02	-5.9112548828e-01	3.0586547852e+00	3.0586547852e+00	3.6497802734e+00	1.8248901367e+00	4.5842909813e-01	4.2967179418e-01	4.5842909813e-01	1.1458556242e+01	1.4892263673e+01	1.4892263673e+01	4.0240466595e-01	4.8535838723e-01	4.0240466595e-01	2.8757303953e-02	6.8277809946e-01	2.1195426091e-01	0	2.2921454906e+00	1	0
1	450_490	4.5000000000e+02	4.9000000000e+02	10	0	1	1	4.7374877930e+00	5.3286132812e+00	4.4982858276e+02	4.9347836304e+02	-1.7141723633e-01	3.4783630371e+00	3.4783630371e+00	3.6497802734e+00	1.8248901367e+00	3.2171747088e-01	2.5341126323e-01	3.2171747088e-01	1.2821725876e+01	1.7341452061e+01	1.7341452061e+01	5.0128570199e-01	6.5349593759e-01	5.0128570199e-01	6.8306207657e-02	7.6400494448e-01	2.4681235409e-01	0	2.1519647026e+00	1	0
1	450_490	4.5000000000e+02	4.9000000000e+02	11	0	1	1	4.3177795410e+00	5.3286132812e+00	4.5024829102e+02	4.9431777954e+02	2.4829101562e-01	4.3177795410e+00	4.3177795410e+00	4.5660705566e+00	2.2830352783e+00	4.8439949751e-02	4.8978343606e-02	4.8978343606e-02	3.2820491142e+01	2.2539157553e+01	3.2820491142e+01	8.1143745780e-01	4.3240328133e-01	4.3240328133e-01	5.3839385509e-04	1.9556663241e+00	3.2078873875e-01	0	2.7304752117e+00	1	0
1	450_490	4.5000000000e+02	4.9000000000e+02	12	0	1	1	3.8980712891e+00	4.9089050293e+00	4.4898916626e+02	4.9347836304e+02	-1.0108337402e+00	3.4783630371e+00	3.4783630371e+00	4.4891967773e+00	2.2445983887e+00	2.9511880875e-01	2.9752740264e-01	2.9752740264e-01	1.4481798608e+01	1.5259304457e+01	1.5259304457e+01	6.1074119806e-01	5.5193969607e-01	5.5193969607e-01	2.4085938931e-03	8.6292327945e-01	2.1717817179e-01	0	2.2366337949e+00	1	0
1	450_490	4.5000000000e+02	4.9000000000e+02	13	0	1	1	4.3177795410e+00	4.9089050293e+00	4.4940887451e+02	4.9347836304e+02	-5.9112548828e-01	3.4783630371e+00	3.4783630371e+00	4.0694885254e+00	2.0347442627e+00	1.6402620077e-01	1.4008112252e-01	1.6402620077e-01	1.5161153991e+01	1.9845963334e+01	1.9845963334e+01	6.2367767096e-01	7.5475738943e-01	6.2367767096e-01	2.3945078254e-02	9.0340385729e-01	2.8245783065e-01	0	2.0501204839e+00	1	0
1	450_490	4.5000000000e+02	4.9000000000e+02	14	0	1	1	3.8980712891e+00	4.9089050293e+00	4.5024829102e+02	4.9221923828e+02	2.4829101562e-01	2.2192382812e+00	2.2192382812e+00	2.4675292969e+00	1.2337646484e+00	5.6237507612e-02	1.0067928582e-01	1.0067928582e-01	2.9915301523e+01	2.3598054016e+01	2.9915301523e+01	8.0890608951e-01	3.9100962132e-01	3.9100962132e-01	4.4441778213e-02	1.7825555234e+00	3.3585949107e-01	0	2.2358729239e+00	1	0
1	450_490	4.5000000000e+02	4.9000000000e+02	15	0	1	1	3.4783630371e+00	4.4891967773e+00	4.4898916626e+02	4.9431777954e+02	-1.0108337402e+00	4.3177795410e+00	4.3177795410e+00	5.3286132812e+00	2.6643066406e+00	2.1677119657e-02	2.3503990844e-02	2.3503990844e-02	3.1058123349e+01	2.5469051827e+01	3.1058123349e+01	8.2366468199e-01	4.7240102105e-01	4.7240102105e-01	1.8268711865e-03	1.8506525591e+00	3.6248848226e-01	0	2.4304358832e+00	1	0
1	450_490	4.5000000000e+02	4.9000000000e+02	16	0	1	1	3.8980712891e+00	4.9089050293e+00	4.4898916626e+02	4.9431777954e+02	-1.0108337402e+00	4.3177795410e+00	4.3177795410e+00	5.3286132812e+00	2.6643066406e+00	3.3952645957e-02	3.7180826068e-02	3.7180826068e-02	2.8327528422e+01	2.3575395720e+01	2.8327528422e+01	8.2255417854e-01	5.0610114634e-01	5.0610114634e-01	3.2281801105e-03	1.6879452882e+00	3.3553700669e-01	0	1.9655579663e+00	1	0
1	450_490	4.5000000000e+02	4.9000000000e+02	17	0	1	1	4.7374877930e+00	5.3286132812e+00	4.4982858276e+02	4.9389807129e+02	-1.7141723633e-01	3.8980712891e+00	3.8980712891e+00	4.0694885254e+00	2.0347442627e+00	3.1113052368e-01	2.3705863953e-01	3.1113052368e-01	1.2995022832e+01	1.7574654129e+01	1.7574654129e+01	5.0588387251e-01	6.6932415962e-01	5.0588387251e-01	7.4071884155e-02	7.7433114645e-01	2.5013140436e-01	0	2.1424817018e+00	1	0
1	450_490	4.5000000000e+02	4.9000000000e+02	18	0	1	1	3.8980712891e+00	4.4891967773e+00	4.4940887451e+02	4.9305865479e+02	-5.9112548828e-01	3.0586547852e+00	3.0586547852e+00	3.6497802734e+00	1.8248901367e+00	1.3782021403e-01	2.1021555364e-01	2.1021555364e-01	1.8741780124e+01	2.1175590948e+01	2.1175590948e+01	7.5341036916e-01	5.0582952797e-01	5.0582952797e-01	7.2395339608e-02	1.1167617231e+00	3.0138176622e-01	0	1.9960520965e+00	1	0
1	450_490	4.5000000000e+02	4.9000000000e+02	19	0	1	1	4.7374877930e+00	5.3286132812e+00	4.4982858276e+02	4.9389807129e+02	-1.7141723633e-01	3.8980712891e+00	3.8980712891e+00	4.0694885254e+00	2.0347442627e+00	2.9227074981e-01	2.3600906134e-01	2.9227074981e-01	1.3136186996e+01	1.7607739431e+01	1.7607739431e+01	5.2904525399e-01	6.6925823689e-01	5.2904525399e-01	5.6261688471e-02	7.8274265989e-01	2.5060229120e-01	0	2.1411363109e+00	1	0
2	440_500	4.4000000000e+02	5.0000000000e+02	0	0	1	1	4.8612365723e+00	8.0251770020e+00	4.3387963867e+02	4.7794912720e+02	-6.1203613281e+00	-2.2050872803e+01	2.2050872803e+01	2.8171234131e+01	1.4085617065e+01	6.4618632197e-02	6.3659176230e-02	6.4618632197e-02	1.8195468533e+01	2.3523888862e+01	2.3523888862e+01	6.5276046097e-01	7.6418264210e-01	6.5276046097e-01	9.5945596695e-04	6.0681866972e-01	1.0868092362e+00	1	1.1233752294e+00	0	0
2	440_500	4.4000000000e+02	5.0000000000e+02	1	0	1	1	4.4415283203e+00	6.3463439941e+00	4.4731033325e+02	4.9767547607e+02	7.3103332520e+00	-2.3245239258e+00	7.3103332520e+00	9.6348571777e+00	4.8174285889e+00	4.7693382949e-02	9.2050932348e-02	9.2050932348e-02	2.7106372021e+01	3.1899724139e+01	3.1899724139e+01	8.1617753580e-01	6.3366613537e-01	6.3366613537e-01	4.4357549399e-02	9.0399720024e-01	1.4737748096e+00	1	1.3536423131e+00	1	1
2	440_500	4.4000000000e+02	5.0000000000e+02	2	0	1	1	4.4415283203e+00	7.6054687500e+00	4.3262051392e+02	4.9431777954e+02	-7.3794860840e+00	-5.6822204590e+00	7.3794860840e+00	1.3061706543e+01	6.5308532715e+00	5.6280696392e-01	4.4636082649e-01	5.6280696392e-01	1.1284438460e+01	1.5088306390e+01	1.5088306390e+01	2.9566359520e-01	4.4097024202e-01	2.9566359520e-01	1.1644613743e-01	3.7633589499e-01	6.9708332835e-01	0	2.8140348196e+00	1	0
2	440_500	4.4000000000e+02	5.0000000000e+02	3	0	1	1	6.9090881348e+00	1.0511199951e+01	4.4898916626e+02	4.9599664307e+02	8.9891662598e+00	-4.0033569336e+00	8.9891662598e+00	1.2992523193e+01	6.4962615967e+00	4.9331879616e-01	6.1555856466e-01	6.1555856466e-01	1.2224222789e+01	2.0394289077e+01	2.0394289077e+01	4.1826874018e-01	2.4151682854e-01	2.4151682854e-01	1.2223976851e-01	4.0767769170e-01	9.4222098504e-01	0	3.0777928233e+00	1	0
2	440_500	4.4000000000e+02	5.0000000000e+02	4	0	1	1	4.0218200684e+00	6.7660522461e+00	4.4898916626e+02	4.9515719604e+02	8.9891662598e+00	-4.8428039551e+00	8.9891662598e+00	1.3831970215e+01	6.9159851074e+00	5.2514481544e-01	5.5461281538e-01	5.5461281538e-01	1.2024651047e+01	1.3404084696e+01	1.3404084696e+01	3.8419687748e-01	3.0992192030e-01	3.0992192030e-01	2.9467999935e-02	4.0102197637e-01	6.1927188723e-01	0	2.7730640769e+00	1	0
2	440_500	4.4000000000e+02	5.0000000000e+02	5	0	1	1	4.8612365723e+00	8.0251770020e+00	4.4814974976e+02	4.9431777954e+02	8.1497497559e+00	-5.6822204590e+00	8.1497497559e+00	1.3831970215e+01	6.9159851074e+00	3.7128668278e-02	3.3842608333e-02	3.7128668278e-02	2.1185420140e+01	3.2420300925e+01	3.2420300925e+01	5.7648213580e-01	8.2545198500e-01	5.7648213580e-01	3.2860599458e-03	7.0653352201e-01	1.4978255804e+00	1	1.4223588010e+00	1	0
2	440_500	4.4000000000e+02	5.0000000000e+02	6	0	1	1	4.4415283203e+00	7.6054687500e+00	4.4814974976e+02	4.9431777954e+02	8.1497497559e+00	-5.6822204590e+00	8.1497497559e+00	1.3831970215e+01	6.9159851074e+00	1.5765747428e-01	1.1130148917e-01	1.5765747428e-01	1.7784009369e+01	2.1490260826e+01	2.1490260826e+01	6.4723733068e-01	7.7658908814e-01	6.4723733068e-01	4.6355985105e-02	5.9309651126e-01	9.9285513939e-01	1	1.1625813964e+00	1	0
2	440_500	4.4000000000e+02	5.0000000000e+02	7	0	1	1	4.0218200684e+00	7.1857604980e+00	4.4814974976e+02	4.9431777954e+02	8.1497497559e+00	-5.6822204590e+00	8.1497497559e+00	1.3831970215e+01	6.9159851074e+00	4.2615807056e-01	3.6990067363e-01	4.2615807056e-01	1.3197003675e+01	1.6198081044e+01	1.6198081044e+01	4.3703877926e-01	5.3314206004e-01	4.3703877926e-01	5.6257396936e-02	4.4011992325e-01	7.4835518018e-01	0	2.1307903528e+00	1	0
2	440_500	4.4000000000e+02	5.0000000000e+02	8	0	1	1	4.0218200684e+00	7.1857604980e+00	4.4773004150e+02	4.9557690430e+02	7.7300415039e+00	-4.4230957031e+00	7.7300415039e+00	1.2153137207e+01	6.0765686035e+00	1.4463008940e-01	1.2505055964e-01	1.4463008940e-01	1.6366622159e+01	2.1489404137e+01	2.1489404137e+01	6.7528806627e-01	7.6824556291e-01	6.7528806627e-01	1.9579529762e-02	5.4582666385e-01	9.9281556015e-01	1	1.2976381033e+00	1	0
2	440_500	4.4000000000e+02	5.0000000000e+02	9	0	1	1	4.4415283203e+00	8.4448852539e+00	4.4898916626e+02	4.9431777954e+02	8.9891662598e+00	-5.6822204590e+00	8.9891662598e+00	1.4671386719e+01	7.3356933594e+00	4.8465117812e-01	5.0254029036e-01	5.0254029036e-01	1.2018153660e+01	1.3389645832e+01	1.3389645832e+01	4.2378512025e-01	3.6124193668e-01	3.6124193668e-01	1.7889112234e-02	4.0080528860e-01	6.1860480832e-01	0	2.5127014518e+00	1	0
2	440_500	4.4000000000e+02	5.0000000000e+02	10	0	1	1	4.4415283203e+00	7.6054687500e+00	4.4814974976e+02	4.9347836304e+02	8.1497497559e+00	-6.5216369629e+00	8.1497497559e+00	1.4671386719e+01	7.3356933594e+00	3.0014038086e-01	3.0056160688e-01	3.0056160688e-01	1.5535800869e+01	1.5616779197e+01	1.5616779197e+01	6.0551983118e-01	5.6136369705e-01	5.6136369705e-01	4.2122602463e-04	5.1811878324e-01	7.2149889720e-01	1	1.5028080344e+00	1	0
2	440_500	4.4000000000e+02	5.0000000000e+02	11	0	1	1	4.8612365723e+00	7.6054687500e+00	4.4814974976e+02	4.9431777954e+02	8.1497497559e+00	-5.6822204590e+00	8.1497497559e+00	1.3831970215e+01	6.9159851074e+00	3.5958245397e-02	3.0690735206e-02	3.5958245397e-02	2.1611174237e+01	3.2683685377e+01	3.2683685377e+01	5.7630960643e-01	8.2742082514e-01	5.7630960643e-01	5.2675101906e-03	7.2073241631e-01	1.5099940044e+00	0	1.4571257269e+00	1	0
2	440_500	4.4000000000e+02	5.0000000000e+02	12	0	1	1	4.0218200684e+00	7.1857604980e+00	4.3345993042e+02	5.0900762939e+02	-6.5400695801e+00	9.0076293945e+00	9.0076293945e+00	1.5547698975e+01	7.7738494873e+00	4.2463180423e-01	3.4356722236e-01	4.2463180423e-01	1.2858470440e+01	1.5945365619e+01	1.5945365619e+01	4.3744435906e-01	5.3610715270e-01	4.3744435906e-01	8.1064581871e-02	4.2882984369e-01	7.3667966771e-01	0	2.1231590211e+00	1	0
2	440_500	4.4000000000e+02	5.0000000000e+02	13	0	1	1	7.3287963867e+00	1.1770324707e+01	4.3345993042e+02	5.0690908813e+02	-6.5400695801e+00	6.9090881348e+00	6.9090881348e+00	1.3449157715e+01	6.7245788574e+00	3.5416042805e-01	3.3558458090e-01	3.5416042805e-01	2.5141833189e+01	2.7468976133e+01	2.7468976133e+01	5.0651496649e-01	5.4376095533e-01	5.0651496649e-01	1.8575847149e-02	8.3847985241e-01	1.2690732024e+00	0	1.7708021402e+00	1	0
2	440_500	4.4000000000e+02	5.0000000000e+02	14	0	1	1	4.8612365723e+00	7.1857604980e+00	4.4814974976e+02	4.9515719604e+02	8.1497497559e+00	-4.8428039551e+00	8.1497497559e+00	1.2992553711e+01	6.4962768555e+00	5.5354695767e-02	4.9550391734e-02	5.5354695767e-02	2.0437675209e+01	2.8426327955e+01	2.8426327955e+01	6.4896853641e-01	8.2292213291e-01	6.4896853641e-01	5.8043040335e-03	6.8159623701e-01	1.3133030833e+00	1	9.0972503712e-01	1	0
2	440_500	4.4000000000e+02	5.0000000000e+02	15	0	1	1	4.8612365723e+00	7.6054687500e+00	4.4898916626e+02	4.9515719604e+02	8.9891662598e+00	-4.8428039551e+00	8.9891662598e+00	1.3831970215e+01	6.9159851074e+00	1.6986679286e-02	1.4077545144e-02	1.6986679286e-02	2.3470612702e+01	3.9466192910e+01	3.9466192910e+01	4.8228578642e-01	8.2318317797e-01	4.8228578642e-01	2.9091341421e-03	7.8274466807e-01	1.8233474586e+00	0	2.3524213104e+00	1	0
2	440_500	4.4000000000e+02	5.0000000000e+02	16	0	1	1	4.8612365723e+00	7.1857604980e+00	4.4731033325e+02	4.9599664307e+02	7.3103332520e+00	-4.0033569336e+00	7.3103332520e+00	1.1313690186e+01	5.6568450928e+00	3.4931357950e-02	3.1365055591e-02	3.4931357950e-02	2.3506188101e+01	3.5510265151e+01	3.5510265151e+01	6.0147697106e-01	8.2367018983e-01	6.0147697106e-01	3.5663023591e-03	7.8393110724e-01	1.6405826594e+00	0	1.8302361696e+00	1	0
2	440_500	4.4000000000e+02	5.0000000000e+02	17	0	1	1	4.4415283203e+00	7.6054687500e+00	4.4814974976e+02	4.9389807129e+02	8.1497497559e+00	-6.1019287109e+00	8.1497497559e+00	1.4251678467e+01	7.1258392334e+00	2.8184360266e-01	2.9280909896e-01	2.9280909896e-01	1.5362290446e+01	1.5889226358e+01	1.5889226358e+01	6.2426221371e-01	5.6687322259e-01	5.6687322259e-01	1.0965496302e-02	5.1233221258e-01	7.3408602055e-01	1	1.4640454948e+00	1	0
2	440_500	4.4000000000e+02	5.0000000000e+02	18	0	1	1	4.4415283203e+00	7.6054687500e+00	4.4814974976e+02	4.9389807129e+02	8.1497497559e+00	-6.1019287109e+00	8.1497497559e+00	1.4251678467e+01	7.1258392334e+00	2.0953567326e-01	1.6160334647e-01	2.0953567326e-01	1.5086883621e+01	1.8925123108e+01	1.8925123108e+01	6.2614928186e-01	7.3591791093e-01	6.2614928186e-01	4.7932326794e-02	5.0314739807e-01	8.7434516935e-01	1	1.4195788627e+00	1	0
2	440_500	4.4000000000e+02	5.0000000000e+02	19	0	1	1	4.4415283203e+00	7.6054687500e+00	4.4814974976e+02	4.9347836304e+02	8.1497497559e+00	-6.5216369629e+00	8.1497497559e+00	1.4671386719e+01	7.3356933594e+00	2.8555962443e-01	2.9681751132e-01	2.9681751132e-01	1.5300866245e+01	1.5627512617e+01	1.5627512617e+01	6.2077185512e-01	5.6475588679e-01	5.6475588679e-01	1.1257886887e-02	5.1028371617e-01	7.2199478372e-01	1	1.4840875566e+00	1	0
3	430_510	4.3000000000e+02	5.1000000000e+02	0	0	1	1	1.7810974121e+00	2.4675598145e+00	4.3345993042e+02	5.0942733765e+02	3.4599304199e+00	-5.7266235352e-01	3.4599304199e+00	4.0325927734e+00	2.0162963867e+00	5.0255473703e-02	4.8629648983e-02	5.0255473703e-02	2.2345936239e+01	2.9471040044e+01	2.9471040044e+01	7.5726783648e-01	7.8728573769e-01	7.5726783648e-01	1.6258247197e-03	7.8974211680e-01	1.2058391446e+00	1	6.6026836994e-01	1	0
3	430_510	4.3000000000e+02	5.1000000000e+02	1	0	1	1	1.7810974121e+00	2.0478515625e+00	4.3262051392e+02	5.1026675415e+02	2.6205139160e+00	2.6675415039e-01	2.6205139160e+00	2.8872680664e+00	1.4436340332e+00	4.6168085188e-02	3.0417898670e-02	4.6168085188e-02	2.2804429285e+01	2.8961375119e+01	2.8961375119e+01	7.5299889222e-01	8.0810346268e-01	7.5299889222e-01	1.5750186518e-02	8.0594601465e-01	1.1849856587e+00	1	6.6401160104e-01	1	0
3	430_510	4.3000000000e+02	5.1000000000e+02	2	0	1	1	1.3613891602e+00	2.0478515625e+00	4.3304022217e+02	5.1026675415e+02	3.0402221680e+00	2.6675415039e-01	3.0402221680e+00	3.3069763184e+00	1.6534881592e+00	4.8612883687e-01	4.8031288385e-01	4.8612883687e-01	1.0128639765e+01	1.5779589704e+01	1.5779589704e+01	3.4234544635e-01	3.9556461573e-01	3.4234544635e-01	5.8159530163e-03	3.5796277778e-01	6.4563880071e-01	0	2.4306441844e+00	1	0
3	430_510	4.3000000000e+02	5.1000000000e+02	3	0	1	1	1.3613891602e+00	2.0478515625e+00	4.3345993042e+02	5.0942733765e+02	3.4599304199e+00	-5.7266235352e-01	3.4599304199e+00	4.0325927734e+00	2.0162963867e+00	4.7371730208e-01	4.6283158660e-01	4.7371730208e-01	1.0489239835e+01	1.5137481586e+01	1.5137481586e+01	3.7079682946e-01	4.1468939185e-01	3.7079682946e-01	1.0885715485e-02	3.7070697699e-01	6.1936625987e-01	0	2.3685865104e+00	1	0
3	430_510	4.3000000000e+02	5.1000000000e+02	4	0	1	1	1.3613891602e+00	2.0478515625e+00	4.3345993042e+02	5.0942733765e+02	3.4599304199e+00	-5.7266235352e-01	3.4599304199e+00	4.0325927734e+00	2.0162963867e+00	5.0648349524e-01	4.8550468683e-01	5.0648349524e-01	1.0357065621e+01	1.5024551332e+01	1.5024551332e+01	3.4018325806e-01	3.9404696226e-01	3.4018325806e-01	2.0978808403e-02	3.6603572301e-01	6.1474559765e-01	0	2.5324174762e+00	1	0
3	430_510	4.3000000000e+02	5.1000000000e+02	5	0	1	1	2.2008056641e+00	2.8872680664e+00	4.3262051392e+02	5.0942733765e+02	2.6205139160e+00	-5.7266235352e-01	2.6205139160e+00	3.1931762695e+00	1.5965881348e+00	4.0162298828e-02	4.3473005295e-02	4.3473005295e-02	2.3327596038e+01	3.1691638605e+01	3.1691638605e+01	7.5892826542e-01	7.8401732445e-01	7.5892826542e-01	3.3107064664e-03	8.2443558765e-01	1.2966973113e+00	1	8.4770660364e-01	1	0
3	430_510	4.3000000000e+02	5.1000000000e+02	6	0	1	1	1.3613891602e+00	2.4675598145e+00	4.3262051392e+02	5.0984704590e+02	2.6205139160e+00	-1.5295410156e-01	2.6205139160e+00	2.7734680176e+00	1.3867340088e+00	1.6213183105e-01	9.8910585046e-02	1.6213183105e-01	1.9177074937e+01	2.2454387522e+01	2.2454387522e+01	6.7064858973e-01	7.5194905698e-01	6.7064858973e-01	6.3221246004e-02	6.7774934969e-01	9.1874529711e-01	1	9.2071614373e-01	1	1
3	430_510	4.3000000000e+02	5.1000000000e+02	7	0	1	1	1.3613891602e+00	2.0478515625e+00	4.3262051392e+02	5.1026675415e+02	2.6205139160e+00	2.6675415039e-01	2.6205139160e+00	2.8872680664e+00	1.4436340332e+00	3.7208482623e-01	3.5887086391e-01	3.7208482623e-01	1.1489641792e+01	1.6294524879e+01	1.6294524879e+01	4.6342960000e-01	5.1175081730e-01	4.6342960000e-01	1.3213962317e-02	4.0606282650e-01	6.6670792451e-01	0	1.8604241312e+00	1	0
3	430_510	4.3000000000e+02	5.1000000000e+02	8	0	1	1	1.7810974121e+00	2.4675598145e+00	4.3262051392e+02	5.1110617065e+02	2.6205139160e+00	1.1061706543e+00	2.6205139160e+00	3.7266845703e+00	1.8633422852e+00	1.4492297173e-01	1.0446811467e-01	1.4492297173e-01	1.7182081499e+01	2.1102872299e+01	2.1102872299e+01	6.9937902689e-01	7.5136988610e-01	6.9937902689e-01	4.0454857051e-02	6.0724300242e-01	8.6344660530e-01	1	1.1221628502e+00	1	0
3	430_510	4.3000000000e+02	5.1000000000e+02	9	0	1	1	1.3613891602e+00	2.0478515625e+00	4.3345993042e+02	5.0942733765e+02	3.4599304199e+00	-5.7266235352e-01	3.4599304199e+00	4.0325927734e+00	2.0162963867e+00	4.8891612887e-01	4.8224571347e-01	4.8891612887e-01	1.0118905774e+01	1.5332516842e+01	1.5332516842e+01	3.4949091077e-01	3.9625349641e-01	3.4949091077e-01	6.6704154015e-03	3.5761876253e-01	6.2734633612e-01	0	2.4445806444e+00	1	0
3	430_510	4.3000000000e+02	5.1000000000e+02	10	0	1	1	9.4165039062e-01	1.6281127930e+00	4.3262051392e+02	5.0942733765e+02	2.6205139160e+00	-5.7266235352e-01	2.6205139160e+00	3.1931762695e+00	1.5965881348e+00	2.4990952015e-01	2.1632215381e-01	2.4990952015e-01	1.4173868589e+01	1.7740439301e+01	1.7740439301e+01	6.0361629725e-01	6.4421877265e-01	6.0361629725e-01	3.3587366343e-02	5.0092781357e-01	7.2586906057e-01	1	1.4259205327e+00	1	0
3	430_510	4.3000000000e+02	5.1000000000e+02	11	0	1	1	1.7810974121e+00	2.0478515625e+00	4.3262051392e+02	5.0942733765e+02	2.6205139160e+00	-5.7266235352e-01	2.6205139160e+00	3.1931762695e+00	1.5965881348e+00	3.8532678038e-02	2.7290841565e-02	3.8532678038e-02	2.3643639550e+01	3.0426399133e+01	3.0426399133e+01	7.5370031223e-01	8.0029443838e-01	7.5370031223e-01	1.1241836473e-02	8.3560508483e-01	1.2449286841e+00	1	6.9979624041e-01	1	0
3	430_510	4.3000000000e+02	5.1000000000e+02	12	0	1	1	1.3613891602e+00	2.0478515625e+00	4.3262051392e+02	5.1026675415e+02	2.6205139160e+00	2.6675415039e-01	2.6205139160e+00	2.8872680664e+00	1.4436340332e+00	3.5339048505e-01	3.3431559801e-01	3.5339048505e-01	1.1671855188e+01	1.6466701818e+01	1.6466701818e+01	4.7947236896e-01	5.3438019753e-01	4.7947236896e-01	1.9074887037e-02	4.1250254741e-01	6.7375272824e-01	0	1.7669524252e+00	1	0
3	430_510	4.3000000000e+02	5.1000000000e+02	13	0	1	1	9.4165039062e-01	1.6281127930e+00	4.3262051392e+02	5.1068646240e+02	2.6205139160e+00	6.8646240234e-01	2.6205139160e+00	3.3069763184e+00	1.6534881592e+00	1.7789956927e-01	1.4105506241e-01	1.7789956927e-01	1.5910905032e+01	1.9356616332e+01	1.9356616332e+01	6.7251989245e-01	7.1043936908e-01	6.7251989245e-01	3.6844506860e-02	5.6231753665e-01	7.9199667349e-01	1	1.2505213239e+00	1	0
3	430_510	4.3000000000e+02	5.1000000000e+02	14	0	1	1	1.7810974121e+00	2.0478515625e+00	4.3345993042e+02	5.0942733765e+02	3.4599304199e+00	-5.7266235352e-01	3.4599304199e+00	4.0325927734e+00	2.0162963867e+00	5.8450095356e-02	5.5991847068e-02	5.8450095356e-02	2.1644972781e+01	2.8777950982e+01	2.8777950982e+01	7.5262928754e-01	7.8553853557e-01	7.5262928754e-01	2.4582482874e-03	7.6496891602e-01	1.1774806638e+00	1	6.7151738281e-01	1	0
3	430_510	4.3000000000e+02	5.1000000000e+02	15	0	1	1	2.2008056641e+00	2.8872680664e+00	4.3262051392e+02	5.1026675415e+02	2.6205139160e+00	2.6675415039e-01	2.6205139160e+00	2.8872680664e+00	1.4436340332e+00	2.6609022170e-02	1.7126422375e-02	2.6609022170e-02	2.6007990072e+01	3.3235604467e+01	3.3235604467e+01	7.4930469319e-01	7.8763462976e-01	7.4930469319e-01	9.4825997949e-03	9.1916511860e-01	1.3598703269e+00	1	1.0282009341e+00	1	0
3	430_510	4.3000000000e+02	5.1000000000e+02	16	0	1	1	2.2008056641e+00	2.4675598145e+00	4.3262051392e+02	5.0942733765e+02	2.6205139160e+00	-5.7266235352e-01	2.6205139160e+00	3.1931762695e+00	1.5965881348e+00	4.0624789894e-02	3.5214051604e-02	4.0624789894e-02	2.3250691993e+01	3.0658599581e+01	3.0658599581e+01	7.5667984039e-01	7.9187966883e-01	7.5667984039e-01	5.4107382894e-03	8.2171767230e-01	1.2544294140e+00	1	7.2694118289e-01	1	0
3	430_510	4.3000000000e+02	5.1000000000e+02	17	0	1	1	9.4165039062e-01	1.6281127930e+00	4.3262051392e+02	5.1026675415e+02	2.6205139160e+00	2.6675415039e-01	2.6205139160e+00	2.8872680664e+00	1.4436340332e+00	2.4026666582e-01	2.0833858848e-01	2.4026666582e-01	1.4272263462e+01	1.7854691205e+01	1.7854691205e+01	6.1427594721e-01	6.5140691400e-01	6.1427594721e-01	3.1928077340e-02	5.0440525012e-01	7.3054379952e-01	1	1.4159849997e+00	1	0
3	430_510	4.3000000000e+02	5.1000000000e+02	18	0	1	1	1.7810974121e+00	2.8872680664e+00	4.3262051392e+02	5.0858792114e+02	2.6205139160e+00	-1.4120788574e+00	2.6205139160e+00	4.0325927734e+00	2.0162963867e+00	1.3078042865e-01	1.2967464328e-01	1.3078042865e-01	1.7669169922e+01	2.4491522332e+01	2.4491522332e+01	7.0590850711e-01	7.2937247157e-01	7.0590850711e-01	1.1057853699e-03	6.2445750794e-01	1.0020968481e+00	1	1.0729785488e+00	1	0
3	430_510	4.3000000000e+02	5.1000000000e+02	19	0	1	1	1.3613891602e+00	2.0478515625e+00	4.3345993042e+02	5.0942733765e+02	3.4599304199e+00	-5.7266235352e-01	3.4599304199e+00	4.0325927734e+00	2.0162963867e+00	3.0630874634e-01	2.7403733134e-01	3.0630874634e-01	1.2949209935e+01	1.6882054483e+01	1.6882054483e+01	5.3703927994e-01	5.8863070607e-01	5.3703927994e-01	3.2271414995e-02	4.5764636377e-01	6.9074732708e-01	0	1.5495818178e+00	1	0
4	420_520	4.2000000000e+02	5.2000000000e+02	0	0	1	1	5.3762817383e+00	5.7667846680e+00	4.1918978882e+02	5.2453686523e+02	-8.1021118164e-01	4.5368652344e+00	4.5368652344e+00	5.3470764160e+00	2.6735382080e+00	6.9242157042e-02	3.4641873091e-02	6.9242157042e-02	1.8284846567e+01	2.9272808723e+01	2.9272808723e+01	6.8171896785e-01	8.0876158550e-01	6.8171896785e-01	3.4600283951e-02	6.8143049954e-01	1.1214712998e+00	1	9.1019857273e-01	1	0
4	420_520	4.2000000000e+02	5.2000000000e+02	1	0	1	1	4.5368652344e+00	5.3470764160e+00	4.1877008057e+02	5.2453686523e+02	-1.2299194336e+00	4.5368652344e+00	4.5368652344e+00	5.7667846680e+00	2.8833923340e+00	7.0334799588e-02	3.2374456525e-02	7.0334799588e-02	1.8278355303e+01	3.0239473888e+01	3.0239473888e+01	6.6347675771e-01	8.1254868209e-01	6.6347675771e-01	3.7960343063e-02	6.8118858635e-01	1.1585052328e+00	1	9.1088975327e-01	1	0
4	420_520	4.2000000000e+02	5.2000000000e+02	2	0	1	1	4.9566040039e+00	5.3471069336e+00	4.1960949707e+02	5.2537628174e+02	-3.9050292969e-01	5.3762817383e+00	5.3762817383e+00	5.7667846680e+00	2.8833923340e+00	5.0747460127e-01	4.4245991111e-01	5.0747460127e-01	1.0267321869e+01	1.6144792565e+01	1.6144792565e+01	3.0372935534e-01	3.8666167855e-01	3.0372935534e-01	6.5014690161e-02	3.8263740657e-01	6.1852354769e-01	0	2.5373730063e+00	1	0
4	420_520	4.2000000000e+02	5.2000000000e+02	3	0	1	1	5.3762817383e+00	5.7667846680e+00	4.1960949707e+02	5.2495660400e+02	-3.9050292969e-01	4.9566040039e+00	4.9566040039e+00	5.3471069336e+00	2.6735534668e+00	4.7170671821e-01	4.4922190905e-01	4.7170671821e-01	1.0381068140e+01	1.7538413297e+01	1.7538413297e+01	3.3957192302e-01	3.8754248619e-01	3.3957192302e-01	2.2484809160e-02	3.8687644559e-01	6.7191458606e-01	0	2.3585335910e+00	1	0
4	420_520	4.2000000000e+02	5.2000000000e+02	4	0	1	1	5.3762817383e+00	5.7667846680e+00	4.1960949707e+02	5.2495660400e+02	-3.9050292969e-01	4.9566040039e+00	4.9566040039e+00	5.3471069336e+00	2.6735534668e+00	4.8620378971e-01	4.5867359638e-01	4.8620378971e-01	1.0190420107e+01	1.7503852159e+01	1.7503852159e+01	3.2296943665e-01	3.7984424829e-01	3.2296943665e-01	2.7530193329e-02	3.7977147026e-01	6.7059051344e-01	0	2.4310189486e+00	1	0
4	420_520	4.2000000000e+02	5.2000000000e+02	5	0	1	1	5.3762817383e+00	6.1864929199e+00	4.1918978882e+02	5.2453686523e+02	-8.1021118164e-01	4.5368652344e+00	4.5368652344e+00	5.3470764160e+00	2.6735382080e+00	5.6963715702e-02	2.9438398778e-02	5.6963715702e-02	1.8891248794e+01	3.1877449670e+01	3.1877449670e+01	6.7712035403e-01	8.2170215994e-01	6.7712035403e-01	2.7525316924e-02	7.0402959387e-01	1.2212577636e+00	1	8.4562973180e-01	1	0
4	420_520	4.2000000000e+02	5.2000000000e+02	6	0	1	1	3.6974487305e+00	4.5076599121e+00	4.1877008057e+02	5.2369744873e+02	-1.2299194336e+00	3.6974487305e+00	3.6974487305e+00	4.9273681641e+00	2.4636840820e+00	1.5543472767e-01	8.6060121655e-02	1.5543472767e-01	1.5275187254e+01	2.2529117404e+01	2.2529117404e+01	6.1984062195e-01	7.3580364883e-01	6.1984062195e-01	6.9374606013e-02	5.6926802436e-01	8.6311357466e-01	1	1.2306627876e+00	1	0
4	420_520	4.2000000000e+02	5.2000000000e+02	7	0	1	1	5.3762817383e+00	5.7667846680e+00	4.1918978882e+02	5.2537628174e+02	-8.1021118164e-01	5.3762817383e+00	5.3762817383e+00	6.1864929199e+00	3.0932464600e+00	4.3484991789e-01	3.7246885896e-01	4.3484991789e-01	1.0914034658e+01	1.6348775678e+01	1.6348775678e+01	3.7236267328e-01	4.4884505868e-01	3.7236267328e-01	6.2381058931e-02	4.0673877475e-01	6.2633834976e-01	0	2.1742495894e+00	1	0
4	420_520	4.2000000000e+02	5.2000000000e+02	8	0	1	1	4.5368652344e+00	4.9273681641e+00	4.1877008057e+02	5.2453686523e+02	-1.2299194336e+00	4.5368652344e+00	4.5368652344e+00	5.7667846680e+00	2.8833923340e+00	1.7460535467e-01	1.1954243481e-01	1.7460535467e-01	1.4396160603e+01	2.1890246004e+01	2.1890246004e+01	6.1241491139e-01	7.0369933546e-01	6.1241491139e-01	5.5062919855e-02	5.3650889962e-01	8.3863775666e-01	1	1.3242602868e+00	1	0
4	420_520	4.2000000000e+02	5.2000000000e+02	9	0	1	1	4.9566040039e+00	5.7668151855e+00	4.1960949707e+02	5.2495660400e+02	-3.9050292969e-01	4.9566040039e+00	4.9566040039e+00	5.3471069336e+00	2.6735534668e+00	5.4009371996e-01	4.6547242999e-01	5.4009371996e-01	9.8908948248e+00	1.5735100277e+01	1.5735100277e+01	2.6899313927e-01	3.6706063151e-01	2.6899313927e-01	7.4621289968e-02	3.6860891212e-01	6.0282781631e-01	0	2.7004685998e+00	1	0
4	420_520	4.2000000000e+02	5.2000000000e+02	10	0	1	1	5.3762817383e+00	5.7667846680e+00	4.1877008057e+02	5.2495660400e+02	-1.2299194336e+00	4.9566040039e+00	4.9566040039e+00	6.1865234375e+00	3.0932617188e+00	2.6750281453e-01	2.5570473075e-01	2.6750281453e-01	1.3745333750e+01	2.4019604456e+01	2.4019604456e+01	5.5429992080e-01	5.8014819026e-01	5.5429992080e-01	1.1798083782e-02	5.1225421056e-01	9.2021566101e-01	1	1.3935593984e+00	1	0
4	420_520	4.2000000000e+02	5.2000000000e+02	11	0	1	1	5.3762817383e+00	6.1864929199e+00	4.1835037231e+02	5.2453686523e+02	-1.6496276855e+00	4.5368652344e+00	4.5368652344e+00	6.1864929199e+00	3.0932464600e+00	4.9484062940e-02	2.1514624357e-02	4.9484062940e-02	1.9512445230e+01	3.4747991347e+01	3.4747991347e+01	6.5854079649e-01	8.3371606469e-01	6.5854079649e-01	2.7969438583e-02	7.2718003137e-01	1.3312311568e+00	1	9.4637473381e-01	1	0
4	420_520	4.2000000000e+02	5.2000000000e+02	12	0	1	1	5.3762817383e+00	5.7667846680e+00	4.1877008057e+02	5.2495660400e+02	-1.2299194336e+00	4.9566040039e+00	4.9566040039e+00	6.1865234375e+00	3.0932617188e+00	3.9581951499e-01	3.3539745212e-01	3.9581951499e-01	1.1411020905e+01	1.6509791037e+01	1.6509791037e+01	4.1671749949e-01	4.8367515206e-01	4.1671749949e-01	6.0422062874e-02	4.2526020917e-01	6.3250701319e-01	0	1.9790975749e+00	1	0
4	420_520	4.2000000000e+02	5.2000000000e+02	13	0	1	1	4.9566040039e+00	5.3471069336e+00	4.1793066406e+02	5.2621569824e+02	-2.0693359375e+00	6.2156982422e+00	6.2156982422e+00	8.2850341797e+00	4.1425170898e+00	2.1734488010e-01	1.4879313111e-01	2.1734488010e-01	1.3689435815e+01	1.9951304895e+01	1.9951304895e+01	5.8026468754e-01	6.7560920119e-01	5.8026468754e-01	6.8551748991e-02	5.1017103435e-01	7.6435493581e-01	1	1.3995113304e+00	0	0
4	420_520	4.2000000000e+02	5.2000000000e+02	14	0	1	1	5.3762817383e+00	5.7667846680e+00	4.1918978882e+02	5.2453686523e+02	-8.1021118164e-01	4.5368652344e+00	4.5368652344e+00	5.3470764160e+00	2.6735382080e+00	8.0781079829e-02	4.2044457048e-02	8.0781079829e-02	1.7549442091e+01	2.7739908818e+01	2.7739908818e+01	6.7694696039e-01	7.9591644183e-01	6.7694696039e-01	3.8736622781e-02	6.5402381402e-01	1.0627443335e+00	1	9.8850338852e-01	1	0
4	420_520	4.2000000000e+02	5.2000000000e+02	15	0	1	1	5.3762817383e+00	6.1864929199e+00	4.1835037231e+02	5.2453686523e+02	-1.6496276855e+00	4.5368652344e+00	4.5368652344e+00	6.1864929199e+00	3.0932464600e+00	3.6503911018e-02	1.5635052696e-02	3.6503911018e-02	2.0897541029e+01	3.8197734086e+01	3.8197734086e+01	6.5088838339e-01	8.4357967041e-01	6.5088838339e-01	2.0868858323e-02	7.7879908754e-01	1.4633943363e+00	1	1.3239838180e+00	1	0
4	420_520	4.2000000000e+02	5.2000000000e+02	16	0	1	1	5.3762817383e+00	6.1864929199e+00	4.1835037231e+02	5.2453686523e+02	-1.6496276855e+00	4.5368652344e+00	4.5368652344e+00	6.1864929199e+00	3.0932464600e+00	5.0607595593e-02	2.3182569072e-02	5.0607595593e-02	1.9325179866e+01	3.4180403276e+01	3.4180403276e+01	6.6220751032e-01	8.3204090782e-01	6.6220751032e-01	2.7425026521e-02	7.2020111963e-01	1.3094862762e+00	1	8.8424650343e-01	1	0
4	420_520	4.2000000000e+02	5.2000000000e+02	17	0	1	1	5.3762817383e+00	5.7667846680e+00	4.1877008057e+02	5.2495660400e+02	-1.2299194336e+00	4.9566040039e+00	4.9566040039e+00	6.1865234375e+00	3.0932617188e+00	2.5024232268e-01	2.4352361262e-01	2.5024232268e-01	1.3699492383e+01	2.3769040631e+01	2.3769040631e+01	5.6931439042e-01	5.9349267185e-01	5.6931439042e-01	6.7187100649e-03	5.1054581746e-01	9.1061630411e-01	1	1.3984405215e+00	1	0
4	420_520	4.2000000000e+02	5.2000000000e+02	18	0	1	1	3.6974487305e+00	4.0879516602e+00	4.1918978882e+02	5.2327777100e+02	-8.1021118164e-01	3.2777709961e+00	3.2777709961e+00	4.0879821777e+00	2.0439910889e+00	1.3582903147e-01	8.5985876620e-02	1.3582903147e-01	1.5334472471e+01	2.2834509655e+01	2.2834509655e+01	6.5296196938e-01	7.4855866283e-01	6.5296196938e-01	4.9843154848e-02	5.7147743614e-01	8.7481346477e-01	1	1.2243501825e+00	1	1
4	420_520	4.2000000000e+02	5.2000000000e+02	19	0	1	1	5.3762817383e+00	5.7667846680e+00	4.1877008057e+02	5.2495660400e+02	-1.2299194336e+00	4.9566040039e+00	4.9566040039e+00	6.1865234375e+00	3.0932617188e+00	3.7870424986e-01	3.2146373391e-01	3.7870424986e-01	1.1637159734e+01	1.6654403029e+01	1.6654403029e+01	4.3632709980e-01	4.9607565999e-01	4.3632709980e-01	5.7240515947e-02	4.3368783772e-01	6.3804724681e-01	0	1.8935212493e+00	1	0
5	410_530	4.1000000000e+02	5.3000000000e+02	0	0	1	1	2.1423645020e+00	3.4084167480e+00	4.0659851074e+02	5.2747485352e+02	-3.4014892578e+00	-2.5251464844e+00	3.4014892578e+00	5.9266357422e+00	2.9633178711e+00	2.0833440125e-01	7.5605303049e-02	2.0833440125e-01	2.1449330559e+01	3.5363013236e+01	3.5363013236e+01	4.5028863847e-01	7.3291662335e-01	4.5028863847e-01	1.3272909820e-01	8.6861950076e-01	1.3027886245e+00	0	1.3272909820e+00	1	0
5	410_530	4.1000000000e+02	5.3000000000e+02	1	0	1	1	7.0912475586e+00	1.2120849609e+01	4.1835037231e+02	5.2243829346e+02	8.3503723145e+00	-7.5617065430e+00	8.3503723145e+00	1.5912078857e+01	7.9560394287e+00	1.1125665158e-01	4.7305911779e-02	1.1125665158e-01	1.6255421805e+01	2.6396324965e+01	2.6396324965e+01	6.2544006854e-01	7.8701665998e-01	6.2544006854e-01	6.3950739801e-02	6.5828517741e-01	9.7245197017e-01	1	9.7632806453e-01	0	0
5	410_530	4.1000000000e+02	5.3000000000e+02	2	0	1	1	7.5109558105e+00	1.0455841064e+01	4.1918978882e+02	5.2663543701e+02	9.1897888184e+00	-3.3645629883e+00	9.1897888184e+00	1.2554351807e+01	6.2771759033e+00	4.6403640509e-01	4.0686357021e-01	4.6403640509e-01	1.0507314579e+01	1.8066133506e+01	1.8066133506e+01	3.4234571457e-01	4.1919994354e-01	3.4234571457e-01	5.7172834873e-02	4.2550784132e-01	6.6556413230e-01	0	2.3201820254e+00	0	0
5	410_530	4.1000000000e+02	5.3000000000e+02	3	0	1	1	2.9448852539e+00	4.2478332520e+00	4.1960949707e+02	5.2495660400e+02	9.6094970703e+00	-5.0433959961e+00	9.6094970703e+00	1.4652893066e+01	7.3264465332e+00	5.6151199341e-01	5.1313340664e-01	5.6151199341e-01	9.5370211451e+00	1.7286103205e+01	1.7286103205e+01	2.4499297142e-01	3.2154244184e-01	2.4499297142e-01	4.8378586769e-02	3.8621450319e-01	6.3682748034e-01	0	2.8075599670e+00	0	0
5	410_530	4.1000000000e+02	5.3000000000e+02	4	0	1	1	2.9448852539e+00	4.2478332520e+00	4.1960949707e+02	5.2495660400e+02	9.6094970703e+00	-5.0433959961e+00	9.6094970703e+00	1.4652893066e+01	7.3264465332e+00	5.5883115530e-01	4.8115608096e-01	5.5883115530e-01	8.9208683766e+00	1.7306837586e+01	1.7306837586e+01	2.3425537348e-01	3.6351093650e-01	2.3425537348e-01	7.7675074339e-02	3.6126256781e-01	6.3759134386e-01	0	2.7941557765e+00	0	0
5	410_530	4.1000000000e+02	5.3000000000e+02	5	0	1	1	2.1423645020e+00	4.2478332520e+00	4.0659851074e+02	5.2453686523e+02	-3.4014892578e+00	-5.4631347656e+00	5.4631347656e+00	8.8646240234e+00	4.4323120117e+00	9.5562301576e-02	2.1262459457e-02	9.5562301576e-02	1.5521316789e+01	3.4930892104e+01	3.4930892104e+01	5.1296333224e-01	8.0517566949e-01	5.1296333224e-01	7.4299842119e-02	6.2855660708e-01	1.2868690960e+00	1	1.0612668369e+00	1	0
5	410_530	4.1000000000e+02	5.3000000000e+02	6	0	1	1	5.0296020508e+00	6.7522583008e+00	4.0659851074e+02	5.3670843506e+02	-3.4014892578e+00	6.7084350586e+00	6.7084350586e+00	1.0109924316e+01	5.0549621582e+00	2.3687414825e-01	1.2325823307e-01	2.3687414825e-01	1.2573853650e+01	2.5923199376e+01	2.5923199376e+01	4.6657808125e-01	6.7066532373e-01	4.6657808125e-01	1.1361591518e-01	5.0919512151e-01	9.5502181985e-01	0	1.4022996528e+00	1	0
5	410_530	4.1000000000e+02	5.3000000000e+02	7	0	1	1	6.2518310547e+00	9.1967163086e+00	4.0617880249e+02	5.2663543701e+02	-3.8211975098e+00	-3.3645629883e+00	3.8211975098e+00	7.1857604980e+00	3.5928802490e+00	5.0707846880e-01	4.1434121132e-01	5.0707846880e-01	9.3181702289e+00	1.9343098037e+01	1.9343098037e+01	2.5277394056e-01	3.6579120159e-01	2.5277394056e-01	9.2737257481e-02	3.7735184088e-01	7.1260805511e-01	0	2.5353923440e+00	1	0
5	410_530	4.1000000000e+02	5.3000000000e+02	8	0	1	1	8.7700805664e+00	1.4639099121e+01	4.0491967773e+02	5.2747485352e+02	-5.0803222656e+00	-2.5251464844e+00	5.0803222656e+00	7.6054687500e+00	3.8027343750e+00	8.2735323906e-01	1.7591866851e-01	8.2735323906e-01	2.8245012464e+01	3.3724228551e+01	3.3724228551e+01	2.9678106308e-02	7.4479129910e-01	2.9678106308e-02	6.5143457055e-01	1.1438197830e+00	1.2424150915e+00	0	1.6847436114e+01	1	0
5	410_530	4.1000000000e+02	5.3000000000e+02	9	0	1	1	6.2518310547e+00	9.1967163086e+00	4.1877008057e+02	5.2495660400e+02	8.7700805664e+00	-5.0433959961e+00	8.7700805664e+00	1.3813476562e+01	6.9067382812e+00	5.6497234106e-01	4.8506930470e-01	5.6497234106e-01	1.0027700970e+01	1.7152835108e+01	1.7152835108e+01	2.2473692894e-01	3.3664092422e-01	2.2473692894e-01	7.9903036356e-02	4.0608524291e-01	6.3191782630e-01	0	2.8248617053e+00	0	0
5	410_530	4.1000000000e+02	5.3000000000e+02	10	0	1	1	5.8321228027e+00	7.5178527832e+00	4.1793066406e+02	5.2663543701e+02	7.9306640625e+00	-3.3645629883e+00	7.9306640625e+00	1.1295227051e+01	5.6476135254e+00	2.9316815734e-01	2.1192263067e-01	2.9316815734e-01	1.2228367075e+01	1.7658542452e+01	1.7658542452e+01	5.1157936454e-01	6.0452570021e-01	5.1157936454e-01	8.1245526671e-02	4.9520417779e-01	6.5054830247e-01	0	1.4658407867e+00	1	0
5	410_530	4.1000000000e+02	5.3000000000e+02	11	0	1	1	2.9448852539e+00	5.0872497559e+00	4.0617880249e+02	5.2453686523e+02	-3.8211975098e+00	-5.4631347656e+00	5.4631347656e+00	9.2843322754e+00	4.6421661377e+00	8.3503462374e-02	2.2938366979e-02	8.3503462374e-02	1.4784013464e+01	3.4328917137e+01	3.4328917137e+01	5.1952918619e-01	8.0348950997e-01	5.1952918619e-01	6.0565095395e-02	5.9869851688e-01	1.2646920792e+00	1	1.1465756660e+00	1	0
5	410_530	4.1000000000e+02	5.3000000000e+02	12	0	1	1	6.2518310547e+00	7.9375610352e+00	4.1877008057e+02	5.2621569824e+02	8.7700805664e+00	-3.7843017578e+00	8.7700805664e+00	1.2554382324e+01	6.2771911621e+00	3.8584598899e-01	3.0055853724e-01	3.8584598899e-01	1.1479988999e+01	1.6861566534e+01	1.6861566534e+01	4.1661909223e-01	5.1090326905e-01	4.1661909223e-01	8.5287451744e-02	4.6489760069e-01	6.2118736672e-01	0	1.9292299449e+00	0	0
5	410_530	4.1000000000e+02	5.3000000000e+02	13	0	1	1	7.5109558105e+00	1.2540557861e+01	3.9988317871e+02	5.2747485352e+02	-1.0116821289e+01	-2.5251464844e+00	1.0116821289e+01	1.2641967773e+01	6.3209838867e+00	8.2406091690e-01	2.1284949780e-01	8.2406091690e-01	2.9742421237e+01	2.8857110044e+01	2.9742421237e+01	3.2594263554e-02	7.0864951611e-01	3.2594263554e-02	6.1121141911e-01	1.2044593660e+00	1.0631083514e+00	0	1.5340122632e+01	0	0
5	410_530	4.1000000000e+02	5.3000000000e+02	14	0	1	1	2.1423645020e+00	3.4084167480e+00	4.0617880249e+02	5.3754785156e+02	-3.8211975098e+00	7.5478515625e+00	7.5478515625e+00	1.1369049072e+01	5.6845245361e+00	1.8977844715e-01	3.7220440805e-02	1.8977844715e-01	1.6700973992e+01	2.9968067688e+01	2.9968067688e+01	4.7898030281e-01	7.5941113383e-01	4.7898030281e-01	1.5255800635e-01	6.7632841273e-01	1.1040365090e+00	0	1.5255800635e+00	1	0
5	410_530	4.1000000000e+02	5.3000000000e+02	15	0	1	1	2.1423645020e+00	3.8280944824e+00	4.0659851074e+02	5.2453686523e+02	-3.4014892578e+00	-5.4631347656e+00	5.4631347656e+00	8.8646240234e+00	4.4323120117e+00	6.8534910679e-02	1.6287146136e-02	6.8534910679e-02	1.6193606454e+01	3.8394623997e+01	3.8394623997e+01	5.1383388042e-01	8.2046711631e-01	5.1383388042e-01	5.2247764543e-02	6.5578188162e-01	1.4144744694e+00	1	1.1842127697e+00	1	1
5	410_530	4.1000000000e+02	5.3000000000e+02	16	0	1	1	2.9448852539e+00	5.0872497559e+00	4.0617880249e+02	5.2453686523e+02	-3.8211975098e+00	-5.4631347656e+00	5.4631347656e+00	9.2843322754e+00	4.6421661377e+00	7.6896011829e-02	2.1416010335e-02	7.6896011829e-02	1.4915146312e+01	3.5017621383e+01	3.5017621383e+01	5.1989984512e-01	8.0754524283e-01	5.1989984512e-01	5.5480001494e-02	6.0400891802e-01	1.2900642400e+00	1	1.1314030914e+00	1	0
5	410_530	4.1000000000e+02	5.3000000000e+02	17	0	1	1	5.8321228027e+00	7.5178527832e+00	4.1793066406e+02	5.2663543701e+02	7.9306640625e+00	-3.3645629883e+00	7.9306640625e+00	1.1295227051e+01	5.6476135254e+00	2.8021961451e-01	2.0206172764e-01	2.8021961451e-01	1.2388973404e+01	1.7922092930e+01	1.7922092930e+01	5.2365100384e-01	6.1655645072e-01	5.2365100384e-01	7.8157886863e-02	5.0170814716e-01	6.6025761549e-01	1	1.4236910081e+00	1	0
5	410_530	4.1000000000e+02	5.3000000000e+02	18	0	1	1	6.2518310547e+00	1.1281433105e+01	4.1709124756e+02	5.3964642334e+02	7.0912475586e+00	9.6464233398e+00	9.6464233398e+00	1.6737670898e+01	8.3688354492e+00	2.9327267408e-01	8.8220469654e-02	2.9327267408e-01	1.9972121301e+01	2.5431889051e+01	2.5431889051e+01	4.5072245598e-01	7.0137716085e-01	4.5072245598e-01	2.0505220443e-01	8.0879792427e-01	9.3692173609e-01	0	2.0505220443e+00	0	0
5	410_530	4.1000000000e+02	5.3000000000e+02	19	0	1	1	6.2518310547e+00	7.9375610352e+00	4.1877008057e+02	5.2663543701e+02	8.7700805664e+00	-3.3645629883e+00	8.7700805664e+00	1.2134643555e+01	6.0673217773e+00	5.0707101822e-01	3.2111105323e-01	5.0707101822e-01	1.3809390999e+01	1.6427432265e+01	1.6427432265e+01	2.7268081903e-01	4.7208806872e-01	2.7268081903e-01	1.8595996499e-01	5.5922986883e-01	6.0519367342e-01	0	2.5353550911e+00	0	0
6	472_512	4.7200000000e+02	5.1200000000e+02	0	0	1	1	2.5914611816e+00	3.9049987793e+00	4.7794912720e+02	5.0942733765e+02	5.9491271973e+00	-2.5726623535e+00	5.9491271973e+00	8.5217895508e+00	4.2608947754e+00	4.6383563429e-02	3.3343356103e-02	4.6383563429e-02	1.3768749774e+01	6.3834611960e+01	6.3834611960e+01	2.0642888173e-01	8.7522037700e-01	2.0642888173e-01	1.3040207326e-02	8.2064425893e-01	8.9930822448e-01	0	2.4221416877e+00	1	0
6	472_512	4.7200000000e+02	5.1200000000e+02	1	0	1	1	2.5914611816e+00	3.0655822754e+00	4.7585058594e+02	5.1026675415e+02	3.8505859375e+00	-1.7332458496e+00	3.8505859375e+00	5.5838317871e+00	2.7919158936e+00	1.4887933433e-01	3.4961927682e-02	1.4887933433e-01	2.1715584030e+01	7.1211994469e+01	7.1211994469e+01	2.6085479558e-01	8.7379015610e-01	2.6085479558e-01	1.1391740665e-01	1.2942910327e+00	1.0032415071e+00	0	1.9167751887e+00	1	1
6	472_512	4.7200000000e+02	5.1200000000e+02	2	0	1	1	6.6421508789e+00	7.9556884766e+00	4.6409872437e+02	5.1026675415e+02	-7.9012756348e+00	-1.7332458496e+00	7.9012756348e+00	9.6345214844e+00	4.8172607422e+00	5.9198659658e-01	4.4158071280e-01	5.9198659658e-01	1.5762820706e+01	1.5562869843e+01	1.5762820706e+01	2.6095795631e-01	4.8312401772e-01	2.6095795631e-01	1.5040588379e-01	9.3949476381e-01	2.1925122463e-01	0	2.9599329829e+00	0	0
6	472_512	4.7200000000e+02	5.1200000000e+02	3	0	1	1	3.8505859375e+00	5.1641235352e+00	4.6367901611e+02	5.0900762939e+02	-8.3209838867e+00	-2.9923706055e+00	8.3209838867e+00	1.1313354492e+01	5.6566772461e+00	6.1923998594e-01	5.0039446354e-01	6.1923998594e-01	1.2400175268e+01	1.4833516199e+01	1.4833516199e+01	2.4729466438e-01	4.2561256886e-01	2.4729466438e-01	1.1884552240e-01	7.3907455727e-01	2.0897601953e-01	0	3.0961999297e+00	0	0
6	472_512	4.7200000000e+02	5.1200000000e+02	4	0	1	1	4.9633178711e+00	6.2768554688e+00	4.6451843262e+02	5.0816821289e+02	-7.4815673828e+00	-3.8317871094e+00	7.4815673828e+00	1.1313354492e+01	5.6566772461e+00	7.0377534628e-01	5.4877203703e-01	7.0377534628e-01	2.0571702050e+01	1.4482718803e+01	2.0571702050e+01	1.5036624670e-01	3.7640398741e-01	1.5036624670e-01	1.5500330925e-01	1.2261134424e+00	2.0403395169e-01	0	3.5188767314e+00	0	0
6	472_512	4.7200000000e+02	5.1200000000e+02	5	0	1	1	4.9633178711e+00	6.2768554688e+00	4.7794912720e+02	5.0942733765e+02	5.9491271973e+00	-2.5726623535e+00	5.9491271973e+00	8.5217895508e+00	4.2608947754e+00	3.8328140974e-02	2.6922414079e-02	3.8328140974e-02	1.3851215095e+01	6.6013923151e+01	6.6013923151e+01	1.7569078505e-01	8.7793289684e-01	1.7569078505e-01	1.1405726895e-02	8.2555935237e-01	9.3001057260e-01	0	2.8459090775e+00	1	0
6	472_512	4.7200000000e+02	5.1200000000e+02	6	0	1	1	2.5914611816e+00	3.0655822754e+00	4.7585058594e+02	5.0942733765e+02	3.8505859375e+00	-2.5726623535e+00	3.8505859375e+00	6.4232482910e+00	3.2116241455e+00	2.8725934029e-01	9.5885470510e-02	2.8725934029e-01	2.1467704677e+01	2.5380283334e+01	2.5380283334e+01	3.1203371286e-01	8.2331089675e-01	3.1203371286e-01	1.9137386978e-01	1.2795169412e+00	3.5755990115e-01	0	1.9137386978e+00	1	0
6	472_512	4.7200000000e+02	5.1200000000e+02	7	0	1	1	6.2224426270e+00	7.5359802246e+00	4.7669000244e+02	5.0942733765e+02	4.6900024414e+00	-2.5726623535e+00	4.6900024414e+00	7.2626647949e+00	3.6313323975e+00	4.7340911627e-01	3.4025093913e-01	4.7340911627e-01	1.2391907089e+01	1.6776066549e+01	1.6776066549e+01	3.1730294228e-01	5.8422341943e-01	3.1730294228e-01	1.3315817714e-01	7.3858175773e-01	2.3634285787e-01	0	2.3670455813e+00	1	0
6	472_512	4.7200000000e+02	5.1200000000e+02	8	0	1	1	3.4308776855e+00	3.9049987793e+00	4.6409872437e+02	5.1026675415e+02	-7.9012756348e+00	-1.7332458496e+00	7.9012756348e+00	9.6345214844e+00	4.8172607422e+00	2.7187770605e-01	1.1858510971e-01	2.7187770605e-01	2.0034325988e+01	2.3065397794e+01	2.3065397794e+01	4.1133570671e-01	8.0162692070e-01	4.1133570671e-01	1.5329259634e-01	1.1940847843e+00	3.2494756841e-01	0	1.9287212331e+00	0	0
6	472_512	4.7200000000e+02	5.1200000000e+02	9	0	1	1	6.2224426270e+00	7.5359802246e+00	4.6325927734e+02	5.0942733765e+02	-8.7407226562e+00	-2.5726623535e+00	8.7407226562e+00	1.1313385010e+01	5.6566925049e+00	5.8324974775e-01	5.1332092285e-01	5.8324974775e-01	1.1471600111e+01	1.5095143459e+01	1.5095143459e+01	2.8926098347e-01	4.1293776035e-01	2.8926098347e-01	6.9928824902e-02	6.8372967238e-01	2.1266184984e-01	0	2.9162487388e+00	0	0
6	472_512	4.7200000000e+02	5.1200000000e+02	10	0	1	1	4.9633178711e+00	6.2768554688e+00	4.7669000244e+02	5.0900762939e+02	4.6900024414e+00	-2.9923706055e+00	4.6900024414e+00	7.6823730469e+00	3.8411865234e+00	4.3581575155e-01	2.5714087486e-01	4.3581575155e-01	1.6092957442e+01	1.8405714888e+01	1.8405714888e+01	2.8281533718e-01	6.6457974911e-01	2.8281533718e-01	1.7867487669e-01	9.5917155520e-01	2.5930150225e-01	0	2.1790787578e+00	1	0
6	472_512	4.7200000000e+02	5.1200000000e+02	11	0	1	1	4.9633178711e+00	6.2768554688e+00	4.7752941895e+02	5.0942733765e+02	5.5294189453e+00	-2.5726623535e+00	5.5294189453e+00	8.1020812988e+00	4.0510406494e+00	4.0932841599e-02	2.4458369240e-02	4.0932841599e-02	1.4246915772e+01	6.6485532654e+01	6.6485532654e+01	1.9028257579e-01	8.7899694778e-01	1.9028257579e-01	1.6474472359e-02	8.4914388215e-01	9.3665465316e-01	0	2.6276709674e+00	1	0
6	472_512	4.7200000000e+02	5.1200000000e+02	12	0	1	1	7.4815673828e+00	8.7951049805e+00	4.6283956909e+02	5.0900762939e+02	-9.1604309082e+00	-2.9923706055e+00	9.1604309082e+00	1.2152801514e+01	6.0764007568e+00	3.4156098962e-01	2.9286190867e-01	3.4156098962e-01	1.3824870335e+01	1.6941080193e+01	1.6941080193e+01	4.9733856320e-01	6.2988021970e-01	4.9733856320e-01	4.8699080944e-02	8.2398915346e-01	2.3866758615e-01	0	2.1752354682e+00	0	0
6	472_512	4.7200000000e+02	5.1200000000e+02	13	0	1	1	3.4308776855e+00	3.9049987793e+00	4.6367901611e+02	5.1026675415e+02	-8.3209838867e+00	-1.7332458496e+00	8.3209838867e+00	1.0054229736e+01	5.0271148682e+00	2.2143621743e-01	1.4176608622e-01	2.2143621743e-01	1.5097765020e+01	2.1196528015e+01	2.1196528015e+01	5.3080557287e-01	7.8007082641e-01	5.3080557287e-01	7.9670131207e-02	8.9985615177e-01	2.9861874913e-01	0	2.0039464311e+00	0	0
6	472_512	4.7200000000e+02	5.1200000000e+02	14	0	1	1	4.9633178711e+00	6.2768554688e+00	4.7710971069e+02	5.0942733765e+02	5.1097106934e+00	-2.5726623535e+00	5.1097106934e+00	7.6823730469e+00	3.8411865234e+00	6.2727600336e-02	3.9479933679e-02	6.2727600336e-02	1.3874153870e+01	6.2052729017e+01	6.2052729017e+01	2.5794580579e-01	8.6990002543e-01	2.5794580579e-01	2.3247666657e-02	8.2692654798e-01	8.7420488421e-01	0	1.9383916652e+00	1	0
6	472_512	4.7200000000e+02	5.1200000000e+02	15	0	1	1	4.6900024414e+00	6.0035400391e+00	4.7710971069e+02	5.0942733765e+02	5.1097106934e+00	-2.5726623535e+00	5.1097106934e+00	7.6823730469e+00	3.8411865234e+00	5.9940803796e-02	1.7360186204e-02	5.9940803796e-02	1.6939750275e+01	7.3761637554e+01	7.3761637554e+01	1.6443872079e-01	8.8141866960e-01	1.6443872079e-01	4.2580617592e-02	1.0096420546e+00	1.0391611270e+00	0	3.0406463733e+00	1	0
6	472_512	4.7200000000e+02	5.1200000000e+02	16	0	1	1	2.5914611816e+00	3.9049987793e+00	4.7794912720e+02	5.0942733765e+02	5.9491271973e+00	-2.5726623535e+00	5.9491271973e+00	8.5217895508e+00	4.2608947754e+00	3.8255207241e-02	2.5407310575e-02	3.8255207241e-02	1.4151041645e+01	6.6047074561e+01	6.6047074561e+01	1.8531963974e-01	8.7970829383e-01	1.8531963974e-01	1.2847896665e-02	8.4342959775e-01	9.3047761288e-01	0	2.6980410748e+00	1	0
6	472_512	4.7200000000e+02	5.1200000000e+02	17	0	1	1	2.5914611816e+00	3.9049987793e+00	4.7669000244e+02	5.0900762939e+02	4.6900024414e+00	-2.9923706055e+00	4.6900024414e+00	7.6823730469e+00	3.8411865234e+00	4.2823421955e-01	2.4189612269e-01	4.2823421955e-01	1.6893847914e+01	1.8577023947e+01	1.8577023947e+01	2.8909230232e-01	6.7947736382e-01	2.8909230232e-01	1.8633809686e-01	1.0069061846e+00	2.6171492093e-01	0	2.1411710978e+00	1	0
6	472_512	4.7200000000e+02	5.1200000000e+02	18	0	1	1	6.2224426270e+00	6.6965637207e+00	4.7585058594e+02	5.0900762939e+02	3.8505859375e+00	-2.9923706055e+00	3.8505859375e+00	6.8429565430e+00	3.4214782715e+00	3.5982280970e-01	1.2628637254e-01	3.5982280970e-01	2.1809043386e+01	2.2868269322e+01	2.2868269322e+01	2.8438532352e-01	7.9566027224e-01	2.8438532352e-01	2.3353643715e-01	1.2998613920e+00	3.2217040332e-01	0	2.3353643715e+00	1	0
6	472_512	4.7200000000e+02	5.1200000000e+02	19	0	1	1	7.4815673828e+00	8.7951049805e+00	4.6325927734e+02	5.0900762939e+02	-8.7407226562e+00	-2.9923706055e+00	8.7407226562e+00	1.1733093262e+01	5.8665466309e+00	3.3540701866e-01	2.7408862114e-01	3.3540701866e-01	1.3891729281e+01	1.7230138999e+01	1.7230138999e+01	4.9425673485e-01	6.4903694391e-01	4.9425673485e-01	6.1318397522e-02	8.2797407664e-01	2.4273987473e-01	0	2.1636003579e+00	0	0
7	462_522	4.6200000000e+02	5.2200000000e+02	0	0	1	1	3.3762817383e+00	3.7961425781e+00	4.6367901611e+02	5.2243829346e+02	1.6790161133e+00	4.3829345703e-01	1.6790161133e+00	2.1173095703e+00	1.0586547852e+00	6.0790989548e-02	6.2496453524e-02	6.2496453524e-02	3.2882130051e+01	2.8950324733e+01	3.2882130051e+01	8.4415110573e-01	5.5388006568e-01	5.5388006568e-01	1.7054639757e-03	1.0605113909e+00	1.3377939137e+00	1	9.6512546765e-01	1	1
7	462_522	4.6200000000e+02	5.2200000000e+02	1	0	1	1	2.5368652344e+00	2.5370178223e+00	4.6241986084e+02	5.2453686523e+02	4.1986083984e-01	2.5368652344e+00	2.5368652344e+00	2.9567260742e+00	1.4783630371e+00	4.6036187559e-02	2.8749659657e-02	4.6036187559e-02	2.3750597517e+01	3.3147809427e+01	3.3147809427e+01	6.9051599130e-01	8.7017010152e-01	6.9051599130e-01	1.7286527902e-02	7.6600205546e-01	1.5317595955e+00	0	1.5193131301e+00	1	0
7	462_522	4.6200000000e+02	5.2200000000e+02	2	0	1	1	3.3762817383e+00	4.2158508301e+00	4.6283956909e+02	5.2537628174e+02	8.3956909180e-01	3.3762817383e+00	3.3762817383e+00	4.2158508301e+00	2.1079254150e+00	4.5868000388e-01	4.5231008530e-01	4.5868000388e-01	1.2219088831e+01	1.6523987302e+01	1.6523987302e+01	4.1126075387e-01	4.7027605772e-01	4.1126075387e-01	6.3699185848e-03	3.9408891309e-01	7.6357311522e-01	0	2.2934000194e+00	1	0
7	462_522	4.6200000000e+02	5.2200000000e+02	3	0	1	1	3.3762817383e+00	3.3764343262e+00	4.6283956909e+02	5.2495660400e+02	8.3956909180e-01	2.9566040039e+00	2.9566040039e+00	3.7961730957e+00	1.8980865479e+00	5.0273346901e-01	4.8476207256e-01	5.0273346901e-01	1.1899797343e+01	1.5526428072e+01	1.5526428072e+01	3.7264633179e-01	4.3885833025e-01	3.7264633179e-01	1.7971396446e-02	3.8379115379e-01	7.1747592360e-01	0	2.5136673450e+00	1	0
7	462_522	4.6200000000e+02	5.2200000000e+02	4	0	1	1	3.3762817383e+00	3.3764343262e+00	4.6325927734e+02	5.2495660400e+02	1.2592773438e+00	2.9566040039e+00	2.9566040039e+00	4.2158813477e+00	2.1079406738e+00	5.3225392103e-01	5.2159553766e-01	5.3225392103e-01	1.1546884674e+01	1.5602638874e+01	1.5602638874e+01	3.4691941738e-01	4.0271115303e-01	3.4691941738e-01	1.0658383369e-02	3.7240904732e-01	7.2099762318e-01	0	2.6612696052e+00	1	0
7	462_522	4.6200000000e+02	5.2200000000e+02	5	0	1	1	3.3762817383e+00	3.7961425781e+00	4.6367901611e+02	5.2285803223e+02	1.6790161133e+00	8.5803222656e-01	1.6790161133e+00	2.5370483398e+00	1.2685241699e+00	5.2229106426e-02	5.0667565316e-02	5.2229106426e-02	2.2653205483e+01	3.8910494007e+01	3.8910494007e+01	5.5887687206e-01	8.5207470134e-01	5.5887687206e-01	1.5615411103e-03	7.3060906995e-01	1.7980531321e+00	0	2.2801518060e+00	1	0
7	462_522	4.6200000000e+02	5.2200000000e+02	6	0	1	1	2.5368652344e+00	2.5370178223e+00	4.6158044434e+02	5.2453686523e+02	-4.1955566406e-01	2.5368652344e+00	2.5368652344e+00	2.9564208984e+00	1.4782104492e+00	1.1685720831e-01	9.3640662730e-02	1.1685720831e-01	1.8740593552e+01	2.4225904244e+01	2.4225904244e+01	7.0965643972e-01	8.1997986883e-01	7.0965643972e-01	2.3216545582e-02	6.0441987496e-01	1.1194785396e+00	1	1.1302289287e+00	1	0
7	462_522	4.6200000000e+02	5.2200000000e+02	7	0	1	1	3.3762817383e+00	3.7961425781e+00	4.6283956909e+02	5.2537628174e+02	8.3956909180e-01	3.3762817383e+00	3.3762817383e+00	4.2158508301e+00	2.1079254150e+00	3.7600460649e-01	3.6291381717e-01	3.7600460649e-01	1.3281055610e+01	1.7047892398e+01	1.7047892398e+01	4.9156025052e-01	5.5974617600e-01	4.9156025052e-01	1.3090789318e-02	4.2833936657e-01	7.8778275898e-01	0	1.8800230324e+00	1	0
7	462_522	4.6200000000e+02	5.2200000000e+02	8	0	1	1	2.5368652344e+00	2.9567260742e+00	4.6158044434e+02	5.2537628174e+02	-4.1955566406e-01	3.3762817383e+00	3.3762817383e+00	3.7958374023e+00	1.8979187012e+00	1.3769721985e-01	1.0627031326e-01	1.3769721985e-01	1.8771465963e+01	2.3346840618e+01	2.3346840618e+01	6.9667667150e-01	8.1003063917e-01	6.9667667150e-01	3.1426906586e-02	6.0541556909e-01	1.0788570273e+00	1	1.1273840883e+00	1	0
7	462_522	4.6200000000e+02	5.2200000000e+02	9	0	1	1	3.3762817383e+00	3.3764343262e+00	4.6283956909e+02	5.2495660400e+02	8.3956909180e-01	2.9566040039e+00	2.9566040039e+00	3.7961730957e+00	1.8980865479e+00	5.1274192333e-01	4.9478754401e-01	5.1274192333e-01	1.1839746002e+01	1.5352234666e+01	1.5352234666e+01	3.6211895943e-01	4.2902657390e-01	3.6211895943e-01	1.7954379320e-02	3.8185438354e-01	7.0942644988e-01	0	2.5637096167e+00	1	0
7	462_522	4.6200000000e+02	5.2200000000e+02	10	0	1	1	3.3762817383e+00	3.3764343262e+00	4.6283956909e+02	5.2537628174e+02	8.3956909180e-01	3.3762817383e+00	3.3762817383e+00	4.2158508301e+00	2.1079254150e+00	3.0005088449e-01	3.5780707002e-01	3.5780707002e-01	1.6649555375e+01	1.9084278967e+01	1.9084278967e+01	6.2116375566e-01	5.1069858670e-01	5.1069858670e-01	5.7756185532e-02	5.3697990675e-01	8.8188414068e-01	0	1.7890353501e+00	1	0
7	462_522	4.6200000000e+02	5.2200000000e+02	11	0	1	1	3.3762817383e+00	3.3764343262e+00	4.6367901611e+02	5.2453686523e+02	1.6790161133e+00	2.5368652344e+00	2.5368652344e+00	4.2158813477e+00	2.1079406738e+00	4.1051011533e-02	2.9886830598e-02	4.1051011533e-02	2.3935504176e+01	3.6516638095e+01	3.6516638095e+01	6.3296385482e-01	8.6812318489e-01	6.3296385482e-01	1.1164180934e-02	7.7196564779e-01	1.6874330994e+00	0	1.9640945697e+00	1	0
7	462_522	4.6200000000e+02	5.2200000000e+02	12	0	1	1	3.7960205078e+00	3.7961730957e+00	4.6241986084e+02	5.2537628174e+02	4.1986083984e-01	3.3762817383e+00	3.3762817383e+00	3.7961425781e+00	1.8980712891e+00	3.3044102788e-01	3.1836974621e-01	3.3044102788e-01	1.4030390443e+01	1.7341368596e+01	1.7341368596e+01	5.3919479251e-01	6.0364770889e-01	5.3919479251e-01	1.2071281672e-02	4.5250684368e-01	8.0134428807e-01	0	1.6522051394e+00	1	0
7	462_522	4.6200000000e+02	5.2200000000e+02	13	0	1	1	3.3762817383e+00	3.3764343262e+00	4.6158044434e+02	5.2537628174e+02	-4.1955566406e-01	3.3762817383e+00	3.3762817383e+00	3.7958374023e+00	1.8979187012e+00	1.6749690473e-01	1.3867823780e-01	1.6749690473e-01	1.7324263317e+01	2.1838966512e+01	2.1838966512e+01	6.7851717770e-01	7.7902229130e-01	6.7851717770e-01	2.8818666935e-02	5.5874052435e-01	1.0091781958e+00	1	1.2607413590e+00	1	0
7	462_522	4.6200000000e+02	5.2200000000e+02	14	0	1	1	3.3762817383e+00	3.7961425781e+00	4.6367901611e+02	5.2201861572e+02	1.6790161133e+00	1.8615722656e-02	1.6790161133e+00	1.6976318359e+00	8.4881591797e-01	7.5853988528e-02	6.7637808621e-02	7.5853988528e-02	2.2278008989e+01	3.4620449620e+01	3.4620449620e+01	5.9409292042e-01	8.4162759036e-01	5.9409292042e-01	8.2161799073e-03	7.1850826764e-01	1.5998102688e+00	0	1.7137436250e+00	1	0
7	462_522	4.6200000000e+02	5.2200000000e+02	15	0	1	1	3.3762817383e+00	3.3764343262e+00	4.6241986084e+02	5.2453686523e+02	4.1986083984e-01	2.5368652344e+00	2.5368652344e+00	2.9567260742e+00	1.4783630371e+00	2.7206044644e-02	1.7173666507e-02	2.7206044644e-02	2.6007844142e+01	4.0075656765e+01	4.0075656765e+01	6.2233825400e-01	8.6943725869e-01	6.2233825400e-01	1.0032378137e-02	8.3880256304e-01	1.8518952793e+00	0	2.4339865124e+00	1	0
7	462_522	4.6200000000e+02	5.2200000000e+02	16	0	1	1	3.3762817383e+00	3.7961425781e+00	4.6367901611e+02	5.2369744873e+02	1.6790161133e+00	1.6974487305e+00	1.6974487305e+00	3.3764648438e+00	1.6882324219e+00	4.9703016877e-02	4.5575305820e-02	4.9703016877e-02	2.2863664348e+01	3.8309768060e+01	3.8309768060e+01	5.7957373559e-01	8.5671032965e-01	5.7957373559e-01	4.1277110577e-03	7.3739676964e-01	1.7702935984e+00	0	2.2008388525e+00	1	0
7	462_522	4.6200000000e+02	5.2200000000e+02	17	0	1	1	3.3762817383e+00	3.3764343262e+00	4.6283956909e+02	5.2537628174e+02	8.3956909180e-01	3.3762817383e+00	3.3762817383e+00	4.2158508301e+00	2.1079254150e+00	2.9262232780e-01	3.3944565058e-01	3.3944565058e-01	1.6854114585e+01	1.9576740048e+01	1.9576740048e+01	6.2927037477e-01	5.2680540085e-01	5.2680540085e-01	4.6823322773e-02	5.4357733131e-01	9.0464075714e-01	1	1.6972282529e+00	1	0
7	462_522	4.6200000000e+02	5.2200000000e+02	18	0	1	1	1.6974487305e+00	2.1173095703e+00	4.6367901611e+02	5.2285803223e+02	1.6790161133e+00	8.5803222656e-01	1.6790161133e+00	2.5370483398e+00	1.2685241699e+00	1.8118266761e-01	1.3489528000e-01	1.8118266761e-01	1.8107029241e+01	2.4319485229e+01	2.4319485229e+01	6.0692776740e-01	7.8369824588e-01	6.0692776740e-01	4.6287387609e-02	5.8398621792e-01	1.1238029149e+00	1	1.1886108059e+00	1	0
7	462_522	4.6200000000e+02	5.2200000000e+02	19	0	1	1	4.2156982422e+00	4.2158508301e+00	4.6158044434e+02	5.2663543701e+02	-4.1955566406e-01	4.6354370117e+00	4.6354370117e+00	5.0549926758e+00	2.5274963379e+00	2.8744196892e-01	2.7411687374e-01	2.8744196892e-01	1.4615500940e+01	1.7732088601e+01	1.7732088601e+01	5.8164930344e-01	6.4585864544e-01	5.8164930344e-01	1.3325095177e-02	4.7137777286e-01	8.1939945151e-01	0	1.5103492204e+00	0	0
8	452_532	4.5200000000e+02	5.3200000000e+02	0	0	1	1	3.4493408203e+00	5.6207580566e+00	4.4982858276e+02	5.3670843506e+02	-2.1714172363e+00	4.7084350586e+00	4.7084350586e+00	6.8798522949e+00	3.4399261475e+00	5.1226560026e-02	8.7163351476e-02	8.7163351476e-02	2.8661725378e+01	3.5474954080e+01	3.5474954080e+01	8.1608295068e-01	7.3589722067e-01	7.3589722067e-01	3.5936791450e-02	9.6802257128e-01	1.4515398292e+00	1	1.2901137977e+00	1	0
8	452_532	4.5200000000e+02	5.3200000000e+02	1	0	1	1	3.8690185547e+00	6.8798522949e+00	4.4814974976e+02	5.3754785156e+02	-3.8502502441e+00	5.5478515625e+00	5.5478515625e+00	9.3981018066e+00	4.6990509033e+00	4.2444653809e-02	4.2931828648e-02	4.2931828648e-02	2.6879468321e+01	3.2877819599e+01	3.2877819599e+01	8.2916765660e-01	8.0434789881e-01	8.0434789881e-01	4.8717483878e-04	9.0782853076e-01	1.3452720626e+00	1	9.8649160730e-01	0	0
8	452_532	4.5200000000e+02	5.3200000000e+02	2	0	1	1	4.2887573242e+00	6.4601745605e+00	4.4856945801e+02	5.3922668457e+02	-3.4305419922e+00	7.2266845703e+00	7.2266845703e+00	1.0657226562e+01	5.3286132812e+00	4.2845538259e-01	5.3733229637e-01	5.3733229637e-01	1.3648094843e+01	2.0254737288e+01	2.0254737288e+01	4.9086990952e-01	3.0033266544e-01	3.0033266544e-01	1.0887691379e-01	4.6095144969e-01	8.2876944217e-01	0	2.6866614819e+00	0	0
8	452_532	4.5200000000e+02	5.3200000000e+02	3	0	1	1	4.7084350586e+00	7.2995605469e+00	4.4898916626e+02	5.3922668457e+02	-3.0108337402e+00	7.2266845703e+00	7.2266845703e+00	1.0237518311e+01	5.1187591553e+00	4.9364772439e-01	5.2892369032e-01	5.2892369032e-01	1.4501708664e+01	2.0405889772e+01	2.0405889772e+01	4.2662361264e-01	3.1635481119e-01	3.1635481119e-01	3.5275965929e-02	4.8978144631e-01	8.3495419578e-01	0	2.6446184516e+00	0	0
8	452_532	4.5200000000e+02	5.3200000000e+02	4	0	1	1	2.6099243164e+00	5.2010498047e+00	4.4898916626e+02	5.3922668457e+02	-3.0108337402e+00	7.2266845703e+00	7.2266845703e+00	1.0237518311e+01	5.1187591553e+00	5.3862673044e-01	6.4036458731e-01	6.4036458731e-01	1.4207477271e+01	3.0919938851e+01	3.0919938851e+01	3.8189786673e-01	2.1116495132e-01	2.1116495132e-01	1.0173785686e-01	4.7984406026e-01	1.2651608416e+00	0	3.2018229365e+00	0	0
8	452_532	4.5200000000e+02	5.3200000000e+02	5	0	1	1	2.5911254883e+00	3.9418945312e+00	4.5024829102e+02	5.2747485352e+02	-1.7517089844e+00	-4.5251464844e+00	4.5251464844e+00	6.2768554688e+00	3.1384277344e+00	6.8725384772e-02	6.7955806851e-02	6.8725384772e-02	3.0899908703e+01	3.8192967459e+01	3.8192967459e+01	7.2737815231e-01	8.0253373086e-01	7.2737815231e-01	7.6957792044e-04	1.0436150888e+00	1.5627536356e+00	0	1.6078675303e+00	1	0
8	452_532	4.5200000000e+02	5.3200000000e+02	6	0	1	1	4.7084350586e+00	6.8798522949e+00	4.4814974976e+02	5.3838726807e+02	-3.8502502441e+00	6.3872680664e+00	6.3872680664e+00	1.0237518311e+01	5.1187591553e+00	1.0118557513e-01	9.3440249562e-02	1.0118557513e-01	2.0313002663e+01	2.6447407863e+01	2.6447407863e+01	7.4478833377e-01	8.0421201885e-01	7.4478833377e-01	7.7453255653e-03	6.8605238552e-01	1.0821568875e+00	1	8.9699318424e-01	0	0
8	452_532	4.5200000000e+02	5.3200000000e+02	7	0	1	1	4.2887573242e+00	6.4601745605e+00	4.4856945801e+02	5.2789453125e+02	-3.4305419922e+00	-4.1054687500e+00	4.1054687500e+00	7.5360107422e+00	3.7680053711e+00	3.6876699328e-01	5.3415721655e-01	5.3415721655e-01	1.3981365041e+01	2.5349550006e+01	2.5349550006e+01	5.4747185111e-01	3.0746805668e-01	3.0746805668e-01	1.6539022326e-01	4.7220733430e-01	1.0372354930e+00	0	2.6707860827e+00	1	0
8	452_532	4.5200000000e+02	5.3200000000e+02	8	0	1	1	4.7084350586e+00	7.2995605469e+00	4.4814974976e+02	5.3754785156e+02	-3.8502502441e+00	5.5478515625e+00	5.5478515625e+00	9.3981018066e+00	4.6990509033e+00	1.1386260390e-01	1.3322012126e-01	1.3322012126e-01	2.0664837590e+01	2.5541595631e+01	2.5541595631e+01	7.8310951591e-01	7.2137470543e-01	7.2137470543e-01	1.9357517362e-02	6.9793527624e-01	1.0450934841e+00	1	8.6304206789e-01	0	0
8	452_532	4.5200000000e+02	5.3200000000e+02	9	0	1	1	4.2887573242e+00	6.4601745605e+00	4.4856945801e+02	5.4006610107e+02	-3.4305419922e+00	8.0661010742e+00	8.0661010742e+00	1.1496643066e+01	5.7483215332e+00	4.8214724660e-01	5.5934447050e-01	5.5934447050e-01	1.3074166274e+01	1.8777782783e+01	1.8777782783e+01	4.3660953641e-01	2.8047186136e-01	2.8047186136e-01	7.7197223902e-02	4.4156755699e-01	7.6833643114e-01	0	2.7967223525e+00	0	0
8	452_532	4.5200000000e+02	5.3200000000e+02	10	0	1	1	2.5911254883e+00	3.9418945312e+00	4.4856945801e+02	5.2831427002e+02	-3.4305419922e+00	-3.6857299805e+00	3.6857299805e+00	7.1162719727e+00	3.5581359863e+00	3.2551786304e-01	4.4091436267e-01	4.4091436267e-01	1.7197908434e+01	3.0886386963e+01	3.0886386963e+01	5.8573582768e-01	4.2379608750e-01	4.2379608750e-01	1.1539649963e-01	5.8084303452e-01	1.2637879884e+00	0	2.2045718133e+00	1	0
8	452_532	4.5200000000e+02	5.3200000000e+02	11	0	1	1	2.5911254883e+00	3.9418945312e+00	4.4898916626e+02	5.2957336426e+02	-3.0108337402e+00	-2.4266357422e+00	3.0108337402e+00	5.4374694824e+00	2.7187347412e+00	4.3868772686e-02	8.2546815276e-02	8.2546815276e-02	2.9312353318e+01	3.6300705015e+01	3.6300705015e+01	8.1836963445e-01	7.2813458741e-01	7.2813458741e-01	3.8678042591e-02	9.8999691246e-01	1.4853273394e+00	1	1.3866495410e+00	1	1
8	452_532	4.5200000000e+02	5.3200000000e+02	12	0	1	1	4.2887573242e+00	6.4601745605e+00	4.4856945801e+02	5.3754785156e+02	-3.4305419922e+00	5.5478515625e+00	5.5478515625e+00	8.9783935547e+00	4.4891967773e+00	3.2999807596e-01	4.7666504979e-01	4.7666504979e-01	1.4456783088e+01	2.5074976802e+01	2.5074976802e+01	5.8485549688e-01	3.6657789350e-01	3.6657789350e-01	1.4666697383e-01	4.8826412762e-01	1.0260006951e+00	0	2.3833252490e+00	0	0
8	452_532	4.5200000000e+02	5.3200000000e+02	13	0	1	1	3.4493408203e+00	6.0404663086e+00	4.4689062500e+02	5.3754785156e+02	-5.1093750000e+00	5.5478515625e+00	5.5478515625e+00	1.0657226562e+01	5.3286132812e+00	1.4797879755e-01	2.2792471945e-01	2.2792471945e-01	1.9199882917e+01	2.7000757350e+01	2.7000757350e+01	7.5108008087e-01	6.2814144790e-01	6.2814144790e-01	7.9945921898e-02	6.4845782259e-01	1.1047984621e+00	1	1.1396235973e+00	0	0
8	452_532	4.5200000000e+02	5.3200000000e+02	14	0	1	1	3.8690185547e+00	6.4601440430e+00	4.5066799927e+02	5.3670843506e+02	-1.3320007324e+00	4.7084350586e+00	4.7084350586e+00	6.0404357910e+00	3.0202178955e+00	1.5016596019e-01	8.7629556656e-02	1.5016596019e-01	2.8346073623e+01	3.3681793990e+01	3.3681793990e+01	6.8840159476e-01	8.0337232351e-01	6.8840159476e-01	6.2536403537e-02	9.5736173286e-01	1.3781685350e+00	1	1.0804815287e+00	1	0
8	452_532	4.5200000000e+02	5.3200000000e+02	15	0	1	1	3.0108337402e+00	5.0177307129e+00	4.4898916626e+02	5.2957336426e+02	-3.0108337402e+00	-2.4266357422e+00	3.0108337402e+00	5.4374694824e+00	2.7187347412e+00	2.3847181350e-02	5.3847480565e-02	5.3847480565e-02	3.1172864929e+01	4.0400440036e+01	4.0400440036e+01	8.2283381745e-01	7.3644108698e-01	7.3644108698e-01	3.0000299215e-02	1.0528339263e+00	1.6530774838e+00	0	1.8659356680e+00	1	0
8	452_532	4.5200000000e+02	5.3200000000e+02	16	0	1	1	2.5911254883e+00	4.1783447266e+00	4.4982858276e+02	5.2453686523e+02	-2.1714172363e+00	-7.4631347656e+00	7.4631347656e+00	9.6345520020e+00	4.8172760010e+00	4.5760069042e-02	2.4807231501e-02	4.5760069042e-02	2.6310327820e+01	3.2449277807e+01	3.2449277807e+01	7.5227287039e-01	8.3830092661e-01	7.5227287039e-01	2.0952837542e-02	8.8860635054e-01	1.3277372836e+00	1	9.3639223875e-01	0	0
8	452_532	4.5200000000e+02	5.3200000000e+02	17	0	1	1	2.5911254883e+00	3.9418945312e+00	4.4856945801e+02	5.2789453125e+02	-3.4305419922e+00	-4.1054687500e+00	4.1054687500e+00	7.5360107422e+00	3.7680053711e+00	3.3598440886e-01	4.2393350601e-01	4.2393350601e-01	1.7714844813e+01	3.0197770857e+01	3.0197770857e+01	5.7577490807e-01	4.4144386053e-01	4.4144386053e-01	8.7949097157e-02	5.9830207009e-01	1.2356116671e+00	0	2.1196675301e+00	1	0
8	452_532	4.5200000000e+02	5.3200000000e+02	18	0	1	1	3.8690185547e+00	6.0404357910e+00	4.4940887451e+02	5.3670843506e+02	-2.5911254883e+00	4.7084350586e+00	4.7084350586e+00	7.2995605469e+00	3.6497802734e+00	1.9458441436e-01	2.0177616179e-01	2.0177616179e-01	2.2925790928e+01	2.6846907673e+01	2.6846907673e+01	7.0928288996e-01	6.6247121990e-01	6.6247121990e-01	7.1917474270e-03	7.7429682932e-01	1.0985033466e+00	1	1.0088808089e+00	1	0
8	452_532	4.5200000000e+02	5.3200000000e+02	19	0	1	1	2.4266357422e+00	4.5980529785e+00	4.4856945801e+02	5.2663543701e+02	-3.4305419922e+00	-5.3645629883e+00	5.3645629883e+00	8.7951049805e+00	4.3975524902e+00	3.1767255068e-01	3.6702618003e-01	3.6702618003e-01	1.4667103579e+01	1.7461047211e+01	1.7461047211e+01	5.9633654356e-01	4.8427185416e-01	4.8427185416e-01	4.9353629351e-02	4.9536750257e-01	7.1445914853e-01	0	1.8351309001e+00	1	0
9	442_542	4.4200000000e+02	5.4200000000e+02	0	0	1	1	6.0218200684e+00	6.6965637207e+00	4.4814974976e+02	5.3838726807e+02	6.1497497559e+00	-3.6127319336e+00	6.1497497559e+00	9.7624816895e+00	4.8812408447e+00	3.1790398061e-02	2.6740971953e-02	3.1790398061e-02	2.9019065172e+01	3.5967607155e+01	3.5967607155e+01	8.1923834234e-01	8.4334557876e-01	8.1923834234e-01	5.0494261086e-03	1.0070100384e+00	1.3777564481e+00	1	1.0793041373e+00	1	0
9	442_542	4.4200000000e+02	5.4200000000e+02	1	0	1	1	2.7920837402e+00	3.4668273926e+00	4.4814974976e+02	5.3964642334e+02	6.1497497559e+00	-2.3535766602e+00	6.1497497559e+00	8.5033264160e+00	4.2516632080e+00	3.4960679710e-02	3.2670255750e-02	3.4960679710e-02	2.8130045447e+01	3.7331915716e+01	3.7331915716e+01	8.1459844857e-01	8.4178418294e-01	8.1459844857e-01	2.2904239595e-03	9.7615956877e-01	1.4300169421e+00	1	1.2286198344e+00	1	0
9	442_542	4.4200000000e+02	5.4200000000e+02	2	0	1	1	4.8906250000e+00	5.5653686523e+00	4.4814974976e+02	5.4090551758e+02	6.1497497559e+00	-1.0944824219e+00	6.1497497559e+00	7.2442321777e+00	3.6221160889e+00	4.2294612527e-01	4.5705586672e-01	4.5705586672e-01	1.4027291683e+01	1.7279630540e+01	1.7279630540e+01	4.9772265553e-01	3.7203973532e-01	3.7203973532e-01	3.4109741449e-02	4.8677045425e-01	6.6190453799e-01	0	2.2852793336e+00	1	0
9	442_542	4.4200000000e+02	5.4200000000e+02	3	0	1	1	4.0512084961e+00	4.7259521484e+00	4.4814974976e+02	5.4090551758e+02	6.1497497559e+00	-1.0944824219e+00	6.1497497559e+00	7.2442321777e+00	3.6221160889e+00	4.3818214536e-01	4.6627214551e-01	4.6627214551e-01	1.4095310941e+01	1.7000528743e+01	1.7000528743e+01	4.8280069232e-01	3.5874184966e-01	3.5874184966e-01	2.8090000153e-02	4.8913083612e-01	6.5121340975e-01	0	2.3313607275e+00	1	0
9	442_542	4.4200000000e+02	5.4200000000e+02	4	0	1	1	4.0512084961e+00	4.7259521484e+00	4.4856945801e+02	5.4090551758e+02	6.5694580078e+00	-1.0944824219e+00	6.5694580078e+00	7.6639404297e+00	3.8319702148e+00	4.5458731055e-01	4.8074790835e-01	4.8074790835e-01	1.3954842968e+01	1.6866559471e+01	1.6866559471e+01	4.6633395553e-01	3.4181961417e-01	3.4181961417e-01	2.6160597801e-02	4.8425636283e-01	6.4608165250e-01	0	2.4037395418e+00	1	0
9	442_542	4.4200000000e+02	5.4200000000e+02	5	0	1	1	3.2117919922e+00	3.8865356445e+00	4.4814974976e+02	5.3964642334e+02	6.1497497559e+00	-2.3535766602e+00	6.1497497559e+00	8.5033264160e+00	4.2516632080e+00	2.4206558242e-02	2.2480607033e-02	2.4206558242e-02	3.0429811351e+01	3.8705645532e+01	3.8705645532e+01	8.1223007105e-01	8.3565467596e-01	8.1223007105e-01	1.7259512097e-03	1.0559652875e+00	1.4826383217e+00	1	1.3789666335e+00	1	0
9	442_542	4.4200000000e+02	5.4200000000e+02	6	0	1	1	2.7920837402e+00	3.4668273926e+00	4.3387963867e+02	5.3964642334e+02	-8.1203613281e+00	-2.3535766602e+00	8.1203613281e+00	1.0473937988e+01	5.2369689941e+00	2.5680452585e-01	1.1885875463e-01	2.5680452585e-01	2.5987548703e+01	2.5334940532e+01	2.5987548703e+01	5.8272540569e-01	7.6328349113e-01	5.8272540569e-01	1.3794577122e-01	9.0181135269e-01	9.7046705188e-01	0	1.3794577122e+00	0	0
9	442_542	4.4200000000e+02	5.4200000000e+02	7	0	1	1	4.4709167480e+00	5.1456604004e+00	4.4814974976e+02	5.3922668457e+02	6.1497497559e+00	-2.7733154297e+00	6.1497497559e+00	8.9230651855e+00	4.4615325928e+00	3.1850636005e-01	3.5379302502e-01	3.5379302502e-01	1.5027219257e+01	1.7838903194e+01	1.7838903194e+01	5.9886932373e-01	4.7356849909e-01	4.7356849909e-01	3.5286664963e-02	5.2146961147e-01	6.8332774535e-01	0	1.7689651251e+00	1	0
9	442_542	4.4200000000e+02	5.4200000000e+02	8	0	1	1	2.7920837402e+00	3.4668273926e+00	4.3262051392e+02	5.4090551758e+02	-9.3794860840e+00	-1.0944824219e+00	9.3794860840e+00	1.0473968506e+01	5.2369842529e+00	1.6018836200e-01	1.4999936521e-01	1.6018836200e-01	1.6674073238e+01	2.4322290694e+01	2.4322290694e+01	6.7790760100e-01	7.2015930712e-01	6.7790760100e-01	1.0188996792e-02	5.7861819572e-01	9.3167701402e-01	1	1.2039480122e+00	0	0
9	442_542	4.4200000000e+02	5.4200000000e+02	9	0	1	1	4.4709167480e+00	5.1456604004e+00	4.4814974976e+02	5.4090551758e+02	6.1497497559e+00	-1.0944824219e+00	6.1497497559e+00	7.2442321777e+00	3.6221160889e+00	4.4438788295e-01	4.7672352195e-01	4.7672352195e-01	1.3791646969e+01	1.7096762465e+01	1.7096762465e+01	4.7689959407e-01	3.5424855351e-01	3.5424855351e-01	3.2335639000e-02	4.7859318904e-01	6.5489968867e-01	0	2.3836176097e+00	1	0
9	442_542	4.4200000000e+02	5.4200000000e+02	10	0	1	1	2.7920837402e+00	3.0471496582e+00	4.4731033325e+02	5.4174493408e+02	5.3103332520e+00	-2.5506591797e-01	5.3103332520e+00	5.5653991699e+00	2.7826995850e+00	2.4642996490e-01	2.5132486224e-01	2.5132486224e-01	1.6712185897e+01	2.0119248300e+01	2.0119248300e+01	6.6438354552e-01	5.7780936360e-01	5.7780936360e-01	4.8948973417e-03	5.7994076867e-01	7.7067745865e-01	1	1.2566243112e+00	1	1
9	442_542	4.4200000000e+02	5.4200000000e+02	11	0	1	1	3.2117919922e+00	3.8865356445e+00	4.4814974976e+02	5.3964642334e+02	6.1497497559e+00	-2.3535766602e+00	6.1497497559e+00	8.5033264160e+00	4.2516632080e+00	2.5006365031e-02	2.0758613944e-02	2.5006365031e-02	3.0099203153e+01	3.7552751159e+01	3.7552751159e+01	8.1620483473e-01	8.4081895649e-01	8.1620483473e-01	4.2477510870e-03	1.0444926307e+00	1.4384761496e+00	1	1.2527889989e+00	1	0
9	442_542	4.4200000000e+02	5.4200000000e+02	12	0	1	1	4.4709167480e+00	5.1456604004e+00	4.4814974976e+02	5.4006610107e+02	6.1497497559e+00	-1.9338989258e+00	6.1497497559e+00	8.0836486816e+00	4.0418243408e+00	3.0478084087e-01	3.4774261713e-01	3.4774261713e-01	1.5245296266e+01	1.8226444831e+01	1.8226444831e+01	6.1360239983e-01	4.7776323557e-01	4.7776323557e-01	4.2961776257e-02	5.2903724799e-01	6.9817271364e-01	1	1.7387130857e+00	1	0
9	442_542	4.4200000000e+02	5.4200000000e+02	13	0	1	1	2.7920837402e+00	3.0471496582e+00	4.3262051392e+02	5.4258435059e+02	-9.3794860840e+00	5.8435058594e-01	9.3794860840e+00	9.9638366699e+00	4.9819183350e+00	2.6078739762e-01	1.7291979492e-01	2.6078739762e-01	1.6304350006e+01	2.3174605557e+01	2.3174605557e+01	5.7726535201e-01	7.1272929013e-01	5.7726535201e-01	8.7867602706e-02	5.6578818194e-01	8.8771438423e-01	1	1.3039369881e+00	0	0
9	442_542	4.4200000000e+02	5.4200000000e+02	14	0	1	1	6.0218200684e+00	6.6965637207e+00	4.4731033325e+02	5.3838726807e+02	5.3103332520e+00	-3.6127319336e+00	5.3103332520e+00	8.9230651855e+00	4.4615325928e+00	7.5555860996e-02	3.3764671534e-02	7.5555860996e-02	2.9643757113e+01	3.3333441218e+01	3.3333441218e+01	7.7809667587e-01	8.3460580185e-01	7.7809667587e-01	4.1791189462e-02	1.0286878923e+00	1.2768534581e+00	1	7.9100988020e-01	1	0
9	442_542	4.4200000000e+02	5.4200000000e+02	15	0	1	1	6.8612365723e+00	7.5359802246e+00	4.4814974976e+02	5.4132525635e+02	6.1497497559e+00	-6.7474365234e-01	6.1497497559e+00	6.8244934082e+00	3.4122467041e+00	1.7715601251e-02	1.3584188186e-02	1.7715601251e-02	3.2699610480e+01	4.1979404920e+01	4.1979404920e+01	8.0887118168e-01	8.3461088780e-01	8.0887118168e-01	4.1314130649e-03	1.1347311090e+00	1.6080412457e+00	0	1.7372607021e+00	1	0
9	442_542	4.4200000000e+02	5.4200000000e+02	16	0	1	1	3.6315002441e+00	4.3062438965e+00	4.4814974976e+02	5.3964642334e+02	6.1497497559e+00	-2.3535766602e+00	6.1497497559e+00	8.5033264160e+00	4.2516632080e+00	2.5104021654e-02	2.2631177679e-02	2.5104021654e-02	3.0169874992e+01	3.8240273559e+01	3.8240273559e+01	8.1373783387e-01	8.3734320663e-01	8.1373783387e-01	2.4728439748e-03	1.0469450616e+00	1.4648120250e+00	1	1.3280343572e+00	1	0
9	442_542	4.4200000000e+02	5.4200000000e+02	17	0	1	1	2.7920837402e+00	3.0471496582e+00	4.4731033325e+02	5.4174493408e+02	5.3103332520e+00	-2.5506591797e-01	5.3103332520e+00	5.5653991699e+00	2.7826995850e+00	2.5267022848e-01	2.4332062900e-01	2.5267022848e-01	1.5034606571e+01	2.2985417833e+01	2.2985417833e+01	5.7609176636e-01	6.6662748158e-01	5.7609176636e-01	9.3495994806e-03	5.2172596362e-01	8.8046745771e-01	1	1.3664972468e+00	1	0
9	442_542	4.4200000000e+02	5.4200000000e+02	18	0	1	1	6.4415283203e+00	7.9556884766e+00	4.3387963867e+02	5.3670843506e+02	-8.1203613281e+00	-5.2915649414e+00	8.1203613281e+00	1.3411926270e+01	6.7059631348e+00	2.2434796393e-01	1.8165317178e-01	2.2434796393e-01	2.4525053763e+01	2.7587793830e+01	2.7587793830e+01	6.2223039567e-01	6.9204565883e-01	6.2223039567e-01	4.2694792151e-02	8.5106033513e-01	1.0567636783e+00	1	1.1217398196e+00	0	0
9	442_542	4.4200000000e+02	5.4200000000e+02	19	0	1	1	3.6315002441e+00	3.8865661621e+00	4.4814974976e+02	5.4174493408e+02	6.1497497559e+00	-2.5506591797e-01	6.1497497559e+00	6.4048156738e+00	3.2024078369e+00	2.6227891445e-01	3.0371230841e-01	3.0371230841e-01	1.5807975929e+01	1.8608438646e+01	1.8608438646e+01	6.5621143579e-01	5.2480453253e-01	5.2480453253e-01	4.1433393955e-02	5.4856317226e-01	7.1280517003e-01	1	1.5185615420e+00	1	0
10	432_552	4.3200000000e+02	5.5200000000e+02	0	0	1	1	3.1756591797e+00	3.7961730957e+00	4.3262051392e+02	5.5517565918e+02	6.2051391602e-01	3.1756591797e+00	3.1756591797e+00	3.7961730957e+00	1.8980865479e+00	4.0340960026e-02	2.7634961531e-02	4.0340960026e-02	2.4509458873e+01	3.5675425061e+01	3.5675425061e+01	7.9159432650e-01	8.0543275364e-01	7.9159432650e-01	1.2705998495e-02	9.0281359727e-01	1.2728819981e+00	1	7.7966285168e-01	1	0
10	432_552	4.3200000000e+02	5.5200000000e+02	1	0	1	1	2.3362426758e+00	2.9567565918e+00	4.3262051392e+02	5.5475592041e+02	6.2051391602e-01	2.7559204102e+00	2.7559204102e+00	3.3764343262e+00	1.6882171631e+00	4.2397070676e-02	2.8866523877e-02	4.2397070676e-02	2.4249277461e+01	3.5338276142e+01	3.5338276142e+01	7.8861833736e-01	8.0418074690e-01	7.8861833736e-01	1.3530546799e-02	8.9322973343e-01	1.2608526869e+00	1	7.4529339115e-01	1	0
10	432_552	4.3200000000e+02	5.5200000000e+02	2	0	1	1	3.5953979492e+00	4.2159118652e+00	4.3304022217e+02	5.5559539795e+02	1.0402221680e+00	3.5953979492e+00	3.5953979492e+00	4.6356201172e+00	2.3178100586e+00	4.1708621383e-01	4.1348478198e-01	4.1708621383e-01	1.0383460209e+01	2.5643470984e+01	2.5643470984e+01	3.8402250409e-01	4.9011954665e-01	3.8402250409e-01	3.6014318466e-03	3.8247801032e-01	9.1494670429e-01	0	2.0854310691e+00	1	0
10	432_552	4.3200000000e+02	5.5200000000e+02	3	0	1	1	3.1756591797e+00	3.7961730957e+00	4.3304022217e+02	5.5559539795e+02	1.0402221680e+00	3.5953979492e+00	3.5953979492e+00	4.6356201172e+00	2.3178100586e+00	4.2154097557e-01	4.4548371434e-01	4.4548371434e-01	1.2725891593e+01	2.1424195147e+01	2.1424195147e+01	4.8338180780e-01	3.7549790740e-01	3.7549790740e-01	2.3942738771e-02	4.6876220430e-01	7.6440497286e-01	0	2.2274185717e+00	1	0
10	432_552	4.3200000000e+02	5.5200000000e+02	4	0	1	1	3.1756591797e+00	3.7961730957e+00	4.3304022217e+02	5.5475592041e+02	1.0402221680e+00	2.7559204102e+00	2.7559204102e+00	3.7961425781e+00	1.8980712891e+00	4.3103992939e-01	4.6784883738e-01	4.6784883738e-01	1.2637395993e+01	2.2397961805e+01	2.2397961805e+01	4.7407686710e-01	3.5273283720e-01	3.5273283720e-01	3.6808907986e-02	4.6550244116e-01	7.9914849862e-01	0	2.3392441869e+00	1	0
10	432_552	4.3200000000e+02	5.5200000000e+02	5	0	1	1	2.3362426758e+00	2.9567565918e+00	4.3262051392e+02	5.5559539795e+02	6.2051391602e-01	3.5953979492e+00	3.5953979492e+00	4.2159118652e+00	2.1079559326e+00	2.9610928148e-02	2.1558586508e-02	2.9610928148e-02	2.6123610848e+01	3.9335001086e+01	3.9335001086e+01	7.8587144986e-01	8.1925999746e-01	7.8587144986e-01	8.0523416400e-03	9.6227139105e-01	1.4034539095e+00	1	1.1527254558e+00	1	0
10	432_552	4.3200000000e+02	5.5200000000e+02	6	0	1	1	2.3362426758e+00	2.9567565918e+00	4.3262051392e+02	5.5475592041e+02	6.2051391602e-01	2.7559204102e+00	2.7559204102e+00	3.3764343262e+00	1.6882171631e+00	1.1277975887e-01	8.1471852958e-02	1.1277975887e-01	1.7501093594e+01	2.9347510695e+01	2.9347510695e+01	6.9826898724e-01	7.9049289972e-01	6.9826898724e-01	3.1307905912e-02	6.4465826626e-01	1.0471050587e+00	1	1.0152620964e+00	1	0
10	432_552	4.3200000000e+02	5.5200000000e+02	7	0	1	1	3.5953979492e+00	4.2159118652e+00	4.3304022217e+02	5.5559539795e+02	1.0402221680e+00	3.5953979492e+00	3.5953979492e+00	4.6356201172e+00	2.3178100586e+00	3.2979762554e-01	3.2636594772e-01	3.2979762554e-01	1.1385917628e+01	2.4930550224e+01	2.4930550224e+01	4.8131775856e-01	5.7674765587e-01	4.8131775856e-01	3.4316778183e-03	4.1940384344e-01	8.8951003465e-01	0	1.6588461616e+00	1	0
10	432_552	4.3200000000e+02	5.5200000000e+02	8	0	1	1	3.1756591797e+00	3.3764648438e+00	4.3262051392e+02	5.5475592041e+02	6.2051391602e-01	2.7559204102e+00	2.7559204102e+00	3.3764343262e+00	1.6882171631e+00	1.2894837558e-01	1.0027322918e-01	1.2894837558e-01	1.6876812136e+01	2.8597385460e+01	2.8597385460e+01	6.8485833704e-01	7.7642407268e-01	6.8485833704e-01	2.8675146401e-02	6.2166266311e-01	1.0203409513e+00	1	1.0809638197e+00	1	0
10	432_552	4.3200000000e+02	5.5200000000e+02	9	0	1	1	3.5953979492e+00	4.2159118652e+00	4.3304022217e+02	5.5643481445e+02	1.0402221680e+00	4.4348144531e+00	4.4348144531e+00	5.4750366211e+00	2.7375183105e+00	4.4565165043e-01	4.3840005994e-01	4.4565165043e-01	1.0119869486e+01	2.6259977850e+01	2.6259977850e+01	3.5309237242e-01	4.6482649446e-01	3.5309237242e-01	7.2515904903e-03	3.7276856344e-01	9.3694337257e-01	0	2.2282582521e+00	0	0
10	432_552	4.3200000000e+02	5.5200000000e+02	10	0	1	1	3.1756591797e+00	3.7961730957e+00	4.3220080566e+02	5.5391650391e+02	2.0080566406e-01	1.9165039062e+00	1.9165039062e+00	2.1173095703e+00	1.0586547852e+00	1.8493431807e-01	1.8230193853e-01	1.8493431807e-01	1.4984899617e+01	2.6556037777e+01	2.6556037777e+01	6.4423245192e-01	6.9878071547e-01	6.4423245192e-01	2.6323795319e-03	5.5197347270e-01	9.4750664830e-01	1	1.2800757923e+00	1	0
10	432_552	4.3200000000e+02	5.5200000000e+02	11	0	1	1	2.3362426758e+00	2.9567565918e+00	4.3262051392e+02	5.5559539795e+02	6.2051391602e-01	3.5953979492e+00	3.5953979492e+00	4.2159118652e+00	2.1079559326e+00	2.9251808301e-02	2.1582467481e-02	2.9251808301e-02	2.6153417286e+01	3.9392286468e+01	3.9392286468e+01	7.8641248308e-01	8.1950004585e-01	7.8641248308e-01	7.6693408191e-03	9.6336932052e-01	1.4054978244e+00	1	1.1585652127e+00	1	0
10	432_552	4.3200000000e+02	5.5200000000e+02	12	0	1	1	3.5953979492e+00	3.7962036133e+00	4.3304022217e+02	5.5601507568e+02	1.0402221680e+00	4.0150756836e+00	4.0150756836e+00	5.0552978516e+00	2.5276489258e+00	2.8512710333e-01	2.8285247087e-01	2.8512710333e-01	1.1915843305e+01	2.5222798192e+01	2.5222798192e+01	5.2588075399e-01	6.1994421482e-01	5.2588075399e-01	2.2746324539e-03	4.3892382178e-01	8.9993730151e-01	0	1.6030747949e+00	1	0
10	432_552	4.3200000000e+02	5.5200000000e+02	13	0	1	1	3.1756591797e+00	3.3764648438e+00	4.3220080566e+02	5.5475592041e+02	2.0080566406e-01	2.7559204102e+00	2.7559204102e+00	2.9567260742e+00	1.4783630371e+00	1.6853162646e-01	1.4596925676e-01	1.6853162646e-01	1.4783819663e+01	2.5873881718e+01	2.5873881718e+01	6.4435848594e-01	7.3577632010e-01	6.4435848594e-01	2.2562369704e-02	5.4456662957e-01	9.2316764841e-01	1	1.3012382012e+00	1	0
10	432_552	4.3200000000e+02	5.5200000000e+02	14	0	1	1	3.1756591797e+00	3.7961730957e+00	4.3262051392e+02	5.5517565918e+02	6.2051391602e-01	3.1756591797e+00	3.1756591797e+00	3.7961730957e+00	1.8980865479e+00	4.7404538840e-02	3.0952207744e-02	4.7404538840e-02	2.3510740850e+01	3.4223270633e+01	3.4223270633e+01	7.8232197836e-01	8.0875659734e-01	7.8232197836e-01	1.6452331096e-02	8.6602550595e-01	1.2210698269e+00	1	6.3912303863e-01	1	0
10	432_552	4.3200000000e+02	5.5200000000e+02	15	0	1	1	1.0770874023e+00	1.6976013184e+00	4.3262051392e+02	5.5685449219e+02	6.2051391602e-01	4.8544921875e+00	4.8544921875e+00	5.4750061035e+00	2.7375030518e+00	2.0828915760e-02	1.5485738404e-02	2.0828915760e-02	2.8425466833e+01	4.3170751814e+01	4.3170751814e+01	7.7495978959e-01	8.2606389653e-01	7.7495978959e-01	5.3431773558e-03	1.0470609775e+00	1.5403116496e+00	0	1.5437475704e+00	0	0
10	432_552	4.3200000000e+02	5.5200000000e+02	16	0	1	1	2.3362426758e+00	2.9567565918e+00	4.3262051392e+02	5.5559539795e+02	6.2051391602e-01	3.5953979492e+00	3.5953979492e+00	4.2159118652e+00	2.1079559326e+00	3.0039694160e-02	2.1690573543e-02	3.0039694160e-02	2.6041258954e+01	3.9149345755e+01	3.9149345755e+01	7.8651002422e-01	8.1889912859e-01	7.8651002422e-01	8.3491206169e-03	9.5923793322e-01	1.3968298167e+00	1	1.1337994762e+00	1	0
10	432_552	4.3200000000e+02	5.5200000000e+02	17	0	1	1	3.1756591797e+00	3.7961730957e+00	4.3220080566e+02	5.5391650391e+02	2.0080566406e-01	1.9165039062e+00	1.9165039062e+00	2.1173095703e+00	1.0586547852e+00	1.8026807904e-01	1.7653600872e-01	1.8026807904e-01	1.5124318993e+01	2.6555067424e+01	2.6555067424e+01	6.4902785420e-01	7.0414455235e-01	6.4902785420e-01	3.7320703268e-03	5.5710902908e-01	9.4747202659e-01	1	1.2654027741e+00	1	1
10	432_552	4.3200000000e+02	5.5200000000e+02	18	0	1	1	2.3362426758e+00	2.9567565918e+00	4.3262051392e+02	5.5391650391e+02	6.2051391602e-01	1.9165039062e+00	1.9165039062e+00	2.5370178223e+00	1.2685089111e+00	1.0324361175e-01	7.8553937376e-02	1.0324361175e-01	1.8211411845e+01	2.9477189999e+01	2.9477189999e+01	7.0923361927e-01	7.9007676989e-01	7.0923361927e-01	2.4689674377e-02	6.7082306160e-01	1.0517319538e+00	1	9.4050553829e-01	1	0
10	432_552	4.3200000000e+02	5.5200000000e+02	19	0	1	1	3.5953979492e+00	3.7962036133e+00	4.3262051392e+02	5.5559539795e+02	6.2051391602e-01	3.5953979492e+00	3.5953979492e+00	4.2159118652e+00	2.1079559326e+00	2.5984343886e-01	2.5095456839e-01	2.5984343886e-01	1.2475987663e+01	2.4754461158e+01	2.4754461158e+01	5.4932931066e-01	6.4641517401e-01	5.4932931066e-01	8.8888704777e-03	4.5955691475e-01	8.8322726153e-01	0	1.5441231007e+00	1	0
11	494_534	4.9400000000e+02	5.3400000000e+02	0	0	1	1	4.3872680664e+00	4.4891967773e+00	4.9431777954e+02	5.3838726807e+02	3.1777954102e-01	4.3872680664e+00	4.3872680664e+00	4.7050476074e+00	2.3525238037e+00	3.8996294141e-02	2.7718087658e-02	3.8996294141e-02	2.2178496729e+01	4.0509493847e+01	4.0509493847e+01	4.6538828313e-01	8.7579725124e-01	4.6538828313e-01	1.1278206483e-02	3.1075795237e-01	2.4137261772e+00	0	4.0392176490e+00	1	0
11	494_534	4.9400000000e+02	5.3400000000e+02	1	0	1	1	1.8690185547e+00	1.9709472656e+00	4.9473748779e+02	5.3628875732e+02	7.3748779297e-01	2.2887573242e+00	2.2887573242e+00	3.0262451172e+00	1.5131225586e+00	4.7071181238e-02	5.7281792164e-02	5.7281792164e-02	7.9658226418e+01	2.3545853739e+01	7.9658226418e+01	8.5540489107e-01	3.4121227264e-01	3.4121227264e-01	1.0210610926e-02	1.1161454103e+00	1.4029610873e+00	1	1.4653634704e+00	1	1
11	494_534	4.9400000000e+02	5.3400000000e+02	2	0	1	1	3.9675903320e+00	4.0695190430e+00	4.9473748779e+02	5.3922668457e+02	7.3748779297e-01	5.2266845703e+00	5.2266845703e+00	5.9641723633e+00	2.9820861816e+00	3.4846433997e-01	3.4514808655e-01	3.4846433997e-01	1.5006957912e+01	1.9589574225e+01	1.9589574225e+01	4.6835985780e-01	5.6913262606e-01	4.6835985780e-01	3.3162534237e-03	2.1027266045e-01	1.1672292990e+00	0	2.2563638273e+00	0	0
11	494_534	4.9400000000e+02	5.3400000000e+02	3	0	1	1	3.9675903320e+00	4.0695190430e+00	4.9473748779e+02	5.3796759033e+02	7.3748779297e-01	3.9675903320e+00	3.9675903320e+00	4.7050781250e+00	2.3525390625e+00	4.5950582623e-01	4.9536290765e-01	4.9536290765e-01	1.6266603891e+01	1.4980477086e+01	1.6266603891e+01	4.6105960011e-01	3.5040375590e-01	3.5040375590e-01	3.5857081413e-02	2.2792241418e-01	8.9259988843e-01	0	2.4768145382e+00	1	0
11	494_534	4.9400000000e+02	5.3400000000e+02	4	0	1	1	3.9675903320e+00	4.0695190430e+00	4.9389807129e+02	5.3796759033e+02	-1.0192871094e-01	3.9675903320e+00	3.9675903320e+00	4.0695190430e+00	2.0347595215e+00	4.8499986529e-01	5.4097384214e-01	5.4097384214e-01	1.6060804698e+01	1.4906933215e+01	1.6060804698e+01	4.3703666329e-01	3.0965656042e-01	3.0965656042e-01	5.5973976851e-02	2.2503882217e-01	8.8821783501e-01	0	2.7048692107e+00	1	0
11	494_534	4.9400000000e+02	5.3400000000e+02	5	0	1	1	2.7084350586e+00	2.8103637695e+00	4.9431777954e+02	5.3838726807e+02	3.1777954102e-01	4.3872680664e+00	4.3872680664e+00	4.7050476074e+00	2.3525238037e+00	3.2400988042e-02	2.4795774370e-02	3.2400988042e-02	2.2446293815e+01	8.6438227957e+01	8.6438227957e+01	4.2629287392e-01	8.7844192609e-01	4.2629287392e-01	7.6052136719e-03	3.1451023889e-01	5.1503535026e+00	0	1.1858152865e+01	1	0
11	494_534	4.9400000000e+02	5.3400000000e+02	6	0	1	1	2.7084350586e+00	3.0262145996e+00	4.9347836304e+02	5.3670843506e+02	-5.2163696289e-01	2.7084350586e+00	2.7084350586e+00	3.2300720215e+00	1.6150360107e+00	1.1542849243e-01	9.8598264158e-02	1.1542849243e-01	1.9259351799e+01	2.6867149300e+01	2.6867149300e+01	5.5695439875e-01	8.0445412546e-01	5.5695439875e-01	1.6830228269e-02	2.6985583389e-01	1.6008578586e+00	0	2.0861261889e+00	1	0
11	494_534	4.9400000000e+02	5.3400000000e+02	7	0	1	1	3.9675903320e+00	4.0695190430e+00	4.9389807129e+02	5.3922668457e+02	-1.0192871094e-01	5.2266845703e+00	5.2266845703e+00	5.3286132812e+00	2.6643066406e+00	3.3277779818e-01	3.8780733943e-01	3.8780733943e-01	1.8000468984e+01	1.8451849674e+01	1.8451849674e+01	5.8179038763e-01	4.1927769780e-01	4.1927769780e-01	5.5029541254e-02	2.5221677337e-01	1.0994388807e+00	0	2.1365235047e+00	0	0
11	494_534	4.9400000000e+02	5.3400000000e+02	8	0	1	1	2.7084350586e+00	2.8103637695e+00	4.9515719604e+02	5.2999310303e+02	1.1571960449e+00	-4.0068969727e+00	4.0068969727e+00	5.1640930176e+00	2.5820465088e+00	1.4926369488e-01	1.9291453063e-01	1.9291453063e-01	2.5255908951e+01	2.1262740823e+01	2.5255908951e+01	7.5468210876e-01	4.1950465739e-01	4.1950465739e-01	4.3650835752e-02	3.5387766117e-01	1.2669236085e+00	0	1.8460638252e+00	1	0
11	494_534	4.9400000000e+02	5.3400000000e+02	9	0	1	1	3.9675903320e+00	4.0695190430e+00	4.9515719604e+02	5.3796759033e+02	1.1571960449e+00	3.9675903320e+00	3.9675903320e+00	5.1247863770e+00	2.5623931885e+00	4.7487026453e-01	4.4271302223e-01	4.7487026453e-01	1.4009195087e+01	1.8327577285e+01	1.8327577285e+01	3.4344923496e-01	4.7773277760e-01	3.4344923496e-01	3.2157242298e-02	1.9629232913e-01	1.0920342087e+00	0	2.3743513227e+00	1	0
11	494_534	4.9400000000e+02	5.3400000000e+02	10	0	1	1	4.8070068359e+00	4.9089355469e+00	4.9347836304e+02	5.3922668457e+02	-5.2163696289e-01	5.2266845703e+00	5.2266845703e+00	5.7483215332e+00	2.8741607666e+00	3.3489221334e-01	3.1988185644e-01	3.3489221334e-01	1.7743052243e+01	2.4300144809e+01	2.4300144809e+01	4.8214322329e-01	5.9161603451e-01	4.8214322329e-01	1.5010356903e-02	2.4860993291e-01	1.4479049246e+00	0	2.1468287631e+00	0	0
11	494_534	4.9400000000e+02	5.3400000000e+02	11	0	1	1	2.7084350586e+00	2.8103637695e+00	4.9431777954e+02	5.3754785156e+02	3.1777954102e-01	3.5478515625e+00	3.5478515625e+00	3.8656311035e+00	1.9328155518e+00	3.3644251525e-02	2.5851029903e-02	3.3644251525e-02	2.2314785417e+01	8.5897890447e+01	8.5897890447e+01	4.3070260435e-01	8.7739435956e-01	4.3070260435e-01	7.7932216227e-03	3.1266758557e-01	5.1181579191e+00	0	1.1766165483e+01	1	0
11	494_534	4.9400000000e+02	5.3400000000e+02	12	0	1	1	3.9675903320e+00	4.0695190430e+00	4.9599664307e+02	5.3838726807e+02	1.9966430664e+00	4.3872680664e+00	4.3872680664e+00	6.3839111328e+00	3.1919555664e+00	3.0541443825e-01	4.3015652895e-01	4.3015652895e-01	1.9575467919e+01	2.3053285706e+01	2.3053285706e+01	6.1352878809e-01	3.0867338181e-01	3.0867338181e-01	1.2474209070e-01	2.7428515113e-01	1.3736118103e+00	0	2.1507826447e+00	1	0
11	494_534	4.9400000000e+02	5.3400000000e+02	13	0	1	1	2.7084350586e+00	2.8103637695e+00	4.9515719604e+02	5.2831427002e+02	1.1571960449e+00	-5.6857299805e+00	5.6857299805e+00	6.8429260254e+00	3.4214630127e+00	1.7224125564e-01	2.1945165098e-01	2.1945165098e-01	2.2955345209e+01	2.0478363716e+01	2.2955345209e+01	7.3830397427e-01	4.2093767226e-01	4.2093767226e-01	4.7210395336e-02	3.2164290305e-01	1.2201871184e+00	0	1.9381631341e+00	0	0
11	494_534	4.9400000000e+02	5.3400000000e+02	14	0	1	1	2.7084350586e+00	2.8103637695e+00	4.9431777954e+02	5.3754785156e+02	3.1777954102e-01	3.5478515625e+00	3.5478515625e+00	3.8656311035e+00	1.9328155518e+00	4.7122024000e-02	3.3722892404e-02	4.7122024000e-02	2.1682104376e+01	3.7715806773e+01	3.7715806773e+01	4.8481420428e-01	8.6969439685e-01	4.8481420428e-01	1.3399131596e-02	3.0380266261e-01	2.2472665406e+00	0	3.5636186875e+00	1	0
11	494_534	4.9400000000e+02	5.3400000000e+02	15	0	1	1	1.8690185547e+00	2.1867980957e+00	4.9431777954e+02	5.3754785156e+02	3.1777954102e-01	3.5478515625e+00	3.5478515625e+00	3.8656311035e+00	1.9328155518e+00	2.5945687667e-02	2.2416379303e-02	2.5945687667e-02	2.2296376949e+01	8.8823724148e+01	8.8823724148e+01	3.7156925164e-01	8.8052556291e-01	3.7156925164e-01	3.5293083638e-03	3.1240965204e-01	5.2924914080e+00	0	1.2264261166e+01	1	0
11	494_534	4.9400000000e+02	5.3400000000e+02	16	0	1	1	2.7084350586e+00	2.8103637695e+00	4.9431777954e+02	5.3754785156e+02	3.1777954102e-01	3.5478515625e+00	3.5478515625e+00	3.8656311035e+00	1.9328155518e+00	3.3028714359e-02	2.5369228795e-02	3.3028714359e-02	2.2382455454e+01	8.6170514177e+01	8.6170514177e+01	4.2878780514e-01	8.7789851241e-01	4.2878780514e-01	7.6594855636e-03	3.1361575634e-01	5.1344019886e+00	0	1.1812577110e+01	1	0
11	494_534	4.9400000000e+02	5.3400000000e+02	17	0	1	1	3.9675903320e+00	4.0695190430e+00	4.9347836304e+02	5.3922668457e+02	-5.2163696289e-01	5.2266845703e+00	5.2266845703e+00	5.7483215332e+00	2.8741607666e+00	2.8961732984e-01	2.9871442914e-01	2.9871442914e-01	1.9482434486e+01	2.0603914257e+01	2.0603914257e+01	6.2278321385e-01	5.1144126058e-01	5.1144126058e-01	9.0970993042e-03	2.7298159664e-01	1.2276679482e+00	0	2.0771954382e+00	0	0
11	494_534	4.9400000000e+02	5.3400000000e+02	18	0	1	1	3.1281738281e+00	3.2301025391e+00	4.9347836304e+02	5.3922668457e+02	-5.2163696289e-01	5.2266845703e+00	5.2266845703e+00	5.7483215332e+00	2.8741607666e+00	1.2940934300e-01	1.0658425093e-01	1.2940934300e-01	1.9168801161e+01	2.6442743085e+01	2.6442743085e+01	5.9416398406e-01	7.9783314466e-01	5.9416398406e-01	2.2825092077e-02	2.6858706751e-01	1.5755699496e+00	0	2.0897512357e+00	0	0
11	494_534	4.9400000000e+02	5.3400000000e+02	19	0	1	1	3.9675903320e+00	4.0695190430e+00	4.9557690430e+02	5.3922668457e+02	1.5769042969e+00	5.2266845703e+00	5.2266845703e+00	6.8035888672e+00	3.4017944336e+00	2.8688332438e-01	4.1512119770e-01	4.1512119770e-01	1.9275149266e+01	2.3601041894e+01	2.3601041894e+01	6.3092556596e-01	3.3035439253e-01	3.3035439253e-01	1.2823787332e-01	2.7007718290e-01	1.4062494299e+00	0	2.0854937631e+00	0	0
12	484_544	4.8400000000e+02	5.4400000000e+02	0	0	1	1	5.2114562988e+00	7.8861999512e+00	4.7836883545e+02	5.3754785156e+02	-5.6311645508e+00	-6.4521484375e+00	6.4521484375e+00	1.2083312988e+01	6.0416564941e+00	5.6871108711e-02	3.1927686185e-02	5.6871108711e-02	2.7258299978e+01	4.0812858723e+01	4.0812858723e+01	5.2542323619e-01	8.8055552915e-01	5.2542323619e-01	2.4943422526e-02	1.2593864466e+00	1.2948309021e+00	1	9.5161379543e-01	1	0
12	484_544	4.8400000000e+02	5.4400000000e+02	1	0	1	1	5.6311645508e+00	8.3059082031e+00	4.7752941895e+02	5.3964642334e+02	-6.4705810547e+00	-4.3535766602e+00	6.4705810547e+00	1.0824157715e+01	5.4120788574e+00	4.2724635452e-02	2.4571023881e-02	4.2724635452e-02	2.6074535162e+01	3.6780639588e+01	3.6780639588e+01	6.5677711740e-01	8.8483051211e-01	6.5677711740e-01	1.8153611571e-02	1.2046942110e+00	1.1669045058e+00	1	7.6129327096e-01	1	0
12	484_544	4.8400000000e+02	5.4400000000e+02	2	0	1	1	3.9523315430e+00	6.6270751953e+00	4.7878854370e+02	5.4090551758e+02	-5.2114562988e+00	-3.0944824219e+00	5.2114562988e+00	8.3059387207e+00	4.1529693604e+00	4.3257167935e-01	4.4764903188e-01	4.4764903188e-01	1.6124973804e+01	1.7225315014e+01	1.7225315014e+01	4.8221257329e-01	4.1924861073e-01	4.1924861073e-01	1.5077352524e-02	7.4500513520e-01	5.4649124995e-01	0	2.2382451594e+00	1	0
12	484_544	4.8400000000e+02	5.4400000000e+02	3	0	1	1	4.3720397949e+00	7.0467834473e+00	4.7878854370e+02	5.4090551758e+02	-5.2114562988e+00	-3.0944824219e+00	5.2114562988e+00	8.3059387207e+00	4.1529693604e+00	4.7591915727e-01	4.8356476426e-01	4.8356476426e-01	1.5967283460e+01	1.6867689778e+01	1.6867689778e+01	4.4087681174e-01	3.8335028291e-01	3.8335028291e-01	7.6456069946e-03	7.3771953477e-01	5.3514521290e-01	0	2.4178238213e+00	1	0
12	484_544	4.8400000000e+02	5.4400000000e+02	4	0	1	1	4.3720397949e+00	7.0467834473e+00	4.7878854370e+02	5.4090551758e+02	-5.2114562988e+00	-3.0944824219e+00	5.2114562988e+00	8.3059387207e+00	4.1529693604e+00	4.8907262087e-01	5.0190174580e-01	5.0190174580e-01	1.5743076359e+01	1.7231680191e+01	1.7231680191e+01	4.2833977938e-01	3.7074732780e-01	3.7074732780e-01	1.2829124928e-02	7.2736073088e-01	5.4669319190e-01	0	2.5095087290e+00	1	0
12	484_544	4.8400000000e+02	5.4400000000e+02	5	0	1	1	5.2114562988e+00	7.8861999512e+00	4.7836883545e+02	5.3754785156e+02	-5.6311645508e+00	-6.4521484375e+00	6.4521484375e+00	1.2083312988e+01	6.0416564941e+00	5.6755468249e-02	2.7318200096e-02	5.6755468249e-02	2.9376178402e+01	4.2731615797e+01	4.2731615797e+01	4.9571849406e-01	8.8410661556e-01	4.9571849406e-01	2.9437268153e-02	1.3572365467e+00	1.3557054899e+00	1	1.0206758478e+00	1	0
12	484_544	4.8400000000e+02	5.4400000000e+02	6	0	1	1	4.3720397949e+00	7.0467834473e+00	4.7836883545e+02	5.4090551758e+02	-5.6311645508e+00	-3.0944824219e+00	5.6311645508e+00	8.7256469727e+00	4.3628234863e+00	1.6407358646e-01	1.2264048308e-01	1.6407358646e-01	2.1389808550e+01	2.5513863969e+01	2.5513863969e+01	6.5496164560e-01	7.9548049718e-01	6.5496164560e-01	4.1433103383e-02	9.8825073483e-01	8.0945418998e-01	1	8.2036793232e-01	1	0
12	484_544	4.8400000000e+02	5.4400000000e+02	7	0	1	1	4.3720397949e+00	6.6271057129e+00	4.7878854370e+02	5.4090551758e+02	-5.2114562988e+00	-3.0944824219e+00	5.2114562988e+00	8.3059387207e+00	4.1529693604e+00	3.4442821145e-01	3.5347220302e-01	3.5347220302e-01	1.7434672363e+01	1.8131771524e+01	1.8131771524e+01	5.6957939267e-01	5.1404729486e-01	5.1404729486e-01	9.0439915657e-03	8.0551575458e-01	5.7524953685e-01	0	1.7673610151e+00	1	0
12	484_544	4.8400000000e+02	5.4400000000e+02	8	0	1	1	4.3720397949e+00	7.0467834473e+00	4.7836883545e+02	5.3922668457e+02	-5.6311645508e+00	-4.7733154297e+00	5.6311645508e+00	1.0404479980e+01	5.2022399902e+00	1.7472156882e-01	1.4642134309e-01	1.7472156882e-01	2.0355011808e+01	2.4871263632e+01	2.4871263632e+01	6.4938041568e-01	7.7248409390e-01	6.4938041568e-01	2.8300225735e-02	9.4044111380e-01	7.8906701788e-01	1	8.7360784411e-01	1	0
12	484_544	4.8400000000e+02	5.4400000000e+02	9	0	1	1	4.3720397949e+00	7.0467834473e+00	4.7878854370e+02	5.4090551758e+02	-5.2114562988e+00	-3.0944824219e+00	5.2114562988e+00	8.3059387207e+00	4.1529693604e+00	4.9111577868e-01	4.9637073278e-01	4.9637073278e-01	1.5880919332e+01	1.6767677043e+01	1.6767677043e+01	4.2626270652e-01	3.7279182673e-01	3.7279182673e-01	5.2549540997e-03	7.3372934419e-01	5.3197220361e-01	0	2.4818536639e+00	1	0
12	484_544	4.8400000000e+02	5.4400000000e+02	10	0	1	1	4.3720397949e+00	5.7876892090e+00	4.7878854370e+02	5.4090551758e+02	-5.2114562988e+00	-3.0944824219e+00	5.2114562988e+00	8.3059387207e+00	4.1529693604e+00	3.1120562553e-01	2.7902388573e-01	3.1120562553e-01	1.7565108887e+01	2.1006644933e+01	2.1006644933e+01	5.4610669613e-01	6.3462483883e-01	5.4610669613e-01	3.2181739807e-02	8.1154217553e-01	6.6645792180e-01	1	1.5560281277e+00	1	0
12	484_544	4.8400000000e+02	5.4400000000e+02	11	0	1	1	5.2114562988e+00	7.8861999512e+00	4.7836883545e+02	5.3754785156e+02	-5.6311645508e+00	-6.4521484375e+00	6.4521484375e+00	1.2083312988e+01	6.0416564941e+00	5.3773771971e-02	2.6118891314e-02	5.3773771971e-02	2.9137872989e+01	4.1874893526e+01	4.1874893526e+01	5.1400588825e-01	8.8585899584e-01	5.1400588825e-01	2.7654880658e-02	1.3462263734e+00	1.3285250741e+00	1	9.8921820981e-01	1	0
12	484_544	4.8400000000e+02	5.4400000000e+02	12	0	1	1	4.3720397949e+00	6.6271057129e+00	4.7794912720e+02	5.4132525635e+02	-6.0508728027e+00	-2.6747436523e+00	6.0508728027e+00	8.7256164551e+00	4.3628082275e+00	3.2143202424e-01	3.1577777863e-01	3.2143202424e-01	1.6312731937e+01	2.0275385101e+01	2.0275385101e+01	5.4350891709e-01	5.9977513552e-01	5.4350891709e-01	5.6542456150e-03	7.5367992592e-01	6.4325793394e-01	1	1.6071601212e+00	1	0
12	484_544	4.8400000000e+02	5.4400000000e+02	13	0	1	1	4.3720397949e+00	6.2073669434e+00	4.7794912720e+02	5.4258435059e+02	-6.0508728027e+00	-1.4156494141e+00	6.0508728027e+00	7.4665222168e+00	3.7332611084e+00	2.1027149260e-01	1.8079832196e-01	2.1027149260e-01	1.9207499804e+01	2.3364357435e+01	2.3364357435e+01	6.3905708492e-01	7.3820528388e-01	6.3905708492e-01	2.9473170638e-02	8.8742382856e-01	7.4125883264e-01	1	1.0513574630e+00	1	0
12	484_544	4.8400000000e+02	5.4400000000e+02	14	0	1	1	5.2114562988e+00	7.8861999512e+00	4.7836883545e+02	5.3754785156e+02	-5.6311645508e+00	-6.4521484375e+00	6.4521484375e+00	1.2083312988e+01	6.0416564941e+00	7.2173826396e-02	3.6623928696e-02	7.2173826396e-02	2.7819131770e+01	3.6987087110e+01	3.6987087110e+01	5.4903454334e-01	8.7637385353e-01	5.4903454334e-01	3.5549897701e-02	1.2852979656e+00	1.1734542707e+00	1	9.1068951138e-01	1	0
12	484_544	4.8400000000e+02	5.4400000000e+02	15	0	1	1	5.2114562988e+00	7.8861999512e+00	4.7752941895e+02	5.3964642334e+02	-6.4705810547e+00	-4.3535766602e+00	6.4705810547e+00	1.0824157715e+01	5.4120788574e+00	2.4326624349e-02	1.5795024112e-02	2.4326624349e-02	2.8209341642e+01	4.4584634894e+01	4.4584634894e+01	5.8996772580e-01	8.8699814491e-01	5.8996772580e-01	8.5316002369e-03	1.3033264202e+00	1.4144944712e+00	1	1.1842699178e+00	1	0
12	484_544	4.8400000000e+02	5.4400000000e+02	16	0	1	1	5.2114562988e+00	7.8861999512e+00	4.7836883545e+02	5.3754785156e+02	-5.6311645508e+00	-6.4521484375e+00	6.4521484375e+00	1.2083312988e+01	6.0416564941e+00	5.7303372771e-02	2.6708463207e-02	5.7303372771e-02	2.9688761281e+01	4.2346169487e+01	4.2346169487e+01	4.9924945459e-01	8.8493957184e-01	4.9924945459e-01	3.0594909564e-02	1.3716784834e+00	1.3434768000e+00	1	1.0619385240e+00	1	0
12	484_544	4.8400000000e+02	5.4400000000e+02	17	0	1	1	4.3720397949e+00	5.3679504395e+00	4.7878854370e+02	5.4090551758e+02	-5.2114562988e+00	-3.0944824219e+00	5.2114562988e+00	8.3059387207e+00	4.1529693604e+00	3.1040465832e-01	2.6949754357e-01	3.1040465832e-01	1.7792875787e+01	2.1381049108e+01	2.1381049108e+01	5.4544162750e-01	6.4441356063e-01	5.4544162750e-01	4.0907114744e-02	8.2206544905e-01	6.7833628834e-01	1	1.5520232916e+00	1	1
12	484_544	4.8400000000e+02	5.4400000000e+02	18	0	1	1	4.3720397949e+00	7.0467834473e+00	4.7836883545e+02	5.3922668457e+02	-5.6311645508e+00	-4.7733154297e+00	5.6311645508e+00	1.0404479980e+01	5.2022399902e+00	2.1243211627e-01	1.2811291218e-01	2.1243211627e-01	2.2642172848e+01	2.5066800930e+01	2.5066800930e+01	5.8678308129e-01	7.8858548403e-01	5.8678308129e-01	8.4319204092e-02	1.0461123999e+00	7.9527064449e-01	1	1.0621605814e+00	1	0
12	484_544	4.8400000000e+02	5.4400000000e+02	19	0	1	1	4.3720397949e+00	5.7876892090e+00	4.7794912720e+02	5.4174493408e+02	-6.0508728027e+00	-2.2550659180e+00	6.0508728027e+00	8.3059387207e+00	4.1529693604e+00	3.0992233753e-01	3.0180990696e-01	3.0992233753e-01	1.6473504874e+01	2.0493280839e+01	2.0493280839e+01	5.5213582516e-01	6.1410808563e-01	5.5213582516e-01	8.1124305725e-03	7.6110794815e-01	6.5017090558e-01	1	1.5496116877e+00	1	0
13	474_554	4.7400000000e+02	5.5400000000e+02	0	0	1	1	2.2702941895e+00	3.8656921387e+00	4.7836883545e+02	5.5391650391e+02	4.3688354492e+00	-8.3496093750e-02	4.3688354492e+00	4.4523315430e+00	2.2261657715e+00	4.4937722385e-02	4.2725700885e-02	4.4937722385e-02	2.9199176580e+01	4.0553345291e+01	4.0553345291e+01	7.1891403943e-01	8.6709807441e-01	7.1891403943e-01	2.2120214999e-03	1.1946741550e+00	1.3430675513e+00	1	9.8019300364e-01	1	0
13	474_554	4.7400000000e+02	5.5400000000e+02	1	0	1	1	2.2702941895e+00	3.4459533691e+00	4.7710971069e+02	5.5475592041e+02	3.1097106934e+00	7.5592041016e-01	3.1097106934e+00	3.8656311035e+00	1.9328155518e+00	5.2816811949e-02	2.7383180335e-02	5.2816811949e-02	2.8720207777e+01	3.8768588812e+01	3.8768588812e+01	7.3854982480e-01	8.8398983888e-01	7.3854982480e-01	2.5433631614e-02	1.1750773130e+00	1.2839590240e+00	1	8.1131149726e-01	1	0
13	474_554	4.7400000000e+02	5.5400000000e+02	2	0	1	1	2.6900024414e+00	4.2854003906e+00	4.7752941895e+02	5.5601507568e+02	3.5294189453e+00	2.0150756836e+00	3.5294189453e+00	5.5444946289e+00	2.7722473145e+00	4.4713121653e-01	4.2923340201e-01	4.4713121653e-01	1.4430968856e+01	2.1390559771e+01	2.1390559771e+01	4.0261876583e-01	4.8621430993e-01	4.0261876583e-01	1.7897814512e-02	5.9043807200e-01	7.0842408993e-01	0	2.2356560826e+00	1	0
13	474_554	4.7400000000e+02	5.5400000000e+02	3	0	1	1	2.2702941895e+00	3.4459533691e+00	4.7794912720e+02	5.5475592041e+02	3.9491271973e+00	7.5592041016e-01	3.9491271973e+00	4.7050476074e+00	2.3525238037e+00	4.6588936448e-01	4.8376116157e-01	4.8376116157e-01	1.6644761310e+01	1.9262401794e+01	1.9262401794e+01	4.4801697135e-01	3.7560549378e-01	3.7560549378e-01	1.7871797085e-02	6.8101462038e-01	6.3794260680e-01	0	2.4188058078e+00	1	0
13	474_554	4.7400000000e+02	5.5400000000e+02	4	0	1	1	2.2702941895e+00	3.4459533691e+00	4.7794912720e+02	5.5559539795e+02	3.9491271973e+00	1.5953979492e+00	3.9491271973e+00	5.5445251465e+00	2.7722625732e+00	4.8581013083e-01	4.8790124059e-01	4.8790124059e-01	1.6663762460e+01	1.9039886482e+01	1.9039886482e+01	4.2838618159e-01	3.7168875337e-01	3.7168875337e-01	2.0911097527e-03	6.8179204582e-01	6.3057322473e-01	0	2.4395062029e+00	1	0
13	474_554	4.7400000000e+02	5.5400000000e+02	5	0	1	1	2.2702941895e+00	3.8656921387e+00	4.7752941895e+02	5.5391650391e+02	3.5294189453e+00	-8.3496093750e-02	3.5294189453e+00	3.6129150391e+00	1.8064575195e+00	3.5322006792e-02	4.1810754687e-02	4.1810754687e-02	3.5615874858e+01	3.7592629652e+01	3.7592629652e+01	8.7323493138e-01	7.0178281888e-01	7.0178281888e-01	6.4887478948e-03	1.4572111335e+00	1.2450129746e+00	1	1.3063175243e+00	1	0
13	474_554	4.7400000000e+02	5.5400000000e+02	6	0	1	1	1.4308776855e+00	2.6065368652e+00	4.7627029419e+02	5.5475592041e+02	2.2702941895e+00	7.5592041016e-01	2.2702941895e+00	3.0262145996e+00	1.5131072998e+00	2.0318467915e-01	8.2193419337e-02	2.0318467915e-01	2.8217023406e+01	2.9597667011e+01	2.9597667011e+01	6.4693336189e-01	8.4717328846e-01	6.4693336189e-01	1.2099125981e-01	1.1544896995e+00	9.8023149189e-01	0	1.2099125981e+00	1	0
13	474_554	4.7400000000e+02	5.5400000000e+02	7	0	1	1	2.2702941895e+00	3.8656921387e+00	4.7794912720e+02	5.5559539795e+02	3.9491271973e+00	1.5953979492e+00	3.9491271973e+00	5.5445251465e+00	2.7722625732e+00	3.4851759672e-01	3.1600826979e-01	3.4851759672e-01	1.6004479370e+01	2.2175100567e+01	2.2175100567e+01	5.0813913345e-01	5.9891533852e-01	5.0813913345e-01	3.2509326935e-02	6.5481770745e-01	7.3440693497e-01	1	1.7425879836e+00	1	0
13	474_554	4.7400000000e+02	5.5400000000e+02	8	0	1	1	2.2702941895e+00	3.4459533691e+00	4.7627029419e+02	5.5475592041e+02	2.2702941895e+00	7.5592041016e-01	2.2702941895e+00	3.0262145996e+00	1.5131072998e+00	1.3985988498e-01	1.0106213391e-01	1.3985988498e-01	2.1314023107e+01	2.8419093302e+01	2.8419093302e+01	7.0811715722e-01	8.1706206501e-01	7.0811715722e-01	3.8797751069e-02	8.7205584294e-01	9.4119885243e-01	1	7.0609784681e-01	1	1
13	474_554	4.7400000000e+02	5.5400000000e+02	9	0	1	1	2.2702941895e+00	3.8656921387e+00	4.7752941895e+02	5.5685449219e+02	3.5294189453e+00	2.8544921875e+00	3.5294189453e+00	6.3839111328e+00	3.1919555664e+00	4.8992457986e-01	4.7137936950e-01	4.8992457986e-01	1.4015744656e+01	2.1493759969e+01	2.1493759969e+01	3.5942837596e-01	4.4480130076e-01	3.5942837596e-01	1.8545210361e-02	5.7344931828e-01	7.1184192974e-01	0	2.4496228993e+00	1	0
13	474_554	4.7400000000e+02	5.5400000000e+02	10	0	1	1	2.2702941895e+00	3.4459533691e+00	4.7794912720e+02	5.5475592041e+02	3.9491271973e+00	7.5592041016e-01	3.9491271973e+00	4.7050476074e+00	2.3525238037e+00	2.7475801110e-01	2.4496543407e-01	2.7475801110e-01	1.7873795496e+01	2.2741750060e+01	2.2741750060e+01	5.9161069989e-01	6.6916745901e-01	5.9161069989e-01	2.9792577028e-02	7.3130012668e-01	7.5317353834e-01	1	1.3737900555e+00	1	0
13	474_554	4.7400000000e+02	5.5400000000e+02	11	0	1	1	2.2702941895e+00	3.8656921387e+00	4.7752941895e+02	5.5391650391e+02	3.5294189453e+00	-8.3496093750e-02	3.5294189453e+00	3.6129150391e+00	1.8064575195e+00	3.5497903824e-02	3.3055488020e-02	3.5497903824e-02	3.0046977628e+01	4.2398218759e+01	4.2398218759e+01	7.2211778164e-01	8.7552249059e-01	7.2211778164e-01	2.4424158037e-03	1.2293616401e+00	1.4041670653e+00	1	1.1547630438e+00	1	0
13	474_554	4.7400000000e+02	5.5400000000e+02	12	0	1	1	2.2702941895e+00	3.4459533691e+00	4.7794912720e+02	5.5601507568e+02	3.9491271973e+00	2.0150756836e+00	3.9491271973e+00	5.9642028809e+00	2.9821014404e+00	3.0913013220e-01	2.7230450511e-01	3.0913013220e-01	1.6644947276e+01	2.2678791458e+01	2.2678791458e+01	5.4770714045e-01	6.4242437482e-01	5.4770714045e-01	3.6825627089e-02	6.8102222912e-01	7.5108844143e-01	1	1.5456506610e+00	1	0
13	474_554	4.7400000000e+02	5.5400000000e+02	13	0	1	1	1.5953979492e+00	3.0262756348e+00	4.7627029419e+02	5.5601507568e+02	2.2702941895e+00	2.0150756836e+00	2.2702941895e+00	4.2853698730e+00	2.1426849365e+00	2.2872506082e-01	1.3701288402e-01	2.2872506082e-01	2.3354058037e+01	2.6429444833e+01	2.6429444833e+01	6.2755776942e-01	7.8829456866e-01	6.2755776942e-01	9.1712176800e-02	9.5552316261e-01	8.7530460183e-01	1	1.1436253041e+00	1	0
13	474_554	4.7400000000e+02	5.5400000000e+02	14	0	1	1	2.2702941895e+00	3.8656921387e+00	4.7836883545e+02	5.5391650391e+02	4.3688354492e+00	-8.3496093750e-02	4.3688354492e+00	4.4523315430e+00	2.2261657715e+00	6.2893122435e-02	5.4608777165e-02	6.2893122435e-02	2.7610916176e+01	3.7163389048e+01	3.7163389048e+01	7.1920880675e-01	8.5602281988e-01	7.1920880675e-01	8.2843452692e-03	1.1296910330e+00	1.2307971529e+00	1	6.9520839470e-01	1	0
13	474_554	4.7400000000e+02	5.5400000000e+02	15	0	1	1	3.1097106934e+00	4.7051086426e+00	4.7710971069e+02	5.5559539795e+02	3.1097106934e+00	1.5953979492e+00	3.1097106934e+00	4.7051086426e+00	2.3525543213e+00	3.0983461067e-02	1.9244363531e-02	3.0983461067e-02	3.1267235153e+01	4.4774608024e+01	4.4774608024e+01	7.1510534175e-01	8.8498038985e-01	7.1510534175e-01	1.1739097536e-02	1.2792880523e+00	1.4828696061e+00	1	1.3796274460e+00	1	0
13	474_554	4.7400000000e+02	5.5400000000e+02	16	0	1	1	2.2702941895e+00	3.8656921387e+00	4.7752941895e+02	5.5391650391e+02	3.5294189453e+00	-8.3496093750e-02	3.5294189453e+00	3.6129150391e+00	1.8064575195e+00	3.5401642323e-02	3.9444826543e-02	3.9444826543e-02	3.5632339821e+01	3.7477567646e+01	3.7477567646e+01	8.7315726280e-01	7.0732197911e-01	7.0732197911e-01	4.0431842208e-03	1.4578847917e+00	1.2412022891e+00	1	1.3082422621e+00	1	0
13	474_554	4.7400000000e+02	5.5400000000e+02	17	0	1	1	2.2702941895e+00	3.4459533691e+00	4.7878854370e+02	5.5475592041e+02	4.7885437012e+00	7.5592041016e-01	4.7885437012e+00	5.5444641113e+00	2.7722320557e+00	2.7125707269e-01	2.5706753135e-01	2.7125707269e-01	1.7950551676e+01	2.3385058631e+01	2.3385058631e+01	5.9421089292e-01	6.5709480643e-01	5.9421089292e-01	1.4189541340e-02	7.3444057908e-01	7.7447897839e-01	1	1.3562853634e+00	0	0
13	474_554	4.7400000000e+02	5.5400000000e+02	18	0	1	1	3.1097106934e+00	4.2853698730e+00	4.7710971069e+02	5.4174493408e+02	3.1097106934e+00	-1.2255065918e+01	1.2255065918e+01	1.5364776611e+01	7.6823883057e+00	1.7248614132e-01	1.6825246811e-01	1.7248614132e-01	2.0177246661e+01	2.6548458892e+01	2.6548458892e+01	6.6316924989e-01	7.5082522631e-01	6.6316924989e-01	4.2336732149e-03	8.2554503000e-01	8.7924617360e-01	1	8.6243070662e-01	0	0
13	474_554	4.7400000000e+02	5.5400000000e+02	19	0	1	1	1.5953979492e+00	3.0262756348e+00	4.7794912720e+02	5.5475592041e+02	3.9491271973e+00	7.5592041016e-01	3.9491271973e+00	4.7050476074e+00	2.3525238037e+00	2.8010109067e-01	2.4072743952e-01	2.8010109067e-01	1.7302577654e+01	2.2973446993e+01	2.2973446993e+01	5.7924380898e-01	6.7352150381e-01	5.7924380898e-01	3.9373651147e-02	7.0792894733e-01	7.6084700226e-01	1	1.4005054533e+00	1	0
14	464_564	4.6400000000e+02	5.6400000000e+02	0	0	1	1	3.7878417969e+00	4.9482727051e+00	4.6325927734e+02	5.5475592041e+02	-7.4072265625e-01	-9.2440795898e+00	9.2440795898e+00	9.9848022461e+00	4.9924011230e+00	3.4274086356e-02	2.3546786979e-02	3.4274086356e-02	3.1624139540e+01	4.2255722436e+01	4.2255722436e+01	7.7159227431e-01	8.8294949941e-01	7.7159227431e-01	1.0727299377e-02	1.2115375014e+00	1.4281358789e+00	1	1.2232453683e+00	0	0
14	464_564	4.6400000000e+02	5.6400000000e+02	1	0	1	1	1.1604309082e+00	1.5906066895e+00	4.6200015259e+02	5.5979248047e+02	-1.9998474121e+00	-4.2075195312e+00	4.2075195312e+00	6.2073669434e+00	3.1036834717e+00	3.9605945349e-02	6.2483642250e-02	6.2483642250e-02	3.1484416813e+01	4.5412210957e+01	4.5412210957e+01	8.7009719014e-01	7.7709796652e-01	7.7709796652e-01	2.2877696902e-02	1.2061846499e+00	1.5348171578e+00	0	1.5280490222e+00	1	0
14	464_564	4.6400000000e+02	5.6400000000e+02	2	0	1	1	4.6063842773e+00	5.7668151855e+00	4.6283956909e+02	5.7280346680e+02	-1.1604309082e+00	8.8034667969e+00	8.8034667969e+00	9.9638977051e+00	4.9819488525e+00	4.5728898048e-01	5.8128231764e-01	5.8128231764e-01	1.4788985267e+01	3.0209527333e+01	3.0209527333e+01	4.7442227602e-01	2.4450033903e-01	2.4450033903e-01	1.2399333715e-01	5.6657384263e-01	1.0210051416e+00	0	2.9064115882e+00	0	0
14	464_564	4.6400000000e+02	5.6400000000e+02	3	0	1	1	6.2852172852e+00	7.4456481934e+00	4.6283956909e+02	5.7154431152e+02	-1.1604309082e+00	7.5443115234e+00	7.5443115234e+00	8.7047424316e+00	4.3523712158e+00	4.2185285687e-01	5.4071831703e-01	5.4071831703e-01	1.5005288567e+01	3.1130020335e+01	3.1130020335e+01	5.0851592422e-01	2.9192686081e-01	2.9192686081e-01	1.1886546016e-01	5.7486053636e-01	1.0521154625e+00	0	2.7035915852e+00	0	0
14	464_564	4.6400000000e+02	5.6400000000e+02	4	0	1	1	7.1246337891e+00	8.2850646973e+00	4.6283956909e+02	5.5727423096e+02	-1.1604309082e+00	-6.7257690430e+00	6.7257690430e+00	7.8861999512e+00	3.9430999756e+00	4.3719968200e-01	4.7925788164e-01	4.7925788164e-01	1.4761293591e+01	2.0590940356e+01	2.0590940356e+01	4.9259176850e-01	3.5669177771e-01	3.5669177771e-01	4.2058199644e-02	5.6551295989e-01	6.9592138079e-01	0	2.3962894082e+00	0	0
14	464_564	4.6400000000e+02	5.6400000000e+02	5	0	1	1	2.5286865234e+00	3.6891174316e+00	4.6325927734e+02	5.5559539795e+02	-7.4072265625e-01	-8.4046020508e+00	8.4046020508e+00	9.1453247070e+00	4.5726623535e+00	3.1560111791e-02	2.1567918360e-02	3.1560111791e-02	3.2515659724e+01	4.3389605625e+01	4.3389605625e+01	7.6693410799e-01	8.8315965980e-01	7.6693410799e-01	9.9921934307e-03	1.2456921109e+00	1.4664582450e+00	1	1.3327378429e+00	0	0
14	464_564	4.6400000000e+02	5.6400000000e+02	6	0	1	1	4.1866455078e+00	5.3470764160e+00	4.6283956909e+02	5.7154431152e+02	-1.1604309082e+00	7.5443115234e+00	7.5443115234e+00	8.7047424316e+00	4.3523712158e+00	1.2190535665e-01	7.2276011109e-02	1.2190535665e-01	2.1141412072e+01	3.0823472494e+01	3.0823472494e+01	7.1895262599e-01	8.5383294523e-01	7.1895262599e-01	4.9629345536e-02	8.0993867121e-01	1.0417549256e+00	1	6.9545611481e-01	0	0
14	464_564	4.6400000000e+02	5.6400000000e+02	7	0	1	1	7.1246337891e+00	8.2850646973e+00	4.6200015259e+02	5.7280346680e+02	-1.9998474121e+00	8.8034667969e+00	8.8034667969e+00	1.0803314209e+01	5.4016571045e+00	3.3969616890e-01	2.6593869925e-01	3.3969616890e-01	1.3057709913e+01	2.2960662727e+01	2.2960662727e+01	4.8891609907e-01	6.6642969847e-01	4.8891609907e-01	7.3757469654e-02	5.0024776871e-01	7.7601196605e-01	1	1.6984808445e+00	0	0
14	464_564	4.6400000000e+02	5.6400000000e+02	8	0	1	1	5.4666748047e+00	6.6271057129e+00	4.6325927734e+02	5.6776696777e+02	-7.4072265625e-01	3.7669677734e+00	3.7669677734e+00	4.5076904297e+00	2.2538452148e+00	1.5838499367e-01	2.0572459698e-01	2.0572459698e-01	2.3681470355e+01	3.2316602691e+01	3.2316602691e+01	7.6814912260e-01	6.4385020733e-01	6.4385020733e-01	4.7339603305e-02	9.0724964665e-01	1.0922189263e+00	1	1.0286229849e+00	1	0
14	464_564	4.6400000000e+02	5.6400000000e+02	9	0	1	1	4.6063842773e+00	5.7668151855e+00	4.6283956909e+02	5.7406256104e+02	-1.1604309082e+00	1.0062561035e+01	1.0062561035e+01	1.1222991943e+01	5.6114959717e+00	4.9195337296e-01	5.7427072525e-01	5.7427072525e-01	1.4887324994e+01	2.7163703050e+01	2.7163703050e+01	4.3947529793e-01	2.4949544668e-01	2.4949544668e-01	8.2317352295e-02	5.7034128954e-01	9.1806403237e-01	0	2.8713536263e+00	0	0
14	464_564	4.6400000000e+02	5.6400000000e+02	10	0	1	1	5.0469360352e+00	6.2073669434e+00	4.6200015259e+02	5.5601507568e+02	-1.9998474121e+00	-7.9849243164e+00	7.9849243164e+00	9.9847717285e+00	4.9923858643e+00	2.3791740835e-01	2.2004652023e-01	2.3791740835e-01	1.5731163607e+01	2.4169307260e+01	2.4169307260e+01	6.0559441149e-01	7.0391970873e-01	6.0559441149e-01	1.7870888114e-02	6.0266919283e-01	8.1686107530e-01	1	1.1895870417e+00	0	0
14	464_564	4.6400000000e+02	5.6400000000e+02	11	0	1	1	1.2695922852e+00	2.4300231934e+00	4.6325927734e+02	5.5559539795e+02	-7.4072265625e-01	-8.4046020508e+00	8.4046020508e+00	9.1453247070e+00	4.5726623535e+00	3.2714731991e-02	2.2228252143e-02	3.2714731991e-02	3.1419897824e+01	4.2492544108e+01	4.2492544108e+01	7.8059040755e-01	8.8252120093e-01	7.8059040755e-01	1.0486479849e-02	1.2037128933e+00	1.4361398487e+00	1	1.2461138535e+00	0	0
14	464_564	4.6400000000e+02	5.6400000000e+02	12	0	1	1	5.4666748047e+00	6.6271057129e+00	4.6200015259e+02	5.7238372803e+02	-1.9998474121e+00	8.3837280273e+00	8.3837280273e+00	1.0383575439e+01	5.1917877197e+00	3.0669078231e-01	3.8264697790e-01	3.8264697790e-01	1.6076616546e+01	2.9532595596e+01	2.9532595596e+01	6.2453916669e-01	4.5222204924e-01	4.5222204924e-01	7.5956195593e-02	6.1590367754e-01	9.9812657169e-01	0	1.9132348895e+00	0	0
14	464_564	4.6400000000e+02	5.6400000000e+02	13	0	1	1	5.4666748047e+00	6.6271057129e+00	4.6200015259e+02	5.7154431152e+02	-1.9998474121e+00	7.5443115234e+00	7.5443115234e+00	9.5441589355e+00	4.7720794678e+00	1.6645847261e-01	2.1305821836e-01	2.1305821836e-01	2.0496400900e+01	2.9617989719e+01	2.9617989719e+01	7.6015533507e-01	6.2578423321e-01	6.2578423321e-01	4.6599745750e-02	7.8522795228e-01	1.0010126757e+00	1	1.0652910918e+00	0	0
14	464_564	4.6400000000e+02	5.6400000000e+02	14	0	1	1	2.1090087891e+00	3.2694396973e+00	4.6325927734e+02	5.5559539795e+02	-7.4072265625e-01	-8.4046020508e+00	8.4046020508e+00	9.1453247070e+00	4.5726623535e+00	4.7679457814e-02	3.0548933893e-02	4.7679457814e-02	2.8246686626e+01	3.7987602829e+01	3.7987602829e+01	7.8946604952e-01	8.8226186857e-01	7.8946604952e-01	1.7130523920e-02	1.0821454950e+00	1.2838842984e+00	1	8.1109799554e-01	0	0
14	464_564	4.6400000000e+02	5.6400000000e+02	15	0	1	1	3.7878417969e+00	4.9482727051e+00	4.6241986084e+02	5.5685449219e+02	-1.5801391602e+00	-7.1455078125e+00	7.1455078125e+00	8.7256469727e+00	4.3628234863e+00	2.3780127987e-02	1.6215501353e-02	2.3780127987e-02	3.3784473227e+01	4.7422441366e+01	4.7422441366e+01	7.7324447967e-01	8.7633943744e-01	7.7324447967e-01	7.5646266341e-03	1.2943010268e+00	1.6027578297e+00	0	1.7221652276e+00	0	0
14	464_564	4.6400000000e+02	5.6400000000e+02	16	0	1	1	3.7878417969e+00	4.9482727051e+00	4.6325927734e+02	5.5559539795e+02	-7.4072265625e-01	-8.4046020508e+00	8.4046020508e+00	9.1453247070e+00	4.5726623535e+00	3.0959384516e-02	2.1458532661e-02	3.0959384516e-02	3.2531581695e+01	4.3486512675e+01	4.3486512675e+01	7.6718734019e-01	8.8287142292e-01	7.6718734019e-01	9.5008518547e-03	1.2463020900e+00	1.4697334567e+00	1	1.3420955906e+00	0	0
14	464_564	4.6400000000e+02	5.6400000000e+02	17	0	1	1	5.0469360352e+00	6.2073669434e+00	4.6200015259e+02	5.5559539795e+02	-1.9998474121e+00	-8.4046020508e+00	8.4046020508e+00	1.0404449463e+01	5.2022247314e+00	2.3690071702e-01	2.1652580798e-01	2.3690071702e-01	1.5984026249e+01	2.4160264147e+01	2.4160264147e+01	6.0814103484e-01	7.0693521202e-01	6.0814103484e-01	2.0374909043e-02	6.1235649431e-01	8.1655544109e-01	1	1.1845035851e+00	0	0
14	464_564	4.6400000000e+02	5.6400000000e+02	18	0	1	1	4.1866455078e+00	4.9273681641e+00	4.6283956909e+02	5.7112463379e+02	-1.1604309082e+00	7.1246337891e+00	7.1246337891e+00	8.2850646973e+00	4.1425323486e+00	1.5147100389e-01	9.7142830491e-02	1.5147100389e-01	2.2023800828e+01	3.0553982596e+01	3.0553982596e+01	6.9199343026e-01	8.3085112274e-01	6.9199343026e-01	5.4328173399e-02	8.4374345089e-01	1.0326468529e+00	1	7.5735501945e-01	0	1
14	464_564	4.6400000000e+02	5.6400000000e+02	19	0	1	1	4.1866455078e+00	5.3470764160e+00	4.6200015259e+02	5.7154431152e+02	-1.9998474121e+00	7.5443115234e+00	7.5443115234e+00	9.5441589355e+00	4.7720794678e+00	2.9318943620e-01	4.0880522132e-01	4.0880522132e-01	1.6401225286e+01	3.2505435700e+01	3.2505435700e+01	6.3721331954e-01	4.2778906226e-01	4.2778906226e-01	1.1561578512e-01	6.2833960993e-01	1.0986010014e+00	0	2.0440261066e+00	0	0
15	454_574	4.5400000000e+02	5.7400000000e+02	0	0	1	1	4.1714172363e+00	4.2339782715e+00	4.4856945801e+02	5.7280346680e+02	-5.4305419922e+00	-1.1965332031e+00	5.4305419922e+00	6.6270751953e+00	3.3135375977e+00	3.9487276226e-02	2.1709254012e-02	3.9487276226e-02	2.6453087836e+01	3.9422438759e+01	3.9422438759e+01	7.9870506749e-01	8.7196804024e-01	7.9870506749e-01	1.7778022215e-02	9.0789569149e-01	1.4523462026e+00	1	1.2924177218e+00	1	0
15	454_574	4.5400000000e+02	5.7400000000e+02	1	0	1	1	4.1714172363e+00	4.2339782715e+00	4.4814974976e+02	5.7322314453e+02	-5.8502502441e+00	-7.7685546875e-01	5.8502502441e+00	6.6271057129e+00	3.3135528564e+00	3.4331433475e-02	2.0398540422e-02	3.4331433475e-02	2.7156600631e+01	4.0507698386e+01	4.0507698386e+01	8.0544287711e-01	8.7229080684e-01	8.0544287711e-01	1.3932893053e-02	9.3204093456e-01	1.4923278158e+00	1	1.4066509024e+00	1	0
15	454_574	4.5400000000e+02	5.7400000000e+02	2	0	1	1	4.5911254883e+00	4.6536865234e+00	4.4898916626e+02	5.7490197754e+02	-5.0108337402e+00	9.0197753906e-01	5.0108337402e+00	5.9128112793e+00	2.9564056396e+00	4.4380918145e-01	4.0553656220e-01	4.4380918145e-01	1.0508826807e+01	2.2677163331e+01	2.2677163331e+01	3.6956331134e-01	5.0929418206e-01	3.6956331134e-01	3.8272619247e-02	3.6067315241e-01	8.3544024893e-01	0	2.2190459073e+00	1	0
15	454_574	4.5400000000e+02	5.7400000000e+02	3	0	1	1	4.5911254883e+00	5.0734252930e+00	4.4898916626e+02	5.7406256104e+02	-5.0108337402e+00	6.2561035156e-02	5.0108337402e+00	5.0733947754e+00	2.5366973877e+00	4.1520601511e-01	3.6574795842e-01	4.1520601511e-01	1.1288455775e+01	2.3075705321e+01	2.3075705321e+01	4.0822637081e-01	5.4952314496e-01	4.0822637081e-01	4.9458056688e-02	3.8743077652e-01	8.5012277402e-01	0	2.0760300756e+00	1	0
15	454_574	4.5400000000e+02	5.7400000000e+02	4	0	1	1	4.5911254883e+00	5.0734252930e+00	4.4898916626e+02	5.7406256104e+02	-5.0108337402e+00	6.2561035156e-02	5.0108337402e+00	5.0733947754e+00	2.5366973877e+00	4.2876827717e-01	3.8014540076e-01	4.2876827717e-01	1.1030930505e+01	2.3005799421e+01	2.3005799421e+01	3.9495593309e-01	5.3593900800e-01	3.9495593309e-01	4.8622876406e-02	3.7859225890e-01	8.4754739888e-01	0	2.1438413858e+00	1	0
15	454_574	4.5400000000e+02	5.7400000000e+02	5	0	1	1	4.1714172363e+00	4.6537170410e+00	4.4814974976e+02	5.7322314453e+02	-5.8502502441e+00	-7.7685546875e-01	5.8502502441e+00	6.6271057129e+00	3.3135528564e+00	3.0820241198e-02	1.9060244784e-02	3.0820241198e-02	2.7795129595e+01	4.1629765567e+01	4.1629765567e+01	8.0780554749e-01	8.7252289988e-01	8.0780554749e-01	1.1759996414e-02	9.5395586936e-01	1.5336654413e+00	0	1.5247584038e+00	1	0
15	454_574	4.5400000000e+02	5.7400000000e+02	6	0	1	1	4.1714172363e+00	4.6537170410e+00	4.4856945801e+02	5.7322314453e+02	-5.4305419922e+00	-7.7685546875e-01	5.4305419922e+00	6.2073974609e+00	3.1036987305e+00	1.2545342743e-01	8.5692875087e-02	1.2545342743e-01	1.9114078632e+01	3.0263257100e+01	3.0263257100e+01	6.9391189516e-01	8.2147259265e-01	6.9391189516e-01	3.9760552347e-02	6.5601376082e-01	1.1149164768e+00	1	9.8281782623e-01	1	0
15	454_574	4.5400000000e+02	5.7400000000e+02	7	0	1	1	4.5911254883e+00	5.0734252930e+00	4.4814974976e+02	5.7406256104e+02	-5.8502502441e+00	6.2561035156e-02	5.8502502441e+00	5.9128112793e+00	2.9564056396e+00	3.4344461560e-01	3.2055148482e-01	3.4344461560e-01	1.1876343939e+01	2.3637773364e+01	2.3637773364e+01	4.6735855937e-01	5.9107896686e-01	4.6735855937e-01	2.2893130779e-02	4.0760766983e-01	8.7082969661e-01	0	1.7172230780e+00	1	0
15	454_574	4.5400000000e+02	5.7400000000e+02	8	0	1	1	4.5911254883e+00	5.0734252930e+00	4.4856945801e+02	5.7406256104e+02	-5.4305419922e+00	6.2561035156e-02	5.4305419922e+00	5.4931030273e+00	2.7465515137e+00	1.6099937260e-01	1.0635031015e-01	1.6099937260e-01	1.8212284106e+01	2.9198710672e+01	2.9198710672e+01	6.6213236749e-01	8.0434494466e-01	6.6213236749e-01	5.4649062455e-02	6.2506329600e-01	1.0756979502e+00	1	1.0712477257e+00	1	1
15	454_574	4.5400000000e+02	5.7400000000e+02	9	0	1	1	4.1714172363e+00	5.4931335449e+00	4.4898916626e+02	5.7490197754e+02	-5.0108337402e+00	9.0197753906e-01	5.0108337402e+00	5.9128112793e+00	2.9564056396e+00	4.6936413646e-01	4.3586713076e-01	4.6936413646e-01	1.0173024895e+01	2.3192290831e+01	2.3192290831e+01	3.4478780627e-01	4.7954392433e-01	3.4478780627e-01	3.3497005701e-02	3.4914810433e-01	8.5441785386e-01	0	2.3468206823e+00	1	0
15	454_574	4.5400000000e+02	5.7400000000e+02	10	0	1	1	4.1714172363e+00	4.6537170410e+00	4.4773004150e+02	5.7322314453e+02	-6.2699584961e+00	-7.7685546875e-01	6.2699584961e+00	7.0468139648e+00	3.5234069824e+00	2.4342538416e-01	1.8779757619e-01	2.4342538416e-01	1.4905262938e+01	2.5995642960e+01	2.5995642960e+01	5.9129785001e-01	7.2574463487e-01	5.9129785001e-01	5.5627807975e-02	5.1156311452e-01	9.5769502157e-01	1	1.3955339585e+00	1	0
15	454_574	4.5400000000e+02	5.7400000000e+02	11	0	1	1	4.5911254883e+00	5.4931030273e+00	4.4814974976e+02	5.7406256104e+02	-5.8502502441e+00	6.2561035156e-02	5.8502502441e+00	5.9128112793e+00	2.9564056396e+00	3.1081922352e-02	1.9541775808e-02	3.1081922352e-02	2.7721469625e+01	4.1492848974e+01	4.1492848974e+01	8.0798988789e-01	8.7213423289e-01	8.0798988789e-01	1.1540146545e-02	9.5142778760e-01	1.5286213522e+00	0	1.5103467207e+00	1	0
15	454_574	4.5400000000e+02	5.7400000000e+02	12	0	1	1	4.1714172363e+00	4.2339782715e+00	4.4814974976e+02	5.7406256104e+02	-5.8502502441e+00	6.2561035156e-02	5.8502502441e+00	5.9128112793e+00	2.9564056396e+00	3.0650213361e-01	2.8988218307e-01	3.0650213361e-01	1.2514559966e+01	2.4135253985e+01	2.4135253985e+01	5.0555005670e-01	6.2023466825e-01	5.0555005670e-01	1.6619950533e-02	4.2951186433e-01	8.8915717999e-01	0	1.6299661019e+00	1	0
15	454_574	4.5400000000e+02	5.7400000000e+02	13	0	1	1	4.1714172363e+00	4.6537170410e+00	4.4731033325e+02	5.7490197754e+02	-6.6896667480e+00	9.0197753906e-01	6.6896667480e+00	7.5916442871e+00	3.7958221436e+00	1.7223735154e-01	1.4033775032e-01	1.7223735154e-01	1.6721138086e+01	2.7834516001e+01	2.7834516001e+01	6.5278880298e-01	7.6813109219e-01	6.5278880298e-01	3.1899601221e-02	5.7388571493e-01	1.0254402033e+00	1	1.2174693859e+00	1	0
15	454_574	4.5400000000e+02	5.7400000000e+02	14	0	1	1	4.1714172363e+00	4.6537170410e+00	4.4856945801e+02	5.7238372803e+02	-5.4305419922e+00	-1.6162719727e+00	5.4305419922e+00	7.0468139648e+00	3.5234069824e+00	5.3183656186e-02	2.8215317056e-02	5.3183656186e-02	2.5022910814e+01	3.7327239616e+01	3.7327239616e+01	7.7995415404e-01	8.6599734612e-01	7.7995415404e-01	2.4968339130e-02	8.5881062574e-01	1.3751578141e+00	1	1.0718794689e+00	1	0
15	454_574	4.5400000000e+02	5.7400000000e+02	15	0	1	1	4.5911254883e+00	5.0734252930e+00	4.4814974976e+02	5.7490197754e+02	-5.8502502441e+00	9.0197753906e-01	5.8502502441e+00	6.7522277832e+00	3.3761138916e+00	2.0485568792e-02	1.3430250809e-02	2.0485568792e-02	3.1106101568e+01	4.6551214629e+01	4.6551214629e+01	8.2187725231e-01	8.6520861275e-01	8.2187725231e-01	7.0553179830e-03	1.0675916463e+00	1.7149745658e+00	0	2.0427844738e+00	1	0
15	454_574	4.5400000000e+02	5.7400000000e+02	16	0	1	1	4.1714172363e+00	5.0733947754e+00	4.4814974976e+02	5.7322314453e+02	-5.8502502441e+00	-7.7685546875e-01	5.8502502441e+00	6.6271057129e+00	3.3135528564e+00	3.0776772648e-02	1.9212637097e-02	3.0776772648e-02	2.7792240386e+01	4.1615689524e+01	4.1615689524e+01	8.0795904621e-01	8.7232491001e-01	8.0795904621e-01	1.1564135551e-02	9.5385670892e-01	1.5331468715e+00	0	1.5232767757e+00	1	0
15	454_574	4.5400000000e+02	5.7400000000e+02	17	0	1	1	4.1714172363e+00	4.6537170410e+00	4.4773004150e+02	5.7322314453e+02	-6.2699584961e+00	-7.7685546875e-01	6.2699584961e+00	7.0468139648e+00	3.5234069824e+00	2.4138350785e-01	1.7969422042e-01	2.4138350785e-01	1.5180470308e+01	2.6292931190e+01	2.6292931190e+01	5.9238068759e-01	7.3416759074e-01	5.9238068759e-01	6.1689287424e-02	5.2100849900e-01	9.6864729761e-01	1	1.3685471457e+00	1	0
15	454_574	4.5400000000e+02	5.7400000000e+02	18	0	1	1	3.7517089844e+00	4.2340087891e+00	4.4856945801e+02	5.7238372803e+02	-5.4305419922e+00	-1.6162719727e+00	5.4305419922e+00	7.0468139648e+00	3.5234069824e+00	1.0042577237e-01	6.2452755868e-02	1.0042577237e-01	2.0731832684e+01	3.1687754265e+01	3.1687754265e+01	7.1969503909e-01	8.4124747664e-01	7.1969503909e-01	3.7973016500e-02	7.1153665264e-01	1.1673958036e+00	1	8.2418099246e-01	1	0
15	454_574	4.5400000000e+02	5.7400000000e+02	19	0	1	1	4.1714172363e+00	4.6537170410e+00	4.4814974976e+02	5.7406256104e+02	-5.8502502441e+00	6.2561035156e-02	5.8502502441e+00	5.9128112793e+00	2.9564056396e+00	2.8159528971e-01	2.6308834553e-01	2.8159528971e-01	1.2949568127e+01	2.4594697943e+01	2.4594697943e+01	5.3049337864e-01	6.4679896832e-01	5.3049337864e-01	1.8506944180e-02	4.4444176734e-01	9.0608336994e-01	0	1.5873092362e+00	1	0
16	516_556	5.1600000000e+02	5.5600000000e+02	0	0	1	1	3.6347045898e+00	4.0393066406e+00	5.1068646240e+02	5.5391650391e+02	-5.3135375977e+00	-2.0834960938e+00	5.3135375977e+00	7.3970336914e+00	3.6985168457e+00	6.2425598502e-02	2.7246175334e-02	6.2425598502e-02	1.6909318623e+01	8.3061680981e+01	8.3061680981e+01	2.4842558801e-01	8.6097043939e-01	2.4842558801e-01	3.5179423168e-02	1.0076675104e+00	1.1601074033e+00	0	2.0126751193e+00	1	0
16	516_556	5.1600000000e+02	5.5600000000e+02	1	0	1	1	4.8938293457e+00	5.2984313965e+00	5.0900762939e+02	5.5433624268e+02	-6.9923706055e+00	-1.6637573242e+00	6.9923706055e+00	8.6561279297e+00	4.3280639648e+00	4.5734737068e-02	2.6925832033e-02	4.5734737068e-02	2.1011469713e+01	4.3386879447e+01	4.3386879447e+01	4.2984014377e-01	8.6229136586e-01	4.2984014377e-01	1.8808905035e-02	1.2521246922e+00	6.0597666048e-01	1	1.1632231360e+00	1	0
16	516_556	5.1600000000e+02	5.5600000000e+02	2	0	1	1	5.3135375977e+00	5.7181396484e+00	5.0900762939e+02	5.5559539795e+02	-6.9923706055e+00	-4.0460205078e-01	6.9923706055e+00	7.3969726562e+00	3.6984863281e+00	3.6954468489e-01	3.6980682611e-01	3.6980682611e-01	1.6985219580e+01	1.7064307798e+01	1.7064307798e+01	5.3739655018e-01	4.5217049122e-01	4.5217049122e-01	2.6214122772e-04	1.0121906334e+00	2.3833408589e-01	0	2.1761883260e+00	1	0
16	516_556	5.1600000000e+02	5.5600000000e+02	3	0	1	1	5.3135375977e+00	5.7181396484e+00	5.0984704590e+02	5.5559539795e+02	-6.1529541016e+00	-4.0460205078e-01	6.1529541016e+00	6.5575561523e+00	3.2787780762e+00	4.8224055767e-01	4.5657765865e-01	4.8224055767e-01	1.3511918763e+01	1.9539450629e+01	1.9539450629e+01	3.5266828537e-01	4.5216941833e-01	3.5266828537e-01	2.5662899017e-02	8.0520817213e-01	2.7290395601e-01	0	2.4112027884e+00	1	0
16	516_556	5.1600000000e+02	5.5600000000e+02	4	0	1	1	4.4741210938e+00	4.9089355469e+00	5.0984704590e+02	5.5559539795e+02	-6.1529541016e+00	-4.0460205078e-01	6.1529541016e+00	6.5575561523e+00	3.2787780762e+00	5.1365894079e-01	4.8738276958e-01	5.1365894079e-01	1.3283098251e+01	2.0350436138e+01	2.0350436138e+01	3.2320392132e-01	4.2199236155e-01	3.2320392132e-01	2.6276171207e-02	7.9157220015e-01	2.8423084323e-01	0	2.5682947040e+00	1	0
16	516_556	5.1600000000e+02	5.5600000000e+02	5	0	1	1	3.6347045898e+00	3.6497802734e+00	5.1068646240e+02	5.5391650391e+02	-5.3135375977e+00	-2.0834960938e+00	5.3135375977e+00	7.3970336914e+00	3.6985168457e+00	4.8218071461e-02	2.2523388267e-02	4.8218071461e-02	1.7911103177e+01	8.5666860942e+01	8.5666860942e+01	2.5816178322e-01	8.6333127320e-01	2.5816178322e-01	2.5694683194e-02	1.0673662936e+00	1.1964934784e+00	0	1.9367700121e+00	1	0
16	516_556	5.1600000000e+02	5.5600000000e+02	6	0	1	1	3.6347045898e+00	4.4590454102e+00	5.1152587891e+02	5.5475592041e+02	-4.4741210938e+00	-1.2440795898e+00	4.4741210938e+00	5.7182006836e+00	2.8591003418e+00	1.4277477562e-01	8.1625297666e-02	1.4277477562e-01	1.9165415079e+01	3.1210960156e+01	3.1210960156e+01	4.5933423936e-01	8.1682698429e-01	4.5933423936e-01	6.1149477959e-02	1.1421137971e+00	4.3591780849e-01	0	1.6116634043e+00	1	0
16	516_556	5.1600000000e+02	5.5600000000e+02	7	0	1	1	4.8938293457e+00	5.2984313965e+00	5.0900762939e+02	5.5559539795e+02	-6.9923706055e+00	-4.0460205078e-01	6.9923706055e+00	7.3969726562e+00	3.6984863281e+00	3.0243483186e-01	2.9687687755e-01	3.0243483186e-01	1.4899360308e+01	2.1368793984e+01	2.1368793984e+01	5.0554254651e-01	6.0999527574e-01	5.0554254651e-01	5.5579543114e-03	8.8788919548e-01	2.9845406220e-01	0	2.0044169651e+00	1	0
16	516_556	5.1600000000e+02	5.5600000000e+02	8	0	1	1	4.8938293457e+00	5.2984313965e+00	5.1068646240e+02	5.5559539795e+02	-5.3135375977e+00	-4.0460205078e-01	5.3135375977e+00	5.7181396484e+00	2.8590698242e+00	1.5127728879e-01	1.0200086236e-01	1.5127728879e-01	1.8098524879e+01	2.8590999076e+01	2.8590999076e+01	5.2680946887e-01	7.9757782817e-01	5.2680946887e-01	4.9276426435e-02	1.0785352097e+00	3.9932528822e-01	0	1.7162134622e+00	1	0
16	516_556	5.1600000000e+02	5.5600000000e+02	9	0	1	1	5.3135375977e+00	5.7181396484e+00	5.0942733765e+02	5.5559539795e+02	-6.5726623535e+00	-4.0460205078e-01	6.5726623535e+00	6.9772644043e+00	3.4886322021e+00	4.5338866115e-01	4.3815642595e-01	4.5338866115e-01	1.3638099951e+01	1.9571109567e+01	1.9571109567e+01	3.8323351741e-01	4.7152292728e-01	3.8323351741e-01	1.5232235193e-02	8.1272761667e-01	2.7334613064e-01	0	2.2669433057e+00	1	0
16	516_556	5.1600000000e+02	5.5600000000e+02	10	0	1	1	4.4741210938e+00	5.2984619141e+00	5.1152587891e+02	5.5475592041e+02	-4.4741210938e+00	-1.2440795898e+00	4.4741210938e+00	5.7182006836e+00	2.8591003418e+00	2.8905749321e-01	2.4101787806e-01	2.8905749321e-01	1.5000487598e+01	2.3449379692e+01	2.3449379692e+01	4.5833283663e-01	6.6438585520e-01	4.5833283663e-01	4.8039615154e-02	8.9391561716e-01	3.2751322467e-01	0	1.9213907867e+00	1	0
16	516_556	5.1600000000e+02	5.5600000000e+02	11	0	1	1	3.6347045898e+00	3.6497802734e+00	5.1068646240e+02	5.5391650391e+02	-5.3135375977e+00	-2.0834960938e+00	5.3135375977e+00	7.3970336914e+00	3.6985168457e+00	4.5553155243e-02	2.3056052625e-02	4.5553155243e-02	1.9093278918e+01	8.5823479876e+01	8.5823479876e+01	3.1275164336e-01	8.6314199120e-01	3.1275164336e-01	2.2497102618e-02	1.1378150274e+00	1.1986809466e+00	1	1.5987126227e+00	1	1
16	516_556	5.1600000000e+02	5.5600000000e+02	12	0	1	1	4.8938293457e+00	5.2984313965e+00	5.0984704590e+02	5.5559539795e+02	-6.1529541016e+00	-4.0460205078e-01	6.1529541016e+00	6.5575561523e+00	3.2787780762e+00	2.7415901423e-01	2.5538957119e-01	2.7415901423e-01	1.6218214102e+01	2.2188345622e+01	2.2188345622e+01	5.1247483492e-01	6.5007328987e-01	5.1247483492e-01	1.8769443035e-02	9.6648290757e-01	3.0990059098e-01	0	1.9717125972e+00	1	0
16	516_556	5.1600000000e+02	5.5600000000e+02	13	0	1	1	4.8938293457e+00	5.2984313965e+00	5.1152587891e+02	5.5559539795e+02	-4.4741210938e+00	-4.0460205078e-01	4.4741210938e+00	4.8787231445e+00	2.4393615723e+00	1.6986173391e-01	1.2857505679e-01	1.6986173391e-01	1.7609326139e+01	2.7115553999e+01	2.7115553999e+01	5.3101360798e-01	7.7111122012e-01	5.3101360798e-01	4.1286677122e-02	1.0493826644e+00	3.7871801496e-01	0	1.7750913858e+00	1	0
16	516_556	5.1600000000e+02	5.5600000000e+02	14	0	1	1	3.6347045898e+00	4.0393066406e+00	5.1068646240e+02	5.5391650391e+02	-5.3135375977e+00	-2.0834960938e+00	5.3135375977e+00	7.3970336914e+00	3.6985168457e+00	7.3883429170e-02	3.2377138734e-02	7.3883429170e-02	1.7719737109e+01	8.0464993068e+01	8.0464993068e+01	2.7686198056e-01	8.5723446310e-01	2.7686198056e-01	4.1506290436e-02	1.0559623233e+00	1.1238399352e+00	0	1.8059539955e+00	1	0
16	516_556	5.1600000000e+02	5.5600000000e+02	15	0	1	1	4.8938293457e+00	4.9089050293e+00	5.1026675415e+02	5.5559539795e+02	-5.7332458496e+00	-4.0460205078e-01	5.7332458496e+00	6.1378479004e+00	3.0689239502e+00	2.5459475815e-02	1.6345448792e-02	2.5459475815e-02	2.2220300814e+01	9.2313353378e+01	9.2313353378e+01	3.3540045470e-01	8.6781673878e-01	3.3540045470e-01	9.1140270233e-03	1.3241618838e+00	1.2893238304e+00	1	1.4907552837e+00	1	0
16	516_556	5.1600000000e+02	5.5600000000e+02	16	0	1	1	3.6347045898e+00	3.6497802734e+00	5.1068646240e+02	5.5391650391e+02	-5.3135375977e+00	-2.0834960938e+00	5.3135375977e+00	7.3970336914e+00	3.6985168457e+00	4.5864824206e-02	2.2769482806e-02	4.5864824206e-02	1.8806170035e+01	8.5788813154e+01	8.5788813154e+01	2.9906433448e-01	8.6298718862e-01	2.9906433448e-01	2.3095341399e-02	1.1207055093e+00	1.1981967628e+00	0	1.6718810716e+00	1	0
16	516_556	5.1600000000e+02	5.5600000000e+02	17	0	1	1	4.4741210938e+00	5.2984619141e+00	5.1152587891e+02	5.5475592041e+02	-4.4741210938e+00	-1.2440795898e+00	4.4741210938e+00	5.7182006836e+00	2.8591003418e+00	2.7388536930e-01	2.3855291307e-01	2.7388536930e-01	1.4602007488e+01	2.4358523672e+01	2.4358523672e+01	4.5731848478e-01	6.6761018336e-01	4.5731848478e-01	3.5332456231e-02	8.7016921620e-01	3.4021107342e-01	0	1.8851112188e+00	1	0
16	516_556	5.1600000000e+02	5.5600000000e+02	18	0	1	1	4.8938293457e+00	5.7181701660e+00	5.1152587891e+02	5.5391650391e+02	-4.4741210938e+00	-2.0834960938e+00	4.4741210938e+00	6.5576171875e+00	3.2788085938e+00	1.7647075653e-01	1.1189128458e-01	1.7647075653e-01	1.6949598307e+01	2.9101583413e+01	2.9101583413e+01	4.5326757431e-01	7.8871856630e-01	4.5326757431e-01	6.4579471946e-02	1.0100678750e+00	4.0645652685e-01	0	1.6958384947e+00	1	0
16	516_556	5.1600000000e+02	5.5600000000e+02	19	0	1	1	4.8938293457e+00	5.2984313965e+00	5.0984704590e+02	5.5559539795e+02	-6.1529541016e+00	-4.0460205078e-01	6.1529541016e+00	6.5575561523e+00	3.2787780762e+00	2.7286374569e-01	2.4097897112e-01	2.7286374569e-01	1.6377193670e+01	2.2403687623e+01	2.2403687623e+01	4.9969571829e-01	6.6344474256e-01	4.9969571829e-01	3.1884774566e-02	9.7595688751e-01	3.1290823358e-01	0	1.9631193326e+00	1	0
17	506_566	5.0600000000e+02	5.6600000000e+02	0	0	1	1	2.1866455078e+00	4.3548583984e+00	5.1026675415e+02	5.6650781250e+02	4.2667541504e+00	5.0781250000e-01	4.2667541504e+00	4.7745666504e+00	2.3872833252e+00	4.1865076870e-02	6.4881376922e-02	6.4881376922e-02	3.7003015568e+01	3.6235991607e+01	3.7003015568e+01	8.4252736345e-01	4.3959689885e-01	4.3959689885e-01	2.3016300052e-02	1.1633413058e+00	1.6743723873e+00	0	1.9267782493e+00	1	0
17	506_566	5.0600000000e+02	5.6600000000e+02	1	0	1	1	4.2852172852e+00	6.4534301758e+00	5.0900762939e+02	5.7154431152e+02	3.0076293945e+00	5.5443115234e+00	5.5443115234e+00	8.5519409180e+00	4.2759704590e+00	4.0360148996e-02	3.2361656427e-02	4.0360148996e-02	2.4814748940e+01	4.5215860510e+01	4.5215860510e+01	5.5909705535e-01	8.5110715032e-01	5.5909705535e-01	7.9984925687e-03	7.8015323862e-01	2.0893091356e+00	0	3.1123118161e+00	1	0
17	506_566	5.0600000000e+02	5.6600000000e+02	2	0	1	1	5.1246337891e+00	7.2928466797e+00	5.0900762939e+02	5.7238372803e+02	3.0076293945e+00	6.3837280273e+00	6.3837280273e+00	9.3913574219e+00	4.6956787109e+00	3.6700877547e-01	4.2307007313e-01	4.2307007313e-01	1.6926108267e+01	2.0017759467e+01	2.0017759467e+01	5.3451022506e-01	4.0536403656e-01	4.0536403656e-01	5.6061297655e-02	5.3214151849e-01	9.2496940802e-01	0	2.1153503656e+00	0	0
17	506_566	5.0600000000e+02	5.6600000000e+02	3	0	1	1	6.8034667969e+00	8.9716796875e+00	5.0942733765e+02	5.7406256104e+02	3.4273376465e+00	8.0625610352e+00	8.0625610352e+00	1.1489898682e+01	5.7449493408e+00	4.5398658514e-01	4.3581125140e-01	4.5398658514e-01	1.4243640019e+01	1.9884560291e+01	1.9884560291e+01	3.8624554873e-01	4.6500429511e-01	3.8624554873e-01	1.8175333738e-02	4.4780714557e-01	9.1881461517e-01	0	2.2699329257e+00	0	0
17	506_566	5.0600000000e+02	5.6600000000e+02	4	0	1	1	6.8034667969e+00	9.8110961914e+00	5.0942733765e+02	5.7406256104e+02	3.4273376465e+00	8.0625610352e+00	8.0625610352e+00	1.1489898682e+01	5.7449493408e+00	4.6910232306e-01	4.8897793889e-01	4.8897793889e-01	1.6608095140e+01	1.8394399249e+01	1.8394399249e+01	4.3079859018e-01	3.5228696465e-01	3.5228696465e-01	1.9875615835e-02	5.2214347373e-01	8.4995808908e-01	0	2.4448896945e+00	0	0
17	506_566	5.0600000000e+02	5.6600000000e+02	5	0	1	1	2.1866455078e+00	2.2562866211e+00	5.0984704590e+02	5.5685449219e+02	3.8470458984e+00	-9.1455078125e+00	9.1455078125e+00	1.2992553711e+01	6.4962768555e+00	2.7722254395e-02	2.3902053013e-02	2.7722254395e-02	2.3391333966e+01	9.8037875870e+01	9.8037875870e+01	4.1083504260e-01	8.5967183672e-01	4.1083504260e-01	3.8202013820e-03	7.3540236065e-01	4.5300792108e+00	0	1.0085940602e+01	0	0
17	506_566	5.0600000000e+02	5.6600000000e+02	6	0	1	1	5.1246337891e+00	8.1322631836e+00	5.0942733765e+02	5.7196405029e+02	3.4273376465e+00	5.9640502930e+00	5.9640502930e+00	9.3913879395e+00	4.6956939697e+00	1.1273219436e-01	7.2347484529e-02	1.1273219436e-01	2.0922327388e+01	3.0363597867e+01	3.0363597867e+01	6.4391664416e-01	8.1718293577e-01	6.4391664416e-01	4.0384709835e-02	6.5777902934e-01	1.4030241092e+00	1	1.1514974549e+00	1	0
17	506_566	5.0600000000e+02	5.6600000000e+02	7	0	1	1	6.8034667969e+00	8.9716796875e+00	5.0816821289e+02	5.7280346680e+02	2.1682128906e+00	6.8034667969e+00	6.8034667969e+00	8.9716796875e+00	4.4858398438e+00	3.0028146505e-01	2.7848079801e-01	3.0028146505e-01	1.5136059736e+01	2.2251094845e+01	2.2251094845e+01	5.2877271175e-01	6.2335160375e-01	5.2877271175e-01	2.1800667048e-02	4.7586401343e-01	1.0281661172e+00	0	1.5014073253e+00	0	0
17	506_566	5.0600000000e+02	5.6600000000e+02	8	0	1	1	5.1246337891e+00	7.2928466797e+00	5.0984704590e+02	5.6944580078e+02	3.8470458984e+00	3.4458007812e+00	3.8470458984e+00	7.2928466797e+00	3.6464233398e+00	1.3820879161e-01	1.7944793403e-01	1.7944793403e-01	2.3489626797e+01	2.7121474902e+01	2.7121474902e+01	7.5313039124e-01	5.7571770251e-01	5.7571770251e-01	4.1239142418e-02	7.3849259825e-01	1.2532139087e+00	1	8.9723967016e-01	1	1
17	506_566	5.0600000000e+02	5.6600000000e+02	9	0	1	1	6.8034667969e+00	8.9716796875e+00	5.0942733765e+02	5.7406256104e+02	3.4273376465e+00	8.0625610352e+00	8.0625610352e+00	1.1489898682e+01	5.7449493408e+00	4.2887762189e-01	4.1047841311e-01	4.2887762189e-01	1.4374069112e+01	2.0032451861e+01	2.0032451861e+01	4.0829554200e-01	4.9175995588e-01	4.0829554200e-01	1.8399208784e-02	4.5190771815e-01	9.2564830593e-01	0	2.1443881094e+00	0	0
17	506_566	5.0600000000e+02	5.6600000000e+02	10	0	1	1	5.1246337891e+00	8.9716796875e+00	5.0984704590e+02	5.7238372803e+02	3.8470458984e+00	6.3837280273e+00	6.3837280273e+00	1.0230773926e+01	5.1153869629e+00	3.0620682240e-01	2.8624156117e-01	3.0620682240e-01	1.6893687939e+01	2.6555313764e+01	2.6555313764e+01	4.9859946966e-01	6.1620780826e-01	4.9859946966e-01	1.9965261221e-02	5.3112225272e-01	1.2270530522e+00	1	1.5310341120e+00	0	0
17	506_566	5.0600000000e+02	5.6600000000e+02	11	0	1	1	2.1866455078e+00	4.3548583984e+00	5.0984704590e+02	5.5769390869e+02	3.8470458984e+00	-8.3060913086e+00	8.3060913086e+00	1.2153137207e+01	6.0765686035e+00	2.8091559187e-02	3.3087670803e-02	3.3087670803e-02	4.1233350367e+01	3.6343253730e+01	4.1233350367e+01	8.5481416248e-01	4.2644533515e-01	4.2644533515e-01	4.9961116165e-03	1.2963392016e+00	1.6793286953e+00	0	1.9409391295e+00	0	0
17	506_566	5.0600000000e+02	5.6600000000e+02	12	0	1	1	5.9640502930e+00	8.9716796875e+00	5.0984704590e+02	5.7280346680e+02	3.8470458984e+00	6.8034667969e+00	6.8034667969e+00	1.0650512695e+01	5.3252563477e+00	2.9132840037e-01	2.3916202784e-01	2.9132840037e-01	1.7214803257e+01	2.3662223247e+01	2.3662223247e+01	5.2682718635e-01	6.6129606962e-01	5.2682718635e-01	5.2166372538e-02	5.4121782757e-01	1.0933707474e+00	1	1.4566420019e+00	0	0
17	506_566	5.0600000000e+02	5.6600000000e+02	13	0	1	1	5.1246337891e+00	7.2928466797e+00	5.0984704590e+02	5.7112463379e+02	3.8470458984e+00	5.1246337891e+00	5.1246337891e+00	8.9716796875e+00	4.4858398438e+00	1.6560867429e-01	2.4485814571e-01	2.4485814571e-01	2.2651926776e+01	2.8956083416e+01	2.8956083416e+01	7.2924432158e-01	5.1516461372e-01	5.1516461372e-01	7.9249471426e-02	7.1215606808e-01	1.3379864705e+00	1	1.2242907286e+00	1	0
17	506_566	5.0600000000e+02	5.6600000000e+02	14	0	1	1	3.4458007812e+00	5.6140136719e+00	5.0984704590e+02	5.6986547852e+02	3.8470458984e+00	3.8654785156e+00	3.8654785156e+00	7.7125244141e+00	3.8562622070e+00	4.8448476940e-02	5.4710883647e-02	5.4710883647e-02	3.4130850511e+01	3.3302304876e+01	3.4130850511e+01	8.3750661835e-01	5.1371214911e-01	5.1371214911e-01	6.2624067068e-03	1.0730430369e+00	1.5388142353e+00	0	1.5394692439e+00	1	0
17	506_566	5.0600000000e+02	5.6600000000e+02	15	0	1	1	2.4301757812e+00	4.1786804199e+00	5.0984704590e+02	5.5685449219e+02	3.8470458984e+00	-9.1455078125e+00	9.1455078125e+00	1.2992553711e+01	6.4962768555e+00	1.7744649202e-02	1.2330971658e-02	1.7744649202e-02	2.4079227239e+01	1.0135433878e+02	1.0135433878e+02	3.2163734362e-01	8.7423209101e-01	3.2163734362e-01	5.4136775434e-03	7.5702910231e-01	4.6833244700e+00	0	1.0523784200e+01	0	0
17	506_566	5.0600000000e+02	5.6600000000e+02	16	0	1	1	1.7485046387e+00	2.2563171387e+00	5.0984704590e+02	5.5685449219e+02	3.8470458984e+00	-9.1455078125e+00	9.1455078125e+00	1.2992553711e+01	6.4962768555e+00	2.6360357180e-02	2.1517792717e-02	2.6360357180e-02	2.3405541653e+01	9.7941686693e+01	9.7941686693e+01	3.9871287905e-01	8.6120309494e-01	3.9871287905e-01	4.8425644636e-03	7.3584903747e-01	4.5256345552e+00	0	1.0073241586e+01	0	0
17	506_566	5.0600000000e+02	5.6600000000e+02	17	0	1	1	4.2852172852e+00	8.1322631836e+00	5.1152587891e+02	5.7238372803e+02	5.5258789062e+00	6.3837280273e+00	6.3837280273e+00	1.1909606934e+01	5.9548034668e+00	2.8720524907e-01	3.3485981822e-01	3.3485981822e-01	1.9916494065e+01	2.8537314401e+01	2.8537314401e+01	6.1562815309e-01	4.4974127412e-01	4.4974127412e-01	4.7654569149e-02	6.2615654041e-01	1.3186362266e+00	1	1.6742990911e+00	0	0
17	506_566	5.0600000000e+02	5.6600000000e+02	18	0	1	1	4.2852172852e+00	8.1322631836e+00	5.0984704590e+02	5.5811364746e+02	3.8470458984e+00	-7.8863525391e+00	7.8863525391e+00	1.1733398438e+01	5.8666992188e+00	1.4524602890e-01	2.0412193239e-01	2.0412193239e-01	2.3248084680e+01	2.6531685663e+01	2.6531685663e+01	7.5078153610e-01	5.3118748963e-01	5.3118748963e-01	5.8875903487e-02	7.3089873281e-01	1.2259612581e+00	1	1.0206096619e+00	0	0
17	506_566	5.0600000000e+02	5.6600000000e+02	19	0	1	1	5.1246337891e+00	7.2928466797e+00	5.1026675415e+02	5.7364288330e+02	4.2667541504e+00	7.6428833008e+00	7.6428833008e+00	1.1909637451e+01	5.9548187256e+00	2.8874164820e-01	2.3546314240e-01	2.8874164820e-01	1.7403572369e+01	2.4124969459e+01	2.4124969459e+01	5.1980155706e-01	6.6539400816e-01	5.1980155706e-01	5.3278505802e-02	5.4715255754e-01	1.1147530650e+00	1	1.4437082410e+00	0	0
18	496_576	4.9600000000e+02	5.7600000000e+02	0	0	1	1	2.1019287109e+00	3.1999511719e+00	4.9431777954e+02	5.7406256104e+02	-1.6822204590e+00	-1.9374389648e+00	1.9374389648e+00	3.6196594238e+00	1.8098297119e+00	3.3139761537e-02	1.7365075648e-02	3.3139761537e-02	3.1905248211e+01	4.6036384671e+01	4.6036384671e+01	7.1806395426e-01	8.8185640424e-01	7.1806395426e-01	1.5774685889e-02	1.0459216090e+00	1.8835319349e+00	0	2.5243769568e+00	1	0
18	496_576	4.9600000000e+02	5.7600000000e+02	1	0	1	1	1.6822204590e+00	2.3605041504e+00	4.9515719604e+02	5.7154431152e+02	-8.4280395508e-01	-4.4556884766e+00	4.4556884766e+00	5.2984924316e+00	2.6492462158e+00	5.3832907230e-02	2.6345105842e-02	5.3832907230e-02	3.2190307744e+01	4.4627517863e+01	4.4627517863e+01	6.7886237428e-01	8.6901506595e-01	6.7886237428e-01	2.7487801388e-02	1.0552664642e+00	1.8258895799e+00	0	2.3596845141e+00	1	0
18	496_576	4.9600000000e+02	5.7600000000e+02	2	0	1	1	1.2625122070e+00	2.3605346680e+00	4.9389807129e+02	5.7364288330e+02	-2.1019287109e+00	-2.3571166992e+00	2.3571166992e+00	4.4590454102e+00	2.2295227051e+00	3.7577953935e-01	3.3151984215e-01	3.7577953935e-01	1.7127235990e+01	2.1184386978e+01	2.1184386978e+01	4.7327157855e-01	5.7110548019e-01	4.7327157855e-01	4.4259697199e-02	5.6146706981e-01	8.6673768323e-01	0	1.8788976967e+00	1	0
18	496_576	4.9600000000e+02	5.7600000000e+02	3	0	1	1	2.1019287109e+00	2.3605346680e+00	4.9515719604e+02	5.7406256104e+02	-8.4280395508e-01	-1.9374389648e+00	1.9374389648e+00	2.7802429199e+00	1.3901214600e+00	5.1646196842e-01	4.6635416150e-01	5.1646196842e-01	1.5046047758e+01	1.9612928509e+01	1.9612928509e+01	3.3647251129e-01	4.4099083543e-01	3.3647251129e-01	5.0107806921e-02	4.9324131179e-01	8.0244305556e-01	0	2.5823098421e+00	1	0
18	496_576	4.9600000000e+02	5.7600000000e+02	4	0	1	1	2.1019287109e+00	2.7802124023e+00	4.9515719604e+02	5.7322314453e+02	-8.4280395508e-01	-2.7768554688e+00	2.7768554688e+00	3.6196594238e+00	1.8098297119e+00	5.3521788120e-01	4.9877366424e-01	5.3521788120e-01	1.4785638358e+01	2.0271278278e+01	2.0271278278e+01	3.1969910860e-01	4.0971568227e-01	3.1969910860e-01	3.6444216967e-02	4.8470454013e-01	8.2937876789e-01	0	2.6760894060e+00	1	0
18	496_576	4.9600000000e+02	5.7600000000e+02	5	0	1	1	2.1019287109e+00	2.7802124023e+00	4.9431777954e+02	5.7490197754e+02	-1.6822204590e+00	-1.0980224609e+00	1.6822204590e+00	2.7802429199e+00	1.3901214600e+00	2.7579450980e-02	1.4358940534e-02	2.7579450980e-02	3.3144014767e+01	4.9082179078e+01	4.9082179078e+01	7.0665035211e-01	8.8405167777e-01	7.0665035211e-01	1.3220510446e-02	1.0865310003e+00	2.0081475204e+00	0	2.8804214869e+00	1	0
18	496_576	4.9600000000e+02	5.7600000000e+02	6	0	1	1	1.6822204590e+00	2.3605041504e+00	4.9389807129e+02	5.7322314453e+02	-2.1019287109e+00	-2.7768554688e+00	2.7768554688e+00	4.8787841797e+00	2.4393920898e+00	1.2355256081e-01	7.4783109128e-02	1.2355256081e-01	2.3367298084e+01	2.9509202253e+01	2.9509202253e+01	6.9336932898e-01	8.2350663096e-01	6.9336932898e-01	4.8769451678e-02	7.6602952119e-01	1.2073390474e+00	1	7.2111640810e-01	1	0
18	496_576	4.9600000000e+02	5.7600000000e+02	7	0	1	1	1.6822204590e+00	2.3605041504e+00	4.9389807129e+02	5.7364288330e+02	-2.1019287109e+00	-2.3571166992e+00	2.3571166992e+00	4.4590454102e+00	2.2295227051e+00	3.6567854881e-01	3.1565412879e-01	3.6567854881e-01	1.7259477848e+01	2.1185542681e+01	2.1185542681e+01	4.8343855143e-01	5.8640965819e-01	4.8343855143e-01	5.0024420023e-02	5.6580223798e-01	8.6678496763e-01	0	1.8283927441e+00	1	0
18	496_576	4.9600000000e+02	5.7600000000e+02	8	0	1	1	1.2625122070e+00	1.5211181641e+00	4.9515719604e+02	5.7322314453e+02	-8.4280395508e-01	-2.7768554688e+00	2.7768554688e+00	3.6196594238e+00	1.8098297119e+00	1.6510862112e-01	1.0483521968e-01	1.6510862112e-01	2.2383260697e+01	2.7459770018e+01	2.7459770018e+01	6.6236263514e-01	7.8952633590e-01	6.6236263514e-01	6.0273401439e-02	7.3377069152e-01	1.1234886085e+00	1	8.2554310560e-01	1	0
18	496_576	4.9600000000e+02	5.7600000000e+02	9	0	1	1	1.6822204590e+00	1.9408264160e+00	4.9473748779e+02	5.7406256104e+02	-1.2625122070e+00	-1.9374389648e+00	1.9374389648e+00	3.1999511719e+00	1.5999755859e+00	4.5410612226e-01	4.0143150091e-01	4.5410612226e-01	1.5615166314e+01	1.9931167544e+01	1.9931167544e+01	3.9427265525e-01	5.0545859337e-01	3.9427265525e-01	5.2674621344e-02	5.1189822340e-01	8.1546348257e-01	0	2.2705306113e+00	1	0
18	496_576	4.9600000000e+02	5.7600000000e+02	10	0	1	1	1.6822204590e+00	1.9408264160e+00	4.9347836304e+02	5.7406256104e+02	-2.5216369629e+00	-1.9374389648e+00	2.5216369629e+00	4.4590759277e+00	2.2295379639e+00	3.0538821220e-01	2.8368341923e-01	3.0538821220e-01	1.7330241410e+01	2.2663768865e+01	2.2663768865e+01	5.2924162149e-01	6.1509144306e-01	5.2924162149e-01	2.1704792976e-02	5.6812201743e-01	9.2726509102e-01	1	1.5269410610e+00	1	0
18	496_576	4.9600000000e+02	5.7600000000e+02	11	0	1	1	2.1019287109e+00	2.7802124023e+00	4.9431777954e+02	5.7490197754e+02	-1.6822204590e+00	-1.0980224609e+00	1.6822204590e+00	2.7802429199e+00	1.3901214600e+00	2.8300100937e-02	1.4641328715e-02	2.8300100937e-02	3.3022786632e+01	4.8752896279e+01	4.8752896279e+01	7.0860612951e-01	8.8384296093e-01	7.0860612951e-01	1.3658772223e-02	1.0825568853e+00	1.9946752490e+00	0	2.8419292829e+00	1	0
18	496_576	4.9600000000e+02	5.7600000000e+02	12	0	1	1	1.2625122070e+00	1.5211181641e+00	4.9515719604e+02	5.7364288330e+02	-8.4280395508e-01	-2.3571166992e+00	2.3571166992e+00	3.1999206543e+00	1.5999603271e+00	3.0727115273e-01	2.5361019373e-01	3.0727115273e-01	1.8482681712e+01	2.2591275291e+01	2.2591275291e+01	5.3762575984e-01	6.4580905437e-01	5.3762575984e-01	5.3660959005e-02	6.0590145130e-01	9.2429909002e-01	1	1.5363557637e+00	1	0
18	496_576	4.9600000000e+02	5.7600000000e+02	13	0	1	1	1.2625122070e+00	1.5211181641e+00	4.9515719604e+02	5.7322314453e+02	-8.4280395508e-01	-2.7768554688e+00	2.7768554688e+00	3.6196594238e+00	1.8098297119e+00	2.0492716134e-01	1.3871440291e-01	2.0492716134e-01	2.1180059438e+01	2.5671786039e+01	2.5671786039e+01	6.3182042539e-01	7.5299850106e-01	6.3182042539e-01	6.6212758422e-02	6.9432720597e-01	1.0503350594e+00	1	1.0246358067e+00	1	0
18	496_576	4.9600000000e+02	5.7600000000e+02	14	0	1	1	2.1019287109e+00	3.1999511719e+00	4.9347836304e+02	5.7406256104e+02	-2.5216369629e+00	-1.9374389648e+00	2.5216369629e+00	4.4590759277e+00	2.2295379639e+00	3.7289414555e-02	1.9677931443e-02	3.7289414555e-02	3.0854779184e+01	4.3765878213e+01	4.3765878213e+01	7.2175803408e-01	8.8005388342e-01	7.2175803408e-01	1.7611483112e-02	1.0114850095e+00	1.7906364686e+00	0	2.2589613387e+00	1	0
18	496_576	4.9600000000e+02	5.7600000000e+02	15	0	1	1	1.6822204590e+00	2.3605041504e+00	4.9431777954e+02	5.7574139404e+02	-1.6822204590e+00	-2.5860595703e-01	1.6822204590e+00	1.9408264160e+00	9.7041320801e-01	2.1580085158e-02	1.1402294971e-02	2.1580085158e-02	3.4578880497e+01	5.3437057770e+01	5.3437057770e+01	6.7967297137e-01	8.8604409900e-01	6.7967297137e-01	1.0177790187e-02	1.1335689379e+00	2.1863229603e+00	0	3.3894941723e+00	1	0
18	496_576	4.9600000000e+02	5.7600000000e+02	16	0	1	1	2.1019287109e+00	2.7802124023e+00	4.9431777954e+02	5.7490197754e+02	-1.6822204590e+00	-1.0980224609e+00	1.6822204590e+00	2.7802429199e+00	1.3901214600e+00	2.7820529416e-02	1.4459725469e-02	2.7820529416e-02	3.3101513575e+01	4.8967163564e+01	4.8967163564e+01	7.0732664876e-01	8.8397086039e-01	7.0732664876e-01	1.3360803947e-02	1.0851377212e+00	2.0034417775e+00	0	2.8669765070e+00	1	0
18	496_576	4.9600000000e+02	5.7600000000e+02	17	0	1	1	1.6822204590e+00	1.9408264160e+00	4.9347836304e+02	5.7406256104e+02	-2.5216369629e+00	-1.9374389648e+00	2.5216369629e+00	4.4590759277e+00	2.2295379639e+00	2.9494193196e-01	2.7504464984e-01	2.9494193196e-01	1.7835704920e+01	2.2977987748e+01	2.2977987748e+01	5.3850331903e-01	6.2480780482e-01	5.3850331903e-01	1.9897282124e-02	5.8469218180e-01	9.4012103756e-01	1	1.4747096598e+00	1	0
18	496_576	4.9600000000e+02	5.7600000000e+02	18	0	1	1	2.1019287109e+00	3.1999511719e+00	4.9389807129e+02	5.7322314453e+02	-2.1019287109e+00	-2.7768554688e+00	2.7768554688e+00	4.8787841797e+00	2.4393920898e+00	1.4476387203e-01	9.4859160483e-02	1.4476387203e-01	2.2392774755e+01	2.8060171311e+01	2.8060171311e+01	6.7866618931e-01	8.0223008245e-01	6.7866618931e-01	4.9904711545e-02	7.3408258250e-01	1.1480534177e+00	1	7.5976405000e-01	1	0
18	496_576	4.9600000000e+02	5.7600000000e+02	19	0	1	1	1.6822204590e+00	1.9408264160e+00	4.9515719604e+02	5.7364288330e+02	-8.4280395508e-01	-2.3571166992e+00	2.3571166992e+00	3.1999206543e+00	1.5999603271e+00	2.9239368439e-01	2.4749504030e-01	2.9239368439e-01	1.8587164464e+01	2.2887806086e+01	2.2887806086e+01	5.4984599352e-01	6.5156359971e-01	5.4984599352e-01	4.4898644090e-02	6.0932661719e-01	9.3643134644e-01	1	1.4619684219e+00	1	1
19	486_586	4.8600000000e+02	5.8600000000e+02	0	0	1	1	6.3720397949e+00	7.8653259277e+00	4.7962796021e+02	5.8917211914e+02	-6.3720397949e+00	3.1721191406e+00	6.3720397949e+00	9.5441589355e+00	4.7720794678e+00	1.2437178195e-01	1.3521790504e-02	1.2437178195e-01	3.8658013810e+01	4.4693617989e+01	4.4693617989e+01	6.7730049789e-01	8.9844858646e-01	6.7730049789e-01	1.1084999144e-01	1.2899572398e+00	1.7119771732e+00	0	2.0342204950e+00	1	0
19	486_586	4.8600000000e+02	5.8600000000e+02	1	0	1	1	7.2114562988e+00	1.0383575439e+01	4.9179953003e+02	5.9001153564e+02	5.7995300293e+00	4.0115356445e+00	5.7995300293e+00	9.8110656738e+00	4.9055328369e+00	1.3380748034e-01	1.5060175210e-02	1.3380748034e-01	3.8206127729e+01	4.3412464500e+01	4.3412464500e+01	6.7070811987e-01	8.9697594568e-01	6.7070811987e-01	1.1874730512e-01	1.2748785106e+00	1.6629029289e+00	0	1.8940083684e+00	1	0
19	486_586	4.8600000000e+02	5.8600000000e+02	2	0	1	1	3.8537902832e+00	7.4456481934e+00	4.9179953003e+02	5.8959185791e+02	5.7995300293e+00	3.5918579102e+00	5.7995300293e+00	9.3913879395e+00	4.6956939697e+00	5.1097130775e-01	2.9772347212e-01	5.1097130775e-01	2.5067532264e+01	1.9209983656e+01	2.5067532264e+01	3.1392514706e-01	6.0841774940e-01	3.1392514706e-01	2.1324783564e-01	8.3646420340e-01	7.3583332469e-01	0	2.5548565388e+00	1	1
19	486_586	4.8600000000e+02	5.8600000000e+02	3	0	1	1	5.1129150391e+00	8.7047729492e+00	4.7920825195e+02	5.8875244141e+02	-6.7917480469e+00	2.7524414062e+00	6.7917480469e+00	9.5441894531e+00	4.7720947266e+00	5.1566594839e-01	4.0965709090e-01	5.1566594839e-01	1.4019098921e+01	1.8930760111e+01	1.8930760111e+01	3.1565469503e-01	5.0355777144e-01	3.1565469503e-01	1.0600885749e-01	4.6779532538e-01	7.2513774092e-01	0	2.5783297420e+00	1	0
19	486_586	4.8600000000e+02	5.8600000000e+02	4	0	1	1	5.1129150391e+00	8.7047729492e+00	4.7794912720e+02	5.8791302490e+02	-8.0508728027e+00	1.9130249023e+00	8.0508728027e+00	9.9638977051e+00	4.9819488525e+00	5.1763367653e-01	4.8566484451e-01	5.1763367653e-01	1.3454506632e+01	2.5161047697e+01	2.5161047697e+01	3.1644570827e-01	4.2820829153e-01	3.1644570827e-01	3.1968832016e-02	4.4895576692e-01	9.6378725307e-01	0	2.5881683826e+00	1	0
19	486_586	4.8600000000e+02	5.8600000000e+02	5	0	1	1	5.5326232910e+00	6.6061706543e+00	4.9347836304e+02	5.8707354736e+02	7.4783630371e+00	1.0735473633e+00	7.4783630371e+00	8.5519104004e+00	4.2759552002e+00	5.3945433348e-02	3.2899964601e-02	5.3945433348e-02	3.6334064101e+01	5.0219488370e+01	5.0219488370e+01	7.2550557926e-01	8.7173248455e-01	7.2550557926e-01	2.1045468748e-02	1.2124106858e+00	1.9236441713e+00	0	2.6389833467e+00	1	0
19	486_586	4.8600000000e+02	5.8600000000e+02	6	0	1	1	5.1129150391e+00	8.7047729492e+00	4.7878854370e+02	5.9001153564e+02	-7.2114562988e+00	4.0115356445e+00	7.2114562988e+00	1.1222991943e+01	5.6114959717e+00	2.1319635212e-01	6.0395184904e-02	2.1319635212e-01	2.9776051897e+01	2.8707758027e+01	2.9776051897e+01	6.1957590282e-01	8.5429626331e-01	6.1957590282e-01	1.5280116722e-01	9.9358011265e-01	1.0996430508e+00	0	1.5280116722e+00	1	0
19	486_586	4.8600000000e+02	5.8600000000e+02	7	0	1	1	5.1129150391e+00	8.7047729492e+00	4.9305865479e+02	5.8959185791e+02	7.0586547852e+00	3.5918579102e+00	7.0586547852e+00	1.0650512695e+01	5.3252563477e+00	3.9907839894e-01	2.8685924411e-01	3.9907839894e-01	1.7329702927e+01	1.9533272510e+01	1.9533272510e+01	4.2302110791e-01	6.1496338248e-01	4.2302110791e-01	1.1221915483e-01	5.7826498442e-01	7.4821681841e-01	0	1.9953919947e+00	1	0
19	486_586	4.8600000000e+02	5.8600000000e+02	8	0	1	1	6.3720397949e+00	1.0383575439e+01	4.7710971069e+02	5.9001153564e+02	-8.8902893066e+00	4.0115356445e+00	8.8902893066e+00	1.2901824951e+01	6.4509124756e+00	1.8059363961e-01	9.2445015907e-02	1.8059363961e-01	2.1114992504e+01	2.6202121259e+01	2.6202121259e+01	6.5528741479e-01	8.2520705462e-01	6.5528741479e-01	8.8148623705e-02	7.0457415589e-01	1.0036652995e+00	1	9.0296819806e-01	1	0
19	486_586	4.8600000000e+02	5.8600000000e+02	9	0	1	1	5.1129150391e+00	8.2850341797e+00	4.7920825195e+02	5.8959185791e+02	-6.7917480469e+00	3.5918579102e+00	6.7917480469e+00	1.0383605957e+01	5.1918029785e+00	5.3383594751e-01	4.0012219548e-01	5.3383594751e-01	1.4801750580e+01	1.8605299457e+01	1.8605299457e+01	2.9465854168e-01	5.1223298907e-01	2.9465854168e-01	1.3371375203e-01	4.9391118270e-01	7.1267105698e-01	0	2.6691797376e+00	1	0
19	486_586	4.8600000000e+02	5.8600000000e+02	10	0	1	1	5.1129150391e+00	9.1244506836e+00	4.7878854370e+02	5.8917211914e+02	-7.2114562988e+00	3.1721191406e+00	7.2114562988e+00	1.0383575439e+01	5.1917877197e+00	3.7507224083e-01	2.5666424632e-01	3.7507224083e-01	2.3795937812e+01	2.3656390272e+01	2.3795937812e+01	4.5985722542e-01	6.5692731738e-01	4.5985722542e-01	1.1840799451e-01	7.9403309256e-01	9.0615174981e-01	0	1.8753612041e+00	1	0
19	486_586	4.8600000000e+02	5.8600000000e+02	11	0	1	1	5.5326232910e+00	7.0259094238e+00	4.9347836304e+02	5.9001153564e+02	7.4783630371e+00	4.0115356445e+00	7.4783630371e+00	1.1489898682e+01	5.7449493408e+00	4.2371872813e-02	1.3555592857e-02	4.2371872813e-02	3.5602018973e+01	4.8817439014e+01	4.8817439014e+01	7.3987716064e-01	8.9177983347e-01	7.3987716064e-01	2.8816279955e-02	1.1879834890e+00	1.8699390430e+00	0	2.4855401227e+00	1	0
19	486_586	4.8600000000e+02	5.8600000000e+02	12	0	1	1	5.1129150391e+00	8.7047729492e+00	4.7878854370e+02	5.8959185791e+02	-7.2114562988e+00	3.5918579102e+00	7.2114562988e+00	1.0803314209e+01	5.4016571045e+00	3.9038479328e-01	2.7575016022e-01	3.9038479328e-01	2.2184457245e+01	2.2212256678e+01	2.2212256678e+01	4.4049698114e-01	6.3680624962e-01	4.4049698114e-01	1.1463463306e-01	7.4026051556e-01	8.5083459585e-01	0	1.9519239664e+00	1	0
19	486_586	4.8600000000e+02	5.8600000000e+02	13	0	1	1	6.3720397949e+00	1.0383575439e+01	4.7794912720e+02	5.8959185791e+02	-8.0508728027e+00	3.5918579102e+00	8.0508728027e+00	1.1642730713e+01	5.8213653564e+00	2.2734330595e-01	1.2565416098e-01	2.2734330595e-01	1.9910708910e+01	2.3902534021e+01	2.3902534021e+01	6.1143179238e-01	7.9227310419e-01	6.1143179238e-01	1.0168914497e-01	6.6438910269e-01	9.1558022078e-01	0	1.1367165297e+00	1	0
19	486_586	4.8600000000e+02	5.8600000000e+02	14	0	1	1	6.3720397949e+00	1.0383575439e+01	4.7962796021e+02	5.8917211914e+02	-6.3720397949e+00	3.1721191406e+00	6.3720397949e+00	9.5441589355e+00	4.7720794678e+00	1.5409635007e-01	2.0038239658e-02	1.5409635007e-01	3.6884092972e+01	3.9661236206e+01	3.9661236206e+01	6.5908725560e-01	8.9281237870e-01	6.5908725560e-01	1.3405811042e-01	1.2307642859e+00	1.5192131249e+00	0	1.4834660711e+00	1	0
19	486_586	4.8600000000e+02	5.8600000000e+02	15	0	1	1	5.5326232910e+00	6.6061706543e+00	4.9431777954e+02	5.8497503662e+02	8.3177795410e+00	-1.0249633789e+00	8.3177795410e+00	9.3427429199e+00	4.6713714600e+00	3.9033889771e-02	2.2077290341e-02	3.9033889771e-02	4.0632265724e+01	5.9534345474e+01	5.9534345474e+01	6.9744181633e-01	8.8101551123e-01	6.9744181633e-01	1.6956599429e-02	1.3558349272e+00	2.2804473001e+00	0	3.6584208575e+00	1	0
19	486_586	4.8600000000e+02	5.8600000000e+02	16	0	1	1	5.5326232910e+00	7.0259094238e+00	4.9347836304e+02	5.8917211914e+02	7.4783630371e+00	3.1721191406e+00	7.4783630371e+00	1.0650482178e+01	5.3252410889e+00	4.5115053654e-02	1.6092188656e-02	4.5115053654e-02	3.5949452252e+01	4.9323840817e+01	4.9323840817e+01	7.3659604788e-01	8.8916604966e-01	7.3659604788e-01	2.9022864997e-02	1.1995767922e+00	1.8893366296e+00	0	2.5409617988e+00	1	0
19	486_586	4.8600000000e+02	5.8600000000e+02	17	0	1	1	5.1129150391e+00	9.1244506836e+00	4.7878854370e+02	5.8917211914e+02	-7.2114562988e+00	3.1721191406e+00	7.2114562988e+00	1.0383575439e+01	5.1917877197e+00	3.8720548153e-01	2.1884319186e-01	3.8720548153e-01	2.5603104020e+01	2.2066195069e+01	2.5603104020e+01	4.4760113955e-01	6.9479355216e-01	4.4760113955e-01	1.6836228967e-01	8.5433539223e-01	8.4523974468e-01	0	1.9360274076e+00	1	0
19	486_586	4.8600000000e+02	5.8600000000e+02	18	0	1	1	6.3720397949e+00	9.9638977051e+00	4.7836883545e+02	5.8917211914e+02	-7.6311645508e+00	3.1721191406e+00	7.6311645508e+00	1.0803283691e+01	5.4016418457e+00	1.9189219177e-01	1.1229604483e-01	1.9189219177e-01	2.4984149553e+01	3.0222238021e+01	3.0222238021e+01	6.5044899285e-01	8.0244499445e-01	6.5044899285e-01	7.9596146941e-02	8.3368185322e-01	1.1576548050e+00	1	9.5946095884e-01	1	0
19	486_586	4.8600000000e+02	5.8600000000e+02	19	0	1	1	5.1129150391e+00	8.7047729492e+00	4.7962796021e+02	5.8917211914e+02	-6.3720397949e+00	3.1721191406e+00	6.3720397949e+00	9.5441589355e+00	4.7720794678e+00	4.1544699669e-01	2.6522752643e-01	4.1544699669e-01	2.5542236112e+01	2.2924901076e+01	2.5542236112e+01	4.1551524401e-01	6.4631679654e-01	4.1551524401e-01	1.5021947026e-01	8.5230432567e-01	8.7813225034e-01	0	2.0772349834e+00	1	0
20	476_596	4.7600000000e+02	5.9600000000e+02	0	0	1	1	3.0504760742e+00	3.7404785156e+00	4.7752941895e+02	5.9043127441e+02	1.5294189453e+00	-5.5687255859e+00	5.5687255859e+00	7.0981445312e+00	3.5490722656e+00	3.2916888595e-02	1.1860786006e-02	3.2916888595e-02	3.2833308892e+01	4.6402176809e+01	4.6402176809e+01	7.8787578642e-01	9.0845525451e-01	7.8787578642e-01	2.1056102589e-02	1.2095123867e+00	1.5659306427e+00	0	1.6169446934e+00	0	0
20	476_596	4.7600000000e+02	5.9600000000e+02	1	0	1	1	3.0504760742e+00	3.7404785156e+00	4.7710971069e+02	5.9085095215e+02	1.1097106934e+00	-5.1490478516e+00	5.1490478516e+00	6.2587585449e+00	3.1293792725e+00	3.3488042653e-02	1.2171270326e-02	3.3488042653e-02	3.2527546162e+01	4.6691708996e+01	4.6691708996e+01	7.8667097539e-01	9.0505444817e-01	7.8667097539e-01	2.1316772327e-02	1.1982487090e+00	1.5757014628e+00	0	1.6448613224e+00	1	0
20	476_596	4.7600000000e+02	5.9600000000e+02	2	0	1	1	1.7913818359e+00	2.9010925293e+00	4.7794912720e+02	5.9001153564e+02	1.9491271973e+00	-5.9884643555e+00	5.9884643555e+00	7.9375915527e+00	3.9687957764e+00	4.3450021744e-01	4.1406705976e-01	4.3450021744e-01	1.3594487553e+01	2.4064143272e+01	2.4064143272e+01	3.8419818878e-01	5.0600138307e-01	3.8419818878e-01	2.0433157682e-02	5.0079329928e-01	8.1209076665e-01	0	2.1725010872e+00	0	0
20	476_596	4.7600000000e+02	5.9600000000e+02	3	0	1	1	3.4702148438e+00	4.1602172852e+00	4.7794912720e+02	5.9043127441e+02	1.9491271973e+00	-5.5687255859e+00	5.5687255859e+00	7.5178527832e+00	3.7589263916e+00	4.7331911325e-01	4.4096222520e-01	4.7331911325e-01	1.3272848556e+01	2.2218273755e+01	2.2218273755e+01	3.4994083643e-01	4.7628518939e-01	3.4994083643e-01	3.2356888056e-02	4.8894477215e-01	7.4979835200e-01	0	2.3665955663e+00	0	0
20	476_596	4.7600000000e+02	5.9600000000e+02	4	0	1	1	1.7913818359e+00	2.4813842773e+00	4.7794912720e+02	5.9001153564e+02	1.9491271973e+00	-5.9884643555e+00	5.9884643555e+00	7.9375915527e+00	3.9687957764e+00	4.9621981382e-01	4.5197680593e-01	4.9621981382e-01	1.3008719064e+01	2.0988849223e+01	2.0988849223e+01	3.2956600189e-01	4.6437308192e-01	3.2956600189e-01	4.4243007898e-02	4.7921477834e-01	7.0830905816e-01	0	2.4810990691e+00	0	0
20	476_596	4.7600000000e+02	5.9600000000e+02	5	0	1	1	1.3716430664e+00	2.0616455078e+00	4.7752941895e+02	5.9043127441e+02	1.5294189453e+00	-5.5687255859e+00	5.5687255859e+00	7.0981445312e+00	3.5490722656e+00	2.7983332053e-02	9.9727082998e-03	2.7983332053e-02	3.4014425774e+01	4.8510708906e+01	4.8510708906e+01	7.8944823705e-01	9.0904216282e-01	7.8944823705e-01	1.8010623753e-02	1.2530223327e+00	1.6370871110e+00	0	1.8202488885e+00	0	0
20	476_596	4.7600000000e+02	5.9600000000e+02	6	0	1	1	3.0504760742e+00	3.3207702637e+00	4.7710971069e+02	5.9294952393e+02	1.1097106934e+00	-3.0504760742e+00	3.0504760742e+00	4.1601867676e+00	2.0800933838e+00	1.1668913066e-01	1.2487346679e-01	1.2487346679e-01	2.5468017863e+01	3.1563893956e+01	3.1563893956e+01	8.0575449765e-01	6.9820600003e-01	6.9820600003e-01	8.1843361259e-03	9.3819003045e-01	1.0651842682e+00	1	7.1612103015e-01	1	1
20	476_596	4.7600000000e+02	5.9600000000e+02	7	0	1	1	3.4702148438e+00	4.5799255371e+00	4.7794912720e+02	5.9085095215e+02	1.9491271973e+00	-5.1490478516e+00	5.1490478516e+00	7.0981750488e+00	3.5490875244e+00	3.3114731312e-01	2.6635104418e-01	3.3114731312e-01	1.5462638649e+01	2.1742144566e+01	2.1742144566e+01	4.8622930050e-01	6.5107619762e-01	4.8622930050e-01	6.4796268940e-02	5.6961218980e-01	7.3373045737e-01	1	1.6557365656e+00	1	0
20	476_596	4.7600000000e+02	5.9600000000e+02	8	0	1	1	3.0504760742e+00	3.7404785156e+00	4.7710971069e+02	5.9169036865e+02	1.1097106934e+00	-4.3096313477e+00	4.3096313477e+00	5.4193420410e+00	2.7096710205e+00	1.4062808454e-01	9.2975698411e-02	1.4062808454e-01	2.1087684261e+01	3.0315715318e+01	3.0315715318e+01	6.8209715188e-01	8.2735041529e-01	6.8209715188e-01	4.7652386129e-02	7.7682744083e-01	1.0230620811e+00	1	7.3303340825e-01	1	0
20	476_596	4.7600000000e+02	5.9600000000e+02	9	0	1	1	1.7913818359e+00	2.9010925293e+00	4.7794912720e+02	5.9211010742e+02	1.9491271973e+00	-3.8898925781e+00	3.8898925781e+00	5.8390197754e+00	2.9195098877e+00	4.7692510486e-01	5.2000844479e-01	5.2000844479e-01	1.6939868829e+01	2.5076632440e+01	2.5076632440e+01	4.4266441464e-01	2.9770094156e-01	2.9770094156e-01	4.3083339930e-02	6.2403034810e-01	8.4625915965e-01	0	2.6000422239e+00	1	0
20	476_596	4.7600000000e+02	5.9600000000e+02	10	0	1	1	3.0504760742e+00	3.3207702637e+00	4.7627029419e+02	5.9085095215e+02	2.7029418945e-01	-5.1490478516e+00	5.1490478516e+00	5.4193420410e+00	2.7096710205e+00	2.3365731537e-01	1.7909240723e-01	2.3365731537e-01	1.7465874341e+01	2.4640313901e+01	2.4640313901e+01	5.8950971067e-01	7.4084395170e-01	5.8950971067e-01	5.4564908147e-02	6.4340732238e-01	8.3153475195e-01	1	1.1682865769e+00	1	0
20	476_596	4.7600000000e+02	5.9600000000e+02	11	0	1	1	1.3716430664e+00	2.0616455078e+00	4.7710971069e+02	5.9085095215e+02	1.1097106934e+00	-5.1490478516e+00	5.1490478516e+00	6.2587585449e+00	3.1293792725e+00	2.8177134693e-02	9.9744927138e-03	2.8177134693e-02	3.3791136323e+01	4.8495814266e+01	4.8495814266e+01	7.8903777152e-01	9.0853505023e-01	7.8903777152e-01	1.8202641979e-02	1.2447968031e+00	1.6365844627e+00	0	1.8188127506e+00	1	0
20	476_596	4.7600000000e+02	5.9600000000e+02	12	0	1	1	3.0504760742e+00	4.1601867676e+00	4.7710971069e+02	5.9085095215e+02	1.1097106934e+00	-5.1490478516e+00	5.1490478516e+00	6.2587585449e+00	3.1293792725e+00	2.9409453273e-01	2.1702218056e-01	2.9409453273e-01	1.6146789283e+01	2.1805428427e+01	2.1805428427e+01	5.2679744363e-01	7.0166450739e-01	5.2679744363e-01	7.7072352171e-02	5.9481490906e-01	7.3586609291e-01	1	1.4704726636e+00	1	0
20	476_596	4.7600000000e+02	5.9600000000e+02	13	0	1	1	3.0504760742e+00	3.3207702637e+00	4.7710971069e+02	5.9085095215e+02	1.1097106934e+00	-5.1490478516e+00	5.1490478516e+00	6.2587585449e+00	3.1293792725e+00	1.6768351197e-01	1.0039822012e-01	1.6768351197e-01	1.9771187218e+01	2.6485898979e+01	2.6485898979e+01	6.5541860461e-01	8.1963487715e-01	6.5541860461e-01	6.7285291851e-02	7.2833036469e-01	8.9381756768e-01	1	8.3841755986e-01	1	0
20	476_596	4.7600000000e+02	5.9600000000e+02	14	0	1	1	3.0504760742e+00	3.7404785156e+00	4.7752941895e+02	5.9085095215e+02	1.5294189453e+00	-5.1490478516e+00	5.1490478516e+00	6.6784667969e+00	3.3392333984e+00	4.1290521622e-02	1.6163621098e-02	4.1290521622e-02	3.0829996971e+01	4.2904591836e+01	4.2904591836e+01	7.8285020590e-01	9.0429421887e-01	7.8285020590e-01	2.5126900524e-02	1.1357144460e+00	1.4478979153e+00	1	1.2797083295e+00	1	0
20	476_596	4.7600000000e+02	5.9600000000e+02	15	0	1	1	3.0504760742e+00	4.1601867676e+00	4.7710971069e+02	5.9169036865e+02	1.1097106934e+00	-4.3096313477e+00	4.3096313477e+00	5.4193420410e+00	2.7096710205e+00	2.0196238533e-02	7.3056616820e-03	2.0196238533e-02	3.6982714105e+01	5.5482988859e+01	5.5482988859e+01	7.8031214140e-01	9.0412487602e-01	7.8031214140e-01	1.2890576851e-02	1.3623680437e+00	1.8723800989e+00	0	2.4925145682e+00	1	0
20	476_596	4.7600000000e+02	5.9600000000e+02	16	0	1	1	1.3716430664e+00	2.0616455078e+00	4.7752941895e+02	5.9043127441e+02	1.5294189453e+00	-5.5687255859e+00	5.5687255859e+00	7.0981445312e+00	3.5490722656e+00	2.8129227459e-02	1.0001458228e-02	2.8129227459e-02	3.3934988532e+01	4.8446616105e+01	4.8446616105e+01	7.8937643021e-01	9.0895607322e-01	7.8937643021e-01	1.8127769232e-02	1.2500960262e+00	1.6349241762e+00	0	1.8140690748e+00	0	0
20	476_596	4.7600000000e+02	5.9600000000e+02	17	0	1	1	3.0504760742e+00	3.3207702637e+00	4.7627029419e+02	5.9085095215e+02	2.7029418945e-01	-5.1490478516e+00	5.1490478516e+00	5.4193420410e+00	2.7096710205e+00	2.2673933208e-01	1.6360114515e-01	2.2673933208e-01	1.7639639334e+01	2.3947460480e+01	2.3947460480e+01	5.9653104842e-01	7.5616092980e-01	5.9653104842e-01	6.3138186932e-02	6.4980847168e-01	8.0815308157e-01	1	1.1336966604e+00	1	0
20	476_596	4.7600000000e+02	5.9600000000e+02	18	0	1	1	3.0504760742e+00	4.5798950195e+00	4.7710971069e+02	5.9169036865e+02	1.1097106934e+00	-4.3096313477e+00	4.3096313477e+00	5.4193420410e+00	2.7096710205e+00	1.3381068408e-01	9.4314977527e-02	1.3381068408e-01	2.1714979733e+01	3.1198990554e+01	3.1198990554e+01	6.9060643017e-01	8.2600601017e-01	6.9060643017e-01	3.9495706558e-02	7.9993573141e-01	1.0528699016e+00	1	7.2400136772e-01	1	0
20	476_596	4.7600000000e+02	5.9600000000e+02	19	0	1	1	3.0504760742e+00	3.3207702637e+00	4.7710971069e+02	5.9085095215e+02	1.1097106934e+00	-5.1490478516e+00	5.1490478516e+00	6.2587585449e+00	3.1293792725e+00	2.7178928256e-01	1.9778263569e-01	2.7178928256e-01	1.6507331488e+01	2.2366722580e+01	2.2366722580e+01	5.5131468177e-01	7.2154027224e-01	5.5131468177e-01	7.4006646872e-02	6.0809655132e-01	7.5480804291e-01	1	1.3589464128e+00	1	0
21	538_578	5.3800000000e+02	5.7800000000e+02	0	0	1	1	2.6782836914e+00	3.9049682617e+00	5.3964642334e+02	5.7364288330e+02	1.6464233398e+00	-4.3571166992e+00	4.3571166992e+00	6.0035400391e+00	3.0017700195e+00	3.1553853303e-02	1.8482426181e-02	3.1553853303e-02	1.6152256653e+01	7.7981766567e+01	7.7981766567e+01	1.4951391146e-01	8.6867590807e-01	1.4951391146e-01	1.3071427122e-02	2.2512701535e-01	4.6469156505e+00	0	1.0419759001e+01	0	0
21	538_578	5.3800000000e+02	5.7800000000e+02	1	0	1	1	3.5177001953e+00	3.9698486328e+00	5.3964642334e+02	5.7364288330e+02	1.6464233398e+00	-4.3571166992e+00	4.3571166992e+00	6.0035400391e+00	3.0017700195e+00	3.5101190209e-02	2.1930439398e-02	3.5101190209e-02	1.6479711270e+01	7.7508725421e+01	7.7508725421e+01	1.7198996246e-01	8.6403466947e-01	1.7198996246e-01	1.3170750812e-02	2.2969101418e-01	4.6187272367e+00	0	1.0339220676e+01	0	0
21	538_578	5.3800000000e+02	5.7800000000e+02	2	0	1	1	1.2266845703e+00	2.2261352539e+00	5.4174493408e+02	5.8791302490e+02	3.7449340820e+00	9.9130249023e+00	9.9130249023e+00	1.3657958984e+01	6.8289794922e+00	4.0683948994e-01	4.7009724379e-01	4.7009724379e-01	2.1542663733e+01	2.3182377650e+01	2.3182377650e+01	4.5856678486e-01	2.7024382353e-01	2.7024382353e-01	6.3257753849e-02	3.0025746205e-01	1.3814325869e+00	0	2.3504862189e+00	0	0
21	538_578	5.3800000000e+02	5.7800000000e+02	3	0	1	1	9.9945068359e-01	1.0318603516e+00	5.4048583984e+02	5.7700054932e+02	2.4858398438e+00	-9.9945068359e-01	2.4858398438e+00	3.4852905273e+00	1.7426452637e+00	4.8375546932e-01	4.0873172879e-01	4.8375546932e-01	1.4519376406e+01	2.0472925667e+01	2.0472925667e+01	2.5401109457e-01	4.6694371104e-01	2.5401109457e-01	7.5023740530e-02	2.0236824769e-01	1.2199769624e+00	0	2.4187773466e+00	1	0
21	538_578	5.3800000000e+02	5.7800000000e+02	4	0	1	1	1.6464233398e+00	2.6458740234e+00	5.4174493408e+02	5.7700054932e+02	3.7449340820e+00	-9.9945068359e-01	3.7449340820e+00	4.7443847656e+00	2.3721923828e+00	5.0517958403e-01	4.2520481348e-01	5.0517958403e-01	1.4905955201e+01	1.9697839280e+01	1.9697839280e+01	2.4465519190e-01	4.5093905926e-01	2.4465519190e-01	7.9974770546e-02	2.0775630783e-01	1.1737897417e+00	0	2.5258979201e+00	0	0
21	538_578	5.3800000000e+02	5.7800000000e+02	5	0	1	1	2.6782836914e+00	3.0655517578e+00	5.3964642334e+02	5.7490197754e+02	1.6464233398e+00	-3.0980224609e+00	3.0980224609e+00	4.7444458008e+00	2.3722229004e+00	2.5026950985e-02	1.6123307869e-02	2.5026950985e-02	1.6443242990e+01	8.1325906881e+01	8.1325906881e+01	1.2865671143e-01	8.7117265351e-01	1.2865671143e-01	8.9036431164e-03	2.2918272638e-01	4.8461922077e+00	0	1.0989120593e+01	1	0
21	538_578	5.3800000000e+02	5.7800000000e+02	6	0	1	1	2.6782836914e+00	2.7106933594e+00	5.3838726807e+02	5.7238372803e+02	3.8726806641e-01	-5.6162719727e+00	5.6162719727e+00	6.0035400391e+00	3.0017700195e+00	1.4439734817e-01	6.5270632505e-02	1.4439734817e-01	1.4884387907e+01	6.3247809843e+01	6.3247809843e+01	3.2437288761e-01	8.1974050403e-01	3.2437288761e-01	7.9126715660e-02	2.0745570708e-01	3.7689225361e+00	0	7.9112072459e+00	0	0
21	538_578	5.3800000000e+02	5.7800000000e+02	7	0	1	1	1.4191284180e+00	2.6458129883e+00	5.3964642334e+02	5.7406256104e+02	1.6464233398e+00	-3.9374389648e+00	3.9374389648e+00	5.5838623047e+00	2.7919311523e+00	3.6215001345e-01	3.2672840357e-01	3.6215001345e-01	1.4221595941e+01	2.4692703045e+01	2.4692703045e+01	2.9991221428e-01	5.4565620422e-01	2.9991221428e-01	3.5421609879e-02	1.9821784142e-01	1.4714325321e+00	0	2.2908061674e+00	0	0
21	538_578	5.3800000000e+02	5.7800000000e+02	8	0	1	1	2.6782836914e+00	3.4852905273e+00	5.3922668457e+02	5.7322314453e+02	1.2266845703e+00	-4.7768554688e+00	4.7768554688e+00	6.0035400391e+00	3.0017700195e+00	1.5441186726e-01	8.8469818234e-02	1.5441186726e-01	1.4450166897e+01	3.2969907902e+01	3.2969907902e+01	3.4035201371e-01	7.9510538280e-01	3.4035201371e-01	6.5942049026e-02	2.0140361899e-01	1.9646692781e+00	0	2.7561979375e+00	0	0
21	538_578	5.3800000000e+02	5.7800000000e+02	9	0	1	1	9.9945068359e-01	1.0318603516e+00	5.3922668457e+02	5.7700054932e+02	1.2266845703e+00	-9.9945068359e-01	1.2266845703e+00	2.2261352539e+00	1.1130676270e+00	4.6659383178e-01	4.2773985863e-01	4.6659383178e-01	1.4631429279e+01	2.1135451774e+01	2.1135451774e+01	2.6898464561e-01	4.4273710251e-01	2.6898464561e-01	3.8853973150e-02	2.0393001886e-01	1.2594567417e+00	0	2.3329691589e+00	1	1
21	538_578	5.3800000000e+02	5.7800000000e+02	10	0	1	1	2.2586059570e+00	3.0656127930e+00	5.3964642334e+02	5.7364288330e+02	1.6464233398e+00	-4.3571166992e+00	4.3571166992e+00	6.0035400391e+00	3.0017700195e+00	3.1761047244e-01	2.5816231966e-01	3.1761047244e-01	1.3749619394e+01	2.5636808322e+01	2.5636808322e+01	3.0507138371e-01	6.1902654171e-01	3.0507138371e-01	5.9448152781e-02	1.9163952399e-01	1.5276915498e+00	0	2.3096013600e+00	0	0
21	538_578	5.3800000000e+02	5.7800000000e+02	11	0	1	1	2.6782836914e+00	3.4852905273e+00	5.3964642334e+02	5.7364288330e+02	1.6464233398e+00	-4.3571166992e+00	4.3571166992e+00	6.0035400391e+00	3.0017700195e+00	2.6092825457e-02	1.6328666359e-02	2.6092825457e-02	1.6311253357e+01	8.0606396379e+01	8.0606396379e+01	1.3061456569e-01	8.7120857462e-01	1.3061456569e-01	9.7641590983e-03	2.2734308052e-01	4.8033167413e+00	0	1.0866619261e+01	0	0
21	538_578	5.3800000000e+02	5.7800000000e+02	12	0	1	1	1.6464233398e+00	3.0655517578e+00	5.4048583984e+02	5.8791302490e+02	2.4858398438e+00	9.9130249023e+00	9.9130249023e+00	1.2398864746e+01	6.1994323730e+00	3.1974011660e-01	3.6990651488e-01	3.6990651488e-01	2.1568098005e+01	2.3443784898e+01	2.3443784898e+01	5.5028903484e-01	3.2304164767e-01	3.2304164767e-01	5.0166398287e-02	3.0061195999e-01	1.3970097851e+00	0	1.9982515429e+00	0	0
21	538_578	5.3800000000e+02	5.7800000000e+02	13	0	1	1	2.6782836914e+00	3.9049682617e+00	5.3922668457e+02	5.7364288330e+02	1.2266845703e+00	-4.3571166992e+00	4.3571166992e+00	5.5838012695e+00	2.7919006348e+00	1.7621238530e-01	1.1201421916e-01	1.7621238530e-01	1.4297191896e+01	3.1507290693e+01	3.1507290693e+01	3.3772413433e-01	7.7059163153e-01	3.3772413433e-01	6.4198166132e-02	1.9927148315e-01	1.8775122528e+00	0	2.5071778651e+00	0	0
21	538_578	5.3800000000e+02	5.7800000000e+02	14	0	1	1	2.6782836914e+00	3.0655517578e+00	5.3838726807e+02	5.7322314453e+02	3.8726806641e-01	-4.7768554688e+00	4.7768554688e+00	5.1641235352e+00	2.5820617676e+00	4.3092068285e-02	2.5461113080e-02	4.3092068285e-02	1.5812138657e+01	7.4440664609e+01	7.4440664609e+01	1.8668748811e-01	8.6023523845e-01	1.8668748811e-01	1.7630955204e-02	2.2038651680e-01	4.4359021940e+00	0	9.8168634115e+00	0	0
21	538_578	5.3800000000e+02	5.7800000000e+02	15	0	1	1	2.6782836914e+00	3.9049682617e+00	5.3964642334e+02	5.7490197754e+02	1.6464233398e+00	-3.0980224609e+00	3.0980224609e+00	4.7444458008e+00	2.3722229004e+00	1.6542894766e-02	1.0435706936e-02	1.6542894766e-02	1.6829132357e+01	8.7801104986e+01	8.7801104986e+01	8.8520037010e-02	8.7617605273e-01	8.8520037010e-02	6.1071878299e-03	2.3456117741e-01	5.2320477831e+00	0	1.2091565095e+01	1	0
21	538_578	5.3800000000e+02	5.7800000000e+02	16	0	1	1	2.6782836914e+00	3.4852905273e+00	5.3964642334e+02	5.7406256104e+02	1.6464233398e+00	-3.9374389648e+00	3.9374389648e+00	5.5838623047e+00	2.7919311523e+00	2.5550119579e-02	1.6192652285e-02	2.5550119579e-02	1.6356223212e+01	8.0936775999e+01	8.0936775999e+01	1.2911068648e-01	8.7127973884e-01	1.2911068648e-01	9.3574672937e-03	2.2796986162e-01	4.8230039873e+00	0	1.0922868535e+01	0	0
21	538_578	5.3800000000e+02	5.7800000000e+02	17	0	1	1	2.2586059570e+00	3.9050292969e+00	5.4048583984e+02	5.7364288330e+02	2.4858398438e+00	-4.3571166992e+00	4.3571166992e+00	6.8429565430e+00	3.4214782715e+00	3.0709466338e-01	2.4514429271e-01	3.0709466338e-01	1.3703083956e+01	2.5922351803e+01	2.5922351803e+01	3.0306550860e-01	6.3241042197e-01	3.0306550860e-01	6.1950370669e-02	1.9099092210e-01	1.5447070205e+00	0	2.3114545083e+00	0	0
21	538_578	5.3800000000e+02	5.7800000000e+02	18	0	1	1	2.6782836914e+00	3.0655517578e+00	5.3922668457e+02	5.7238372803e+02	1.2266845703e+00	-5.6162719727e+00	5.6162719727e+00	6.8429565430e+00	3.4214782715e+00	1.6946177185e-01	7.9942055047e-02	1.6946177185e-01	1.3985970031e+01	6.0370095789e+01	6.0370095789e+01	3.1236429513e-01	8.0534815043e-01	3.1236429513e-01	8.9519716799e-02	1.9493373325e-01	3.5974402132e+00	0	7.4212577521e+00	0	0
21	538_578	5.3800000000e+02	5.7800000000e+02	19	0	1	1	2.6782836914e+00	4.3247070312e+00	5.4048583984e+02	5.7406256104e+02	2.4858398438e+00	-3.9374389648e+00	3.9374389648e+00	6.4232788086e+00	3.2116394043e+00	3.0624762177e-01	2.8817018867e-01	3.0624762177e-01	1.4165391878e+01	2.7014068144e+01	2.7014068144e+01	3.2497861981e-01	5.8617648482e-01	3.2497861981e-01	1.8077433109e-02	1.9743448010e-01	1.6097621478e+00	0	2.2930443426e+00	0	0
22	528_588	5.2800000000e+02	5.8800000000e+02	0	0	1	1	2.6237182617e+00	3.5501708984e+00	5.2411718750e+02	5.7196405029e+02	-3.8828125000e+00	-1.6035949707e+01	1.6035949707e+01	1.9918762207e+01	9.9593811035e+00	3.6736629903e-02	1.7039230093e-02	3.6736629903e-02	2.0571300343e+01	9.0474483810e+01	9.0474483810e+01	3.6972830445e-01	8.7218422629e-01	3.6972830445e-01	1.9697399810e-02	9.5053079210e-01	2.8281530997e+00	0	5.2232945706e+00	0	0
22	528_588	5.2800000000e+02	5.8800000000e+02	1	0	1	1	4.3025512695e+00	4.6352539062e+00	5.2369744873e+02	5.8959185791e+02	-4.3025512695e+00	1.5918579102e+00	4.3025512695e+00	5.8944091797e+00	2.9472045898e+00	3.6298003048e-02	1.7345720902e-02	3.6298003048e-02	2.6134874909e+01	4.5432280170e+01	4.5432280170e+01	5.8819529787e-01	8.6240149103e-01	5.8819529787e-01	1.8952282146e-02	1.2076049124e+00	1.4201732752e+00	1	1.2004950719e+00	1	0
22	528_588	5.2800000000e+02	5.8800000000e+02	2	0	1	1	3.4631347656e+00	5.4746704102e+00	5.2453686523e+02	5.8917211914e+02	-3.4631347656e+00	1.1721191406e+00	3.4631347656e+00	4.6352539062e+00	2.3176269531e+00	3.7625917792e-01	3.0754801631e-01	3.7625917792e-01	1.7114055719e+01	1.9568421844e+01	1.9568421844e+01	4.2993327975e-01	5.7340046763e-01	4.2993327975e-01	6.8711161613e-02	7.9078311374e-01	6.1169172307e-01	0	1.8812958896e+00	1	0
22	528_588	5.2800000000e+02	5.8800000000e+02	3	0	1	1	2.2039794922e+00	4.2155151367e+00	5.2453686523e+02	5.9043127441e+02	-3.4631347656e+00	2.4312744141e+00	3.4631347656e+00	5.8944091797e+00	2.9472045898e+00	4.1980588436e-01	4.3976128101e-01	4.3976128101e-01	1.8839607977e+01	1.8182566473e+01	1.8839607977e+01	4.5838999748e-01	3.7420755625e-01	3.7420755625e-01	1.9955396652e-02	8.7051509603e-01	5.6837109831e-01	0	2.1988064051e+00	1	0
22	528_588	5.2800000000e+02	5.8800000000e+02	4	0	1	1	2.2039794922e+00	3.3760986328e+00	5.2453686523e+02	5.9085095215e+02	-3.4631347656e+00	2.8509521484e+00	3.4631347656e+00	6.3140869141e+00	3.1570434570e+00	4.3897211552e-01	4.6789687872e-01	4.6789687872e-01	1.8352581406e+01	1.7985445652e+01	1.8352581406e+01	4.4008296728e-01	3.4896689653e-01	3.4896689653e-01	2.8924763203e-02	8.4801123166e-01	5.6220927413e-01	0	2.3394843936e+00	1	0
22	528_588	5.2800000000e+02	5.8800000000e+02	5	0	1	1	2.6237182617e+00	4.6352539062e+00	5.2495660400e+02	5.8875244141e+02	-3.0433959961e+00	7.5244140625e-01	3.0433959961e+00	3.7958374023e+00	1.8979187012e+00	3.6934830248e-02	3.0245285481e-02	3.6934830248e-02	2.4420967013e+01	5.3975093358e+01	5.3975093358e+01	4.7083892673e-01	8.5340734199e-01	4.7083892673e-01	6.6895447671e-03	1.1284109770e+00	1.6872141311e+00	0	1.9634689460e+00	1	0
22	528_588	5.2800000000e+02	5.8800000000e+02	6	0	1	1	4.3025512695e+00	5.8944091797e+00	5.2327777100e+02	5.8917211914e+02	-4.7222290039e+00	1.1721191406e+00	4.7222290039e+00	5.8943481445e+00	2.9471740723e+00	9.1258101165e-02	5.1883570850e-02	9.1258101165e-02	2.1082707848e+01	3.0479744672e+01	3.0479744672e+01	6.3925493509e-01	8.2992536575e-01	6.3925493509e-01	3.9374530315e-02	9.7416121765e-01	9.5277011531e-01	1	7.8216056311e-01	0	0
22	528_588	5.2800000000e+02	5.8800000000e+02	7	0	1	1	2.6237182617e+00	4.6352539062e+00	5.2537628174e+02	5.8959185791e+02	-2.6237182617e+00	1.5918579102e+00	2.6237182617e+00	4.2155761719e+00	2.1077880859e+00	3.0882015824e-01	2.3338730633e-01	3.0882015824e-01	1.6909462664e+01	2.0716828648e+01	2.0716828648e+01	4.8916754127e-01	6.4789007604e-01	4.8916754127e-01	7.5432851911e-02	7.8132955489e-01	6.4758991363e-01	1	1.5441007912e+00	1	0
22	528_588	5.2800000000e+02	5.8800000000e+02	8	0	1	1	3.4631347656e+00	5.0549926758e+00	5.2369744873e+02	5.9001153564e+02	-4.3025512695e+00	2.0115356445e+00	4.3025512695e+00	6.3140869141e+00	3.1570434570e+00	1.0573276132e-01	6.5406963229e-02	1.0573276132e-01	2.0599798402e+01	2.9111067821e+01	2.9111067821e+01	6.3792160898e-01	8.1584413350e-01	6.3792160898e-01	4.0325798094e-02	9.5184759181e-01	9.0998647603e-01	1	7.8379536444e-01	1	0
22	528_588	5.2800000000e+02	5.8800000000e+02	9	0	1	1	2.6237182617e+00	4.6352539062e+00	5.2453686523e+02	5.9085095215e+02	-3.4631347656e+00	2.8509521484e+00	3.4631347656e+00	6.3140869141e+00	3.1570434570e+00	4.2266169190e-01	4.2890718579e-01	4.2890718579e-01	1.8777077272e+01	1.7633765557e+01	1.8777077272e+01	4.5559790730e-01	3.8548883796e-01	3.8548883796e-01	6.2454938889e-03	8.6762576187e-01	5.5121606248e-01	0	2.1445359290e+00	1	0
22	528_588	5.2800000000e+02	5.8800000000e+02	10	0	1	1	2.2039794922e+00	4.2155151367e+00	5.2621569824e+02	5.9001153564e+02	-1.7843017578e+00	2.0115356445e+00	2.0115356445e+00	3.7958374023e+00	1.8979187012e+00	2.6543647051e-01	1.8190298975e-01	2.6543647051e-01	1.7007409522e+01	2.1800149008e+01	2.1800149008e+01	5.2246433496e-01	6.9759573042e-01	5.2246433496e-01	8.3533480763e-02	7.8585535068e-01	6.8145355901e-01	1	1.3271823525e+00	1	1
22	528_588	5.2800000000e+02	5.8800000000e+02	11	0	1	1	3.0433959961e+00	4.2155151367e+00	5.2411718750e+02	5.8917211914e+02	-3.8828125000e+00	1.1721191406e+00	3.8828125000e+00	5.0549316406e+00	2.5274658203e+00	3.8727194071e-02	3.0073063448e-02	3.8727194071e-02	2.4368194299e+01	5.3025375136e+01	5.3025375136e+01	4.7799041867e-01	8.5417996161e-01	4.7799041867e-01	8.6541306227e-03	1.1259725269e+00	1.6575267715e+00	0	1.8786479186e+00	1	0
22	528_588	5.2800000000e+02	5.8800000000e+02	12	0	1	1	2.6237182617e+00	4.6352539062e+00	5.2579602051e+02	5.9001153564e+02	-2.2039794922e+00	2.0115356445e+00	2.2039794922e+00	4.2155151367e+00	2.1077575684e+00	2.5926807523e-01	1.9400587678e-01	2.5926807523e-01	1.7057703433e+01	2.1872268762e+01	2.1872268762e+01	5.2932009101e-01	6.8728837371e-01	5.2932009101e-01	6.5262198448e-02	7.8817926359e-01	6.8370795934e-01	1	1.2963403761e+00	1	0
22	528_588	5.2800000000e+02	5.8800000000e+02	13	0	1	1	2.6237182617e+00	4.6352539062e+00	5.2411718750e+02	5.9001153564e+02	-3.8828125000e+00	2.0115356445e+00	3.8828125000e+00	5.8943481445e+00	2.9471740723e+00	1.3084729016e-01	8.2710221410e-02	1.3084729016e-01	1.9728992225e+01	2.7054838621e+01	2.7054838621e+01	6.2933991849e-01	7.9893963039e-01	6.2933991849e-01	4.8137068748e-02	9.1161055910e-01	8.4571055271e-01	1	7.9448321218e-01	1	0
22	528_588	5.2800000000e+02	5.8800000000e+02	14	0	1	1	3.4631347656e+00	4.6352539062e+00	5.2411718750e+02	5.8917211914e+02	-3.8828125000e+00	1.1721191406e+00	3.8828125000e+00	5.0549316406e+00	2.5274658203e+00	5.6720566005e-02	3.3024709672e-02	5.6720566005e-02	2.4167987678e+01	4.4934970900e+01	4.4934970900e+01	5.2566676214e-01	8.5362787917e-01	5.2566676214e-01	2.3695856333e-02	1.1167216504e+00	1.4046278231e+00	1	1.1560794945e+00	1	0
22	528_588	5.2800000000e+02	5.8800000000e+02	15	0	1	1	2.6237182617e+00	4.6352539062e+00	5.2411718750e+02	5.9085095215e+02	-3.8828125000e+00	2.8509521484e+00	3.8828125000e+00	6.7337646484e+00	3.3668823242e+00	2.5802718475e-02	8.8690165430e-03	2.5802718475e-02	2.8493500146e+01	5.5423839819e+01	5.5423839819e+01	5.2499396913e-01	8.6640558206e-01	5.2499396913e-01	1.6933701932e-02	1.3165890737e+00	1.7325006762e+00	0	2.0928590750e+00	1	0
22	528_588	5.2800000000e+02	5.8800000000e+02	16	0	1	1	2.6237182617e+00	4.6352539062e+00	5.2411718750e+02	5.8875244141e+02	-3.8828125000e+00	7.5244140625e-01	3.8828125000e+00	4.6352539062e+00	2.3176269531e+00	3.7844803184e-02	3.0102564022e-02	3.7844803184e-02	2.4382864104e+01	5.3668281969e+01	5.3668281969e+01	4.7285309806e-01	8.5378299840e-01	4.7285309806e-01	7.7422391623e-03	1.1266503694e+00	1.6776234759e+00	0	1.9360670739e+00	1	0
22	528_588	5.2800000000e+02	5.8800000000e+02	17	0	1	1	2.2039794922e+00	4.2155151367e+00	5.2579602051e+02	5.9001153564e+02	-2.2039794922e+00	2.0115356445e+00	2.2039794922e+00	4.2155151367e+00	2.1077575684e+00	2.5599107146e-01	1.7058117688e-01	2.5599107146e-01	1.7409094267e+01	2.2133193943e+01	2.2133193943e+01	5.3207632899e-01	7.0853029191e-01	5.3207632899e-01	8.5409894586e-02	8.0441585546e-01	6.9186425189e-01	1	1.2799553573e+00	1	0
22	528_588	5.2800000000e+02	5.8800000000e+02	18	0	1	1	3.4631347656e+00	5.4746704102e+00	5.2411718750e+02	5.8917211914e+02	-3.8828125000e+00	1.1721191406e+00	3.8828125000e+00	5.0549316406e+00	2.5274658203e+00	1.1021624506e-01	6.9692708552e-02	1.1021624506e-01	2.0145758271e+01	2.8845613610e+01	2.8845613610e+01	6.3680179417e-01	8.1323751062e-01	6.3680179417e-01	4.0523536503e-02	9.3086792026e-01	9.0168860998e-01	1	7.8517366719e-01	1	0
22	528_588	5.2800000000e+02	5.8800000000e+02	19	0	1	1	2.6237182617e+00	4.6352539062e+00	5.2537628174e+02	5.9001153564e+02	-2.6237182617e+00	2.0115356445e+00	2.6237182617e+00	4.6352539062e+00	2.3176269531e+00	2.4693851173e-01	1.8217088282e-01	2.4693851173e-01	1.7224786742e+01	2.2178761502e+01	2.2178761502e+01	5.3917624056e-01	6.9905225933e-01	5.3917624056e-01	6.4767628908e-02	7.9589962292e-01	6.9328865385e-01	1	1.2346925586e+00	1	0
23	518_598	5.1800000000e+02	5.9800000000e+02	0	0	1	1	4.7952880859e+00	6.9078369141e+00	5.2201861572e+02	5.9043127441e+02	4.0186157227e+00	-7.5687255859e+00	7.5687255859e+00	1.1587341309e+01	5.7936706543e+00	7.6607219875e-02	1.3138997369e-02	7.6607219875e-02	3.1556375769e+01	4.8409165048e+01	4.8409165048e+01	5.5459017307e-01	8.5854370613e-01	5.5459017307e-01	6.3468222506e-02	1.2910664877e+00	1.5773518497e+00	0	1.6495767134e+00	1	0
23	518_598	5.1800000000e+02	5.9800000000e+02	1	0	1	1	3.9558715820e+00	5.2290039062e+00	5.2285803223e+02	5.9085095215e+02	4.8580322266e+00	-7.1490478516e+00	7.1490478516e+00	1.2007080078e+01	6.0035400391e+00	5.0791654736e-02	1.5817975625e-02	5.0791654736e-02	2.9289340948e+01	4.6760698711e+01	4.6760698711e+01	5.8231213316e-01	8.5782363452e-01	5.8231213316e-01	3.4973679110e-02	1.1983152572e+00	1.5236386443e+00	0	1.4961104122e+00	1	0
23	518_598	5.1800000000e+02	5.9800000000e+02	2	0	1	1	5.6347045898e+00	8.5587158203e+00	5.1194558716e+02	6.0596051025e+02	-6.0544128418e+00	7.9605102539e+00	7.9605102539e+00	1.4014923096e+01	7.0074615479e+00	4.2036837339e-01	4.0087211132e-01	4.2036837339e-01	1.5783919238e+01	2.2325358222e+01	2.2325358222e+01	3.9585244656e-01	4.8172795773e-01	3.9585244656e-01	1.9496262074e-02	6.4576773082e-01	7.2744376093e-01	0	2.1018418670e+00	1	0
23	518_598	5.1800000000e+02	5.9800000000e+02	3	0	1	1	4.7952880859e+00	7.7192993164e+00	5.1236529541e+02	6.0344226074e+02	-5.6347045898e+00	5.4422607422e+00	5.6347045898e+00	1.1076965332e+01	5.5384826660e+00	5.0353103876e-01	5.3816717863e-01	5.3816717863e-01	2.0757981621e+01	2.4792097002e+01	2.4792097002e+01	3.7561559677e-01	2.8692650795e-01	2.8692650795e-01	3.4636139870e-02	8.4927162167e-01	8.0781934628e-01	0	2.6908358932e+00	1	0
23	518_598	5.1800000000e+02	5.9800000000e+02	4	0	1	1	4.7952880859e+00	7.7192993164e+00	5.1152587891e+02	5.9378894043e+02	-6.4741210938e+00	-4.2110595703e+00	6.4741210938e+00	1.0685180664e+01	5.3425903320e+00	5.2429997921e-01	5.5040097237e-01	5.5040097237e-01	1.9091310244e+01	2.2010326172e+01	2.2010326172e+01	3.5704880953e-01	2.7616268396e-01	2.7616268396e-01	2.6100993156e-02	7.8108306996e-01	7.1717883722e-01	0	2.7520048618e+00	1	0
23	518_598	5.1800000000e+02	5.9800000000e+02	5	0	1	1	5.6347045898e+00	5.6486816406e+00	5.1362445068e+02	5.9085095215e+02	-4.3755493164e+00	-7.1490478516e+00	7.1490478516e+00	1.1524597168e+01	5.7622985840e+00	6.9618582726e-02	1.0040077381e-02	6.9618582726e-02	3.3296581787e+01	5.2448921789e+01	5.2448921789e+01	5.4344260693e-01	8.6185279209e-01	5.4344260693e-01	5.9578505345e-02	1.3622635633e+00	1.7089822499e+00	0	2.0256635710e+00	1	0
23	518_598	5.1800000000e+02	5.9800000000e+02	6	0	1	1	4.7952880859e+00	7.7192993164e+00	5.1320471191e+02	5.9211010742e+02	-4.7952880859e+00	-5.8898925781e+00	5.8898925781e+00	1.0685180664e+01	5.3425903320e+00	1.8587777019e-01	1.0352288932e-01	1.8587777019e-01	2.5937685273e+01	3.2747768598e+01	3.2747768598e+01	5.8861032128e-01	7.7790535241e-01	5.8861032128e-01	8.2354880869e-02	1.0611889170e+00	1.0670449143e+00	1	9.2938885093e-01	1	1
23	518_598	5.1800000000e+02	5.9800000000e+02	7	0	1	1	5.6347045898e+00	8.5587158203e+00	5.1110617065e+02	6.0470135498e+02	-6.8938293457e+00	6.7013549805e+00	6.8938293457e+00	1.3595184326e+01	6.7975921631e+00	3.3161860704e-01	4.3091771007e-01	4.3091771007e-01	1.8990703517e+01	2.7748113623e+01	2.7748113623e+01	5.5586034060e-01	3.8545867801e-01	3.8545867801e-01	9.9299103022e-02	7.7696694541e-01	9.0413743564e-01	0	2.1545885503e+00	1	0
23	518_598	5.1800000000e+02	5.9800000000e+02	8	0	1	1	4.7952880859e+00	8.5866699219e+00	5.1278503418e+02	5.9211010742e+02	-5.2149658203e+00	-5.8898925781e+00	5.8898925781e+00	1.1104858398e+01	5.5524291992e+00	1.8941558897e-01	1.5073139966e-01	1.8941558897e-01	2.4834799459e+01	3.3803554284e+01	3.3803554284e+01	5.9357242286e-01	7.2966824472e-01	5.9357242286e-01	3.8684189320e-02	1.0160665327e+00	1.1014463650e+00	1	9.4707794487e-01	1	0
23	518_598	5.1800000000e+02	5.9800000000e+02	9	0	1	1	4.7952880859e+00	7.7192993164e+00	5.1110617065e+02	6.0596051025e+02	-6.8938293457e+00	7.9605102539e+00	7.9605102539e+00	1.4854339600e+01	7.4271697998e+00	4.9216604233e-01	4.7433409095e-01	4.9216604233e-01	1.5342311537e+01	2.1888442861e+01	2.1888442861e+01	3.3173537254e-01	4.0762165189e-01	3.3173537254e-01	1.7831951380e-02	6.2770022815e-01	7.1320742259e-01	0	2.4608302116e+00	1	0
23	518_598	5.1800000000e+02	5.9800000000e+02	10	0	1	1	4.7952880859e+00	6.9078369141e+00	5.1152587891e+02	5.9211010742e+02	-6.4741210938e+00	-5.8898925781e+00	6.4741210938e+00	1.2364013672e+01	6.1820068359e+00	2.3475180566e-01	3.0789119005e-01	3.0789119005e-01	1.9742331850e+01	2.7545472145e+01	2.7545472145e+01	6.5272112191e-01	5.0770157576e-01	5.0770157576e-01	7.3139384389e-02	8.0771832694e-01	8.9753461757e-01	1	1.5394559503e+00	1	0
23	518_598	5.1800000000e+02	5.9800000000e+02	11	0	1	1	5.2149658203e+00	5.2289428711e+00	5.2201861572e+02	5.9085095215e+02	4.0186157227e+00	-7.1490478516e+00	7.1490478516e+00	1.1167663574e+01	5.5838317871e+00	6.8189352751e-02	1.0675385594e-02	6.8189352751e-02	3.2444591013e+01	5.1752481230e+01	5.1752481230e+01	5.4141160846e-01	8.6115024984e-01	5.4141160846e-01	5.7513967156e-02	1.3274060517e+00	1.6862896089e+00	0	1.9608274539e+00	1	0
23	518_598	5.1800000000e+02	5.9800000000e+02	12	0	1	1	5.2149658203e+00	8.1389770508e+00	5.1152587891e+02	6.0512109375e+02	-6.4741210938e+00	7.1210937500e+00	7.1210937500e+00	1.3595214844e+01	6.7976074219e+00	2.7161279321e-01	3.6862683296e-01	3.6862683296e-01	2.0183028690e+01	3.0016832444e+01	3.0016832444e+01	6.1667987704e-01	4.5139455795e-01	4.5139455795e-01	9.7014039755e-02	8.2574856354e-01	9.7806078933e-01	0	1.8431341648e+00	1	0
23	518_598	5.1800000000e+02	5.9800000000e+02	13	0	1	1	4.7952880859e+00	6.9078369141e+00	5.1152587891e+02	5.9211010742e+02	-6.4741210938e+00	-5.8898925781e+00	6.4741210938e+00	1.2364013672e+01	6.1820068359e+00	1.8019723892e-01	2.0704531670e-01	2.0704531670e-01	2.2354424232e+01	2.9413538549e+01	2.9413538549e+01	7.0154738426e-01	5.9464102983e-01	5.9464102983e-01	2.6848077774e-02	9.1458690278e-01	9.5840321540e-01	1	1.0352265835e+00	1	0
23	518_598	5.1800000000e+02	5.9800000000e+02	14	0	1	1	5.6347045898e+00	5.6486816406e+00	5.2201861572e+02	5.9043127441e+02	4.0186157227e+00	-7.5687255859e+00	7.5687255859e+00	1.1587341309e+01	5.7936706543e+00	8.7667271495e-02	1.8239824101e-02	8.7667271495e-02	3.0691340526e+01	4.3500173435e+01	4.3500173435e+01	5.7439108193e-01	8.5700985976e-01	5.7439108193e-01	6.9427447394e-02	1.2556752875e+00	1.4173985228e+00	1	1.1925672080e+00	1	0
23	518_598	5.1800000000e+02	5.9800000000e+02	15	0	1	1	4.7952880859e+00	6.9078369141e+00	5.1278503418e+02	5.9169036865e+02	-5.2149658203e+00	-6.3096313477e+00	6.3096313477e+00	1.1524597168e+01	5.7622985840e+00	3.6877822131e-02	7.6115904376e-03	3.6877822131e-02	3.5342959528e+01	5.8188802905e+01	5.8188802905e+01	5.5589531735e-01	8.5992459673e-01	5.5589531735e-01	2.9266231693e-02	1.4459870474e+00	1.8960090677e+00	0	2.5600259078e+00	1	0
23	518_598	5.1800000000e+02	5.9800000000e+02	16	0	1	1	5.2149658203e+00	5.2289428711e+00	5.2201861572e+02	5.9085095215e+02	4.0186157227e+00	-7.1490478516e+00	7.1490478516e+00	1.1167663574e+01	5.5838317871e+00	6.8331055343e-02	1.0264145210e-02	6.8331055343e-02	3.2700721706e+01	5.2376066848e+01	5.2376066848e+01	5.3796584159e-01	8.6171187274e-01	5.3796584159e-01	5.8066910133e-02	1.3378851307e+00	1.7066083631e+00	0	2.0188810375e+00	1	0
23	518_598	5.1800000000e+02	5.9800000000e+02	17	0	1	1	4.7952880859e+00	6.9078369141e+00	5.1152587891e+02	5.9211010742e+02	-6.4741210938e+00	-5.8898925781e+00	6.4741210938e+00	1.2364013672e+01	6.1820068359e+00	2.2949510813e-01	2.7003541589e-01	2.7003541589e-01	1.9625587849e+01	2.5248814635e+01	2.5248814635e+01	6.5719759464e-01	5.4431286454e-01	5.4431286454e-01	4.0540307760e-02	8.0294197785e-01	8.2270091682e-01	1	1.3501770794e+00	1	0
23	518_598	5.1800000000e+02	5.9800000000e+02	18	0	1	1	4.7952880859e+00	8.5866699219e+00	5.1152587891e+02	5.9169036865e+02	-6.4741210938e+00	-6.3096313477e+00	6.4741210938e+00	1.2783752441e+01	6.3918762207e+00	1.6135081649e-01	1.1776193976e-01	1.6135081649e-01	2.3101762783e+01	3.1021495121e+01	3.1021495121e+01	6.2760463357e-01	7.6393905282e-01	6.2760463357e-01	4.3588876724e-02	9.4516277644e-01	1.0107964610e+00	1	8.0675408244e-01	1	0
23	518_598	5.1800000000e+02	5.9800000000e+02	19	0	1	1	5.2149658203e+00	8.1389770508e+00	5.1152587891e+02	6.0638018799e+02	-6.4741210938e+00	8.3801879883e+00	8.3801879883e+00	1.4854309082e+01	7.4271545410e+00	2.4915951490e-01	3.2460278273e-01	3.2460278273e-01	1.9799846893e+01	2.8849114996e+01	2.8849114996e+01	6.3798314333e-01	4.9402248859e-01	4.9402248859e-01	7.5443267822e-02	8.1007144080e-01	9.4001218272e-01	1	1.6230139136e+00	1	0
24	508_608	5.0800000000e+02	6.0800000000e+02	0	0	1	1	1.8470458984e+00	2.7455444336e+00	5.1068646240e+02	6.0721960449e+02	2.6864624023e+00	-7.8039550781e-01	2.6864624023e+00	3.4668579102e+00	1.7334289551e+00	3.7120699883e-02	2.2689864039e-02	3.7120699883e-02	3.3385529798e+01	4.7760929259e+01	4.7760929259e+01	7.0641237497e-01	8.5270823538e-01	7.0641237497e-01	1.4430835843e-02	1.2788681911e+00	1.5823110850e+00	0	1.6637459570e+00	1	0
24	508_608	5.0800000000e+02	6.0800000000e+02	1	0	1	1	1.0076293945e+00	1.0666503906e+00	5.0900762939e+02	6.0763934326e+02	1.0076293945e+00	-3.6065673828e-01	1.0076293945e+00	1.3682861328e+00	6.8414306641e-01	2.8561629355e-02	1.8734022975e-02	2.8561629355e-02	3.2407278496e+01	4.5878242712e+01	4.5878242712e+01	7.4352296442e-01	8.6178566515e-01	7.4352296442e-01	9.8276063800e-03	1.2413952356e+00	1.5199380148e+00	0	1.4855371851e+00	1	0
24	508_608	5.0800000000e+02	6.0800000000e+02	2	0	1	1	1.4273376465e+00	1.9060974121e+00	5.0984704590e+02	6.0638018799e+02	1.8470458984e+00	-1.6198120117e+00	1.8470458984e+00	3.4668579102e+00	1.7334289551e+00	3.6563780904e-01	3.3680319786e-01	3.6563780904e-01	1.6196346393e+01	2.2362839245e+01	2.2362839245e+01	4.5126256347e-01	5.5548590422e-01	4.5126256347e-01	2.8834611177e-02	6.2041825725e-01	7.4087688362e-01	0	1.8281890452e+00	1	0
24	508_608	5.0800000000e+02	6.0800000000e+02	3	0	1	1	1.4273376465e+00	1.9060974121e+00	5.0984704590e+02	6.0721960449e+02	1.8470458984e+00	-7.8039550781e-01	1.8470458984e+00	2.6274414062e+00	1.3137207031e+00	4.2884039879e-01	4.4138145447e-01	4.4138145447e-01	1.7524908513e+01	1.9930065156e+01	1.9930065156e+01	4.6183604002e-01	3.7392812967e-01	3.7392812967e-01	1.2541055679e-02	6.7131024088e-01	6.6027951110e-01	0	2.2069072723e+00	1	0
24	508_608	5.0800000000e+02	6.0800000000e+02	4	0	1	1	1.4273376465e+00	1.4863586426e+00	5.0984704590e+02	6.0638018799e+02	1.8470458984e+00	-1.6198120117e+00	1.8470458984e+00	3.4668579102e+00	1.7334289551e+00	4.3797257543e-01	4.4678711891e-01	4.4678711891e-01	1.7337147431e+01	1.9653174934e+01	1.9653174934e+01	4.5226761699e-01	3.7234169245e-01	3.7234169245e-01	8.8145434856e-03	6.6411785311e-01	6.5110618734e-01	0	2.2339355946e+00	1	0
24	508_608	5.0800000000e+02	6.0800000000e+02	5	0	1	1	1.8470458984e+00	1.9060668945e+00	5.1068646240e+02	6.0721960449e+02	2.6864624023e+00	-7.8039550781e-01	2.6864624023e+00	3.4668579102e+00	1.7334289551e+00	3.3131100237e-02	2.3049507290e-02	3.3131100237e-02	3.4052668458e+01	5.0481810940e+01	5.0481810940e+01	6.9364025444e-01	8.5233780369e-01	6.9364025444e-01	1.0081592947e-02	1.3044236464e+00	1.6724534107e+00	0	1.9212954593e+00	1	0
24	508_608	5.0800000000e+02	6.0800000000e+02	6	0	1	1	1.0076293945e+00	1.0666503906e+00	5.0900762939e+02	6.0847875977e+02	1.0076293945e+00	4.7875976562e-01	1.0076293945e+00	1.4863891602e+00	7.4319458008e-01	1.0659735650e-01	6.1415929347e-02	1.0659735650e-01	2.4641121459e+01	3.2321798877e+01	3.2321798877e+01	7.0298010856e-01	8.1892774627e-01	7.0298010856e-01	4.5181427151e-02	9.4390433877e-01	1.0708154436e+00	1	7.1125767844e-01	1	0
24	508_608	5.0800000000e+02	6.0800000000e+02	7	0	1	1	1.0076293945e+00	1.4863891602e+00	5.0942733765e+02	6.0763934326e+02	1.4273376465e+00	-3.6065673828e-01	1.4273376465e+00	1.7879943848e+00	8.9399719238e-01	3.0054330826e-01	2.7429038286e-01	3.0054330826e-01	1.7048427531e+01	2.3600324339e+01	2.3600324339e+01	5.1773715019e-01	6.1766052246e-01	5.1773715019e-01	2.6252925396e-02	6.5305813059e-01	7.8187454453e-01	1	1.5027165413e+00	1	0
24	508_608	5.0800000000e+02	6.0800000000e+02	8	0	1	1	1.0076293945e+00	1.0666503906e+00	5.0900762939e+02	6.0763934326e+02	1.0076293945e+00	-3.6065673828e-01	1.0076293945e+00	1.3682861328e+00	6.8414306641e-01	1.2159183621e-01	7.7810212970e-02	1.2159183621e-01	2.3184020785e+01	3.0837796806e+01	3.0837796806e+01	6.8913426995e-01	8.0291922390e-01	6.8913426995e-01	4.3781623244e-02	8.8808854926e-01	1.0216507191e+00	1	7.2554801263e-01	1	0
24	508_608	5.0800000000e+02	6.0800000000e+02	9	0	1	1	1.8470458984e+00	2.3258056641e+00	5.0984704590e+02	6.0721960449e+02	1.8470458984e+00	-7.8039550781e-01	1.8470458984e+00	2.6274414062e+00	1.3137207031e+00	4.3230682611e-01	4.4838863611e-01	4.4838863611e-01	1.7435616135e+01	1.9925659179e+01	1.9925659179e+01	4.5789080858e-01	3.6726343632e-01	3.6726343632e-01	1.6081809998e-02	6.6788980145e-01	6.6013354186e-01	0	2.2419431806e+00	1	0
24	508_608	5.0800000000e+02	6.0800000000e+02	10	0	1	1	4.7875976562e-01	6.4697265625e-01	5.0900762939e+02	6.0721960449e+02	1.0076293945e+00	-7.8039550781e-01	1.0076293945e+00	1.7880249023e+00	8.9401245117e-01	2.0692881942e-01	1.9092100859e-01	2.0692881942e-01	1.8775478089e+01	2.6036598477e+01	2.6036598477e+01	6.1706933379e-01	7.0066154003e-01	6.1706933379e-01	1.6007810831e-02	7.1921463721e-01	8.6258787307e-01	1	1.0346440971e+00	1	0
24	508_608	5.0800000000e+02	6.0800000000e+02	11	0	1	1	1.8470458984e+00	1.9060668945e+00	5.1068646240e+02	6.0721960449e+02	2.6864624023e+00	-7.8039550781e-01	2.6864624023e+00	3.4668579102e+00	1.7334289551e+00	2.8166865930e-02	2.0978525281e-02	2.8166865930e-02	3.3684290907e+01	4.9622588203e+01	4.9622588203e+01	7.1017982997e-01	8.5615716875e-01	7.1017982997e-01	7.1883406490e-03	1.2903125529e+00	1.6439875144e+00	0	1.8399643268e+00	1	0
24	508_608	5.0800000000e+02	6.0800000000e+02	12	0	1	1	1.0076293945e+00	1.4863891602e+00	5.0900762939e+02	6.0763934326e+02	1.0076293945e+00	-3.6065673828e-01	1.0076293945e+00	1.3682861328e+00	6.8414306641e-01	2.2501340508e-01	2.0668825507e-01	2.2501340508e-01	1.8473107965e+01	2.4832624465e+01	2.4832624465e+01	5.9743431211e-01	6.8546411395e-01	5.9743431211e-01	1.8325150013e-02	7.0763202834e-01	8.2270042834e-01	1	1.1250670254e+00	1	0
24	508_608	5.0800000000e+02	6.0800000000e+02	13	0	1	1	4.7875976562e-01	6.4697265625e-01	5.0816821289e+02	6.0763934326e+02	1.6821289062e-01	-3.6065673828e-01	3.6065673828e-01	5.2886962891e-01	2.6443481445e-01	1.4096835256e-01	1.0502664745e-01	1.4096835256e-01	2.1182380620e+01	2.8885199785e+01	2.8885199785e+01	6.7527779937e-01	7.7830828726e-01	6.7527779937e-01	3.5941705108e-02	8.1141359601e-01	9.5696152736e-01	1	7.4043601088e-01	1	1
24	508_608	5.0800000000e+02	6.0800000000e+02	14	0	1	1	1.8470458984e+00	1.9060668945e+00	5.1068646240e+02	6.0638018799e+02	2.6864624023e+00	-1.6198120117e+00	2.6864624023e+00	4.3062744141e+00	2.1531372070e+00	3.7709195167e-02	2.9420208186e-02	3.7709195167e-02	3.1402599762e+01	4.5840304632e+01	4.5840304632e+01	7.1435694024e-01	8.4618370607e-01	7.1435694024e-01	8.2889869809e-03	1.2029099493e+00	1.5186811330e+00	0	1.4819460941e+00	1	0
24	508_608	5.0800000000e+02	6.0800000000e+02	15	0	1	1	1.8470458984e+00	1.9060668945e+00	5.0900762939e+02	6.0847875977e+02	1.0076293945e+00	4.7875976562e-01	1.0076293945e+00	1.4863891602e+00	7.4319458008e-01	1.8341258168e-02	1.1079696938e-02	1.8341258168e-02	3.6827476709e+01	5.4884486454e+01	5.4884486454e+01	7.1219365299e-01	8.6983582564e-01	7.1219365299e-01	7.2615612298e-03	1.4107156247e+00	1.8183132668e+00	0	2.3380379053e+00	1	0
24	508_608	5.0800000000e+02	6.0800000000e+02	16	0	1	1	1.8470458984e+00	1.9060668945e+00	5.1068646240e+02	6.0721960449e+02	2.6864624023e+00	-7.8039550781e-01	2.6864624023e+00	3.4668579102e+00	1.7334289551e+00	3.0206287280e-02	2.2131949663e-02	3.0206287280e-02	3.3784352748e+01	4.9913856418e+01	4.9913856418e+01	7.0416769944e-01	8.5401824117e-01	7.0416769944e-01	8.0743376166e-03	1.2941455280e+00	1.6536371785e+00	0	1.8675347958e+00	1	0
24	508_608	5.0800000000e+02	6.0800000000e+02	17	0	1	1	5.8792114258e-01	6.4694213867e-01	5.0900762939e+02	6.0721960449e+02	1.0076293945e+00	-7.8039550781e-01	1.0076293945e+00	1.7880249023e+00	8.9401245117e-01	2.0371185243e-01	1.8687213957e-01	2.0371185243e-01	1.8887381006e+01	2.6206285669e+01	2.6206285669e+01	6.2056900561e-01	7.0450942218e-01	6.2056900561e-01	1.6839712858e-02	7.2350119732e-01	8.6820957952e-01	1	1.0185592622e+00	1	0
24	508_608	5.0800000000e+02	6.0800000000e+02	18	0	1	1	1.8470458984e+00	1.9060668945e+00	5.0984704590e+02	6.0638018799e+02	1.8470458984e+00	-1.6198120117e+00	1.8470458984e+00	3.4668579102e+00	1.7334289551e+00	1.2842154503e-01	7.8914530575e-02	1.2842154503e-01	2.3788953870e+01	3.1608420313e+01	3.1608420313e+01	6.7884069681e-01	8.0011456460e-01	6.7884069681e-01	4.9507014453e-02	9.1126115384e-01	1.0471813387e+00	1	7.3654983024e-01	1	0
24	508_608	5.0800000000e+02	6.0800000000e+02	19	0	1	1	1.0076293945e+00	1.0666503906e+00	5.0900762939e+02	6.0763934326e+02	1.0076293945e+00	-3.6065673828e-01	1.0076293945e+00	1.3682861328e+00	6.8414306641e-01	2.1048273146e-01	1.9148235023e-01	2.1048273146e-01	1.8644763215e+01	2.5329364438e+01	2.5329364438e+01	6.1172573268e-01	7.0016188920e-01	6.1172573268e-01	1.9000381231e-02	7.1420746507e-01	8.3915733522e-01	1	1.0524136573e+00	1	0
25	498_618	4.9800000000e+02	6.1800000000e+02	0	0	1	1	4.1019287109e+00	4.8092651367e+00	4.9431777954e+02	6.1603350830e+02	-3.6822204590e+00	-1.9664916992e+00	3.6822204590e+00	5.6487121582e+00	2.8243560791e+00	2.9574844986e-02	3.6225300282e-02	3.6225300282e-02	3.8810100687e+01	4.9524241162e+01	4.9524241162e+01	8.6779847369e-01	7.7032061294e-01	7.7032061294e-01	6.6504552960e-03	1.2982243322e+00	1.8244145251e+00	0	2.3554700716e+00	1	0
25	498_618	4.9800000000e+02	6.1800000000e+02	1	0	1	1	3.2625122070e+00	3.5501708984e+00	4.9431777954e+02	6.0889849854e+02	-3.6822204590e+00	-9.1015014648e+00	9.1015014648e+00	1.2783721924e+01	6.3918609619e+00	4.2545147240e-02	2.6212397963e-02	4.2545147240e-02	3.2625413471e+01	4.4433440880e+01	4.4433440880e+01	7.6669716090e-01	8.6983239278e-01	7.6669716090e-01	1.6332749277e-02	1.0913423275e+00	1.6368754581e+00	0	1.8196441661e+00	0	0
25	498_618	4.9800000000e+02	6.1800000000e+02	2	0	1	1	2.8428039551e+00	4.6537170410e+00	4.9473748779e+02	6.2107006836e+02	-3.2625122070e+00	3.0700683594e+00	3.2625122070e+00	6.3325805664e+00	3.1662902832e+00	3.5538852215e-01	3.1829488277e-01	3.5538852215e-01	1.5867307458e+01	2.3752998858e+01	2.3752998858e+01	4.4740265608e-01	5.7884156704e-01	4.4740265608e-01	3.7093639374e-02	5.3077225424e-01	8.7503241067e-01	0	1.7769426107e+00	1	0
25	498_618	4.9800000000e+02	6.1800000000e+02	3	0	1	1	2.8428039551e+00	4.6537170410e+00	4.9515719604e+02	6.2274890137e+02	-2.8428039551e+00	4.7489013672e+00	4.7489013672e+00	7.5917053223e+00	3.7958526611e+00	4.7706702352e-01	4.6213114262e-01	4.7706702352e-01	1.4263043256e+01	2.2194895264e+01	2.2194895264e+01	3.2816049457e-01	4.3468201160e-01	3.2816049457e-01	1.4935880899e-02	4.7710852273e-01	8.1763371538e-01	0	2.3853351176e+00	1	0
25	498_618	4.9800000000e+02	6.1800000000e+02	4	0	1	1	2.8428039551e+00	4.6537170410e+00	4.9515719604e+02	6.2274890137e+02	-2.8428039551e+00	4.7489013672e+00	4.7489013672e+00	7.5917053223e+00	3.7958526611e+00	4.7992572188e-01	4.8114737868e-01	4.8114737868e-01	1.8388454505e+01	1.8021777957e+01	1.8388454505e+01	4.1613444686e-01	3.2599994540e-01	3.2599994540e-01	1.2216567993e-03	6.1510634209e-01	6.6390100485e-01	0	2.4057368934e+00	1	0
25	498_618	4.9800000000e+02	6.1800000000e+02	5	0	1	1	4.1019287109e+00	4.3895874023e+00	4.9431777954e+02	6.2065032959e+02	-3.6822204590e+00	2.6503295898e+00	3.6822204590e+00	6.3325500488e+00	3.1662750244e+00	2.4723775685e-02	2.6376817375e-02	2.6376817375e-02	4.0747913181e+01	5.1871094268e+01	5.1871094268e+01	8.7223308533e-01	7.7982744202e-01	7.7982744202e-01	1.6530416906e-03	1.3630454815e+00	1.9108698204e+00	0	2.6024852011e+00	1	0
25	498_618	4.9800000000e+02	6.1800000000e+02	6	0	1	1	3.4897460938e+00	6.7522583008e+00	4.9389807129e+02	6.2232916260e+02	-4.1019287109e+00	4.3291625977e+00	4.3291625977e+00	8.4310913086e+00	4.2155456543e+00	1.2451840937e-01	1.1509295553e-01	1.2451840937e-01	2.4394770658e+01	3.5863024456e+01	3.5863024456e+01	7.0164702833e-01	7.8377483040e-01	7.0164702833e-01	9.4254538417e-03	8.1602171307e-01	1.3211514441e+00	1	9.1757555467e-01	1	0
25	498_618	4.9800000000e+02	6.1800000000e+02	7	0	1	1	2.8428039551e+00	4.6537170410e+00	4.9389807129e+02	6.1771234131e+02	-4.1019287109e+00	-2.8765869141e-01	4.1019287109e+00	4.3895874023e+00	2.1947937012e+00	3.3385446668e-01	4.1769221425e-01	4.1769221425e-01	1.8956633988e+01	2.8168814103e+01	2.8168814103e+01	5.6118097901e-01	3.8585147262e-01	3.8585147262e-01	8.3837747574e-02	6.3411233323e-01	1.0377058264e+00	0	2.0884610713e+00	1	0
25	498_618	4.9800000000e+02	6.1800000000e+02	8	0	1	1	2.0033569336e+00	3.3945312500e+00	4.9389807129e+02	6.1015759277e+02	-4.1019287109e+00	-7.8424072266e+00	7.8424072266e+00	1.1944335938e+01	5.9721679688e+00	1.7303031683e-01	1.4206285775e-01	1.7303031683e-01	2.5800938521e+01	3.4913708042e+01	3.4913708042e+01	6.5673065186e-01	7.5462709367e-01	6.5673065186e-01	3.0967459083e-02	8.6305898693e-01	1.2861797492e+00	1	8.6515158415e-01	0	0
25	498_618	4.9800000000e+02	6.1800000000e+02	9	0	1	1	2.8428039551e+00	5.4931335449e+00	4.9515719604e+02	6.2107006836e+02	-2.8428039551e+00	3.0700683594e+00	3.0700683594e+00	5.9128723145e+00	2.9564361572e+00	4.0782243013e-01	3.6741325259e-01	4.0782243013e-01	1.5229076657e+01	2.2758368965e+01	2.2758368965e+01	3.9424604177e-01	5.2840980887e-01	3.9424604177e-01	4.0409177542e-02	5.0942299874e-01	8.3839142070e-01	0	2.0391121507e+00	1	0
25	498_618	4.9800000000e+02	6.1800000000e+02	10	0	1	1	3.2625122070e+00	5.0734252930e+00	4.9389807129e+02	6.2107006836e+02	-4.1019287109e+00	3.0700683594e+00	4.1019287109e+00	7.1719970703e+00	3.5859985352e+00	2.9343235493e-01	2.7598556876e-01	2.9343235493e-01	1.7111070614e+01	2.6630118495e+01	2.6630118495e+01	5.1071298122e-01	6.2064436078e-01	5.1071298122e-01	1.7446786165e-02	5.7237697990e-01	9.8102209840e-01	1	1.4671617746e+00	1	0
25	498_618	4.9800000000e+02	6.1800000000e+02	11	0	1	1	3.6822204590e+00	5.0733947754e+00	4.9431777954e+02	6.2190948486e+02	-3.6822204590e+00	3.9094848633e+00	3.9094848633e+00	7.5917053223e+00	3.7958526611e+00	2.5302695110e-02	2.6486879215e-02	2.6486879215e-02	4.0493407954e+01	5.1521195516e+01	5.1521195516e+01	8.7173099630e-01	7.8140133061e-01	7.8140133061e-01	1.1841841042e-03	1.3545321081e+00	1.8979799638e+00	0	2.5656570394e+00	1	0
25	498_618	4.9800000000e+02	6.1800000000e+02	12	0	1	1	3.2625122070e+00	4.6536865234e+00	4.9389807129e+02	6.2065032959e+02	-4.1019287109e+00	2.6503295898e+00	4.1019287109e+00	6.7522583008e+00	3.3761291504e+00	2.7776247263e-01	2.9301649332e-01	2.9301649332e-01	2.0617756340e+01	2.5599161321e+01	2.5599161321e+01	6.1674576998e-01	5.1121246815e-01	5.1121246815e-01	1.5254020691e-02	6.8967800861e-01	9.4304285431e-01	1	1.4650824666e+00	1	0
25	498_618	4.9800000000e+02	6.1800000000e+02	13	0	1	1	2.8428039551e+00	4.2339782715e+00	4.9389807129e+02	6.1015759277e+02	-4.1019287109e+00	-7.8424072266e+00	7.8424072266e+00	1.1944335938e+01	5.9721679688e+00	1.7854452133e-01	1.6983529925e-01	1.7854452133e-01	2.3222983497e+01	3.3798802589e+01	3.3798802589e+01	6.4873933792e-01	7.2525051236e-01	6.4873933792e-01	8.7092220783e-03	7.7682463351e-01	1.2451079497e+00	1	8.9272260666e-01	0	0
25	498_618	4.9800000000e+02	6.1800000000e+02	14	0	1	1	4.1019287109e+00	5.4931030273e+00	4.9431777954e+02	6.1183642578e+02	-3.6822204590e+00	-6.1635742188e+00	6.1635742188e+00	9.8457946777e+00	4.9228973389e+00	4.1674777865e-02	5.5717054754e-02	5.5717054754e-02	3.5120197188e+01	4.5884365694e+01	4.5884365694e+01	8.5592223704e-01	7.5578248128e-01	7.5578248128e-01	1.4042276889e-02	1.1747945440e+00	1.6903258138e+00	0	1.9723594680e+00	1	0
25	498_618	4.9800000000e+02	6.1800000000e+02	15	0	1	1	3.2625122070e+00	3.5501708984e+00	4.9431777954e+02	6.1771234131e+02	-3.6822204590e+00	-2.8765869141e-01	3.6822204590e+00	3.9698791504e+00	1.9849395752e+00	1.8427059054e-02	1.9558494911e-02	1.9558494911e-02	4.4164374042e+01	5.5143556601e+01	5.5143556601e+01	8.8012965024e-01	7.6494842209e-01	7.6494842209e-01	1.1314358562e-03	1.4773284269e+00	2.0314234659e+00	0	2.9469241882e+00	1	0
25	498_618	4.9800000000e+02	6.1800000000e+02	16	0	1	1	3.6822204590e+00	3.9698791504e+00	4.9431777954e+02	6.2023065186e+02	-3.6822204590e+00	2.2306518555e+00	3.6822204590e+00	5.9128723145e+00	2.9564361572e+00	2.4987002835e-02	2.7182696387e-02	2.7182696387e-02	4.0607877765e+01	5.1710684969e+01	5.1710684969e+01	8.7182650901e-01	7.7927869745e-01	7.7927869745e-01	2.1956935525e-03	1.3583612013e+00	1.9049605314e+00	0	2.5856015182e+00	1	0
25	498_618	4.9800000000e+02	6.1800000000e+02	17	0	1	1	3.2625122070e+00	5.0734252930e+00	4.9389807129e+02	6.2107006836e+02	-4.1019287109e+00	3.0700683594e+00	4.1019287109e+00	7.1719970703e+00	3.5859985352e+00	2.8465521336e-01	2.6116025448e-01	2.8465521336e-01	1.7422437088e+01	2.6568588275e+01	2.6568588275e+01	5.1987129450e-01	6.3497000933e-01	5.1987129450e-01	2.3494958878e-02	5.8279240078e-01	9.7875539781e-01	1	1.4232760668e+00	1	0
25	498_618	4.9800000000e+02	6.1800000000e+02	18	0	1	1	4.1019287109e+00	8.0114135742e+00	4.9305865479e+02	6.1015759277e+02	-4.9413452148e+00	-7.8424072266e+00	7.8424072266e+00	1.2783752441e+01	6.3918762207e+00	1.4128494263e-01	1.2903538346e-01	1.4128494263e-01	2.2070025679e+01	3.3784027589e+01	3.3784027589e+01	6.8256044388e-01	7.6932278275e-01	6.8256044388e-01	1.2249559164e-02	7.3825740828e-01	1.2445636562e+00	1	7.4783597633e-01	0	0
25	498_618	4.9800000000e+02	6.1800000000e+02	19	0	1	1	2.8428039551e+00	4.2339782715e+00	4.9389807129e+02	6.2065032959e+02	-4.1019287109e+00	2.6503295898e+00	4.1019287109e+00	6.7522583008e+00	3.3761291504e+00	2.7550950646e-01	2.8505522013e-01	2.8505522013e-01	2.0832758881e+01	2.5629861090e+01	2.5629861090e+01	6.1868283153e-01	5.1987898350e-01	5.1987898350e-01	9.5457136631e-03	6.9686999021e-01	9.4417379755e-01	1	1.4252761006e+00	1	1
26	560_600	5.6000000000e+02	6.0000000000e+02	0	0	1	1	4.4046020508e+00	5.3286132812e+00	5.5559539795e+02	5.9336920166e+02	-4.4046020508e+00	-6.6307983398e+00	6.6307983398e+00	1.1035400391e+01	5.5177001953e+00	2.9222548008e-02	2.9606465250e-02	2.9606465250e-02	9.2582378475e+01	2.5552230341e+01	9.2582378475e+01	8.3592826128e-01	2.0298988745e-01	2.0298988745e-01	3.8391724229e-04	5.5162202213e+00	3.5563339299e-01	0	1.2903486347e+01	0	0
26	560_600	5.6000000000e+02	6.0000000000e+02	1	0	1	1	4.4046020508e+00	7.8468627930e+00	5.5475592041e+02	6.0344226074e+02	-5.2440795898e+00	3.4422607422e+00	5.2440795898e+00	8.6863403320e+00	4.3431701660e+00	3.8072470576e-02	4.3774656951e-02	4.3774656951e-02	9.5199385790e+01	3.0051999511e+01	9.5199385790e+01	8.2182669267e-01	2.9678440839e-01	2.9678440839e-01	5.7021863759e-03	5.6721460995e+00	4.1826073143e-01	0	1.3348988856e+01	1	0
26	560_600	5.6000000000e+02	6.0000000000e+02	2	0	1	1	4.8243408203e+00	8.2666015625e+00	5.5475592041e+02	6.0470135498e+02	-5.2440795898e+00	4.7013549805e+00	5.2440795898e+00	9.9454345703e+00	4.9727172852e+00	3.6739268899e-01	4.1025844216e-01	4.1025844216e-01	2.2880047047e+01	2.3003638819e+01	2.3003638819e+01	4.7321626544e-01	3.0485698581e-01	3.0485698581e-01	4.2865753174e-02	1.3632332660e+00	3.2016235041e-01	0	2.0512922108e+00	1	0
26	560_600	5.6000000000e+02	6.0000000000e+02	3	0	1	1	6.3801879883e+00	1.2043945312e+01	5.5391650391e+02	6.0638018799e+02	-6.0834960938e+00	6.3801879883e+00	6.3801879883e+00	1.2463684082e+01	6.2318420410e+00	3.9821222425e-01	3.9122936130e-01	3.9821222425e-01	1.6964795479e+01	2.2356396682e+01	2.2356396682e+01	3.5137668252e-01	4.4709023833e-01	3.5137668252e-01	6.9828629494e-03	1.0107922200e+00	3.1115409891e-01	0	1.9910611212e+00	1	0
26	560_600	5.6000000000e+02	6.0000000000e+02	4	0	1	1	6.3801879883e+00	1.1204528809e+01	5.5391650391e+02	6.0512109375e+02	-6.0834960938e+00	5.1210937500e+00	6.0834960938e+00	1.1204589844e+01	5.6022949219e+00	4.1391962767e-01	4.5828923583e-01	4.5828923583e-01	2.1300598640e+01	2.0773262806e+01	2.1300598640e+01	4.2722940445e-01	2.9548504949e-01	2.9548504949e-01	4.4369608164e-02	1.2691269643e+00	2.8912019955e-01	0	2.2914461792e+00	1	0
26	560_600	5.6000000000e+02	6.0000000000e+02	5	0	1	1	4.4046020508e+00	6.5877075195e+00	5.5559539795e+02	5.9504803467e+02	-4.4046020508e+00	-4.9519653320e+00	4.9519653320e+00	9.3565673828e+00	4.6782836914e+00	2.6341047138e-02	3.3790457994e-02	3.3790457994e-02	9.7052274059e+01	2.8721960512e+01	9.7052274059e+01	8.3844653144e-01	2.0038149878e-01	2.0038149878e-01	7.4494108558e-03	5.7825444270e+00	3.9974938132e-01	0	1.3664412649e+01	1	0
26	560_600	5.6000000000e+02	6.0000000000e+02	6	0	1	1	4.4046020508e+00	7.8468627930e+00	5.5517565918e+02	6.0596051025e+02	-4.8243408203e+00	5.9605102539e+00	5.9605102539e+00	1.0784851074e+01	5.3924255371e+00	1.0994736850e-01	1.1366103590e-01	1.1366103590e-01	2.9480875382e+01	2.7379611300e+01	2.9480875382e+01	7.4151344597e-01	4.3942196667e-01	4.3942196667e-01	3.7136673927e-03	1.7565221763e+00	3.8106669889e-01	0	2.1614919322e+00	1	0
26	560_600	5.6000000000e+02	6.0000000000e+02	7	0	1	1	4.4046020508e+00	8.6862792969e+00	5.5517565918e+02	6.0470135498e+02	-4.8243408203e+00	4.7013549805e+00	4.8243408203e+00	9.5256958008e+00	4.7628479004e+00	2.9960820079e-01	4.1669633985e-01	4.1669633985e-01	2.3509461943e+01	2.6666478999e+01	2.6666478999e+01	5.4518488050e-01	2.6249995828e-01	2.6249995828e-01	1.1708813906e-01	1.4007349077e+00	3.7114139465e-01	0	2.0834816992e+00	1	0
26	560_600	5.6000000000e+02	6.0000000000e+02	8	0	1	1	4.4046020508e+00	5.3286132812e+00	5.5559539795e+02	6.0512109375e+02	-4.4046020508e+00	5.1210937500e+00	5.1210937500e+00	9.5256958008e+00	4.7628479004e+00	1.2797881663e-01	1.3666498661e-01	1.3666498661e-01	2.8474519225e+01	2.7135508851e+01	2.8474519225e+01	7.2167377174e-01	4.3919116259e-01	4.3919116259e-01	8.6861699820e-03	1.6965617143e+00	3.7766930535e-01	0	1.9901763266e+00	1	0
26	560_600	5.6000000000e+02	6.0000000000e+02	9	0	1	1	6.3801879883e+00	1.1204528809e+01	5.5391650391e+02	6.0638018799e+02	-6.0834960938e+00	6.3801879883e+00	6.3801879883e+00	1.2463684082e+01	6.2318420410e+00	4.0120923519e-01	3.9588087797e-01	4.0120923519e-01	1.6944239967e+01	2.2356986369e+01	2.2356986369e+01	3.4895378351e-01	4.4237643480e-01	3.4895378351e-01	5.3283572197e-03	1.0095674866e+00	3.1116230612e-01	0	2.0060461760e+00	1	0
26	560_600	5.6000000000e+02	6.0000000000e+02	10	0	1	1	4.4046020508e+00	7.8468627930e+00	5.5601507568e+02	5.9169036865e+02	-3.9849243164e+00	-8.3096313477e+00	8.3096313477e+00	1.2294555664e+01	6.1472778320e+00	2.3590101302e-01	3.3675491810e-01	3.3675491810e-01	2.3575601962e+01	2.4704100178e+01	2.4704100178e+01	6.1294297874e-01	2.9816579819e-01	2.9816579819e-01	1.0085390508e-01	1.4046756458e+00	3.4382920198e-01	0	1.8747737086e+00	0	0
26	560_600	5.6000000000e+02	6.0000000000e+02	11	0	1	1	4.4046020508e+00	7.8468627930e+00	5.5559539795e+02	5.9504803467e+02	-4.4046020508e+00	-4.9519653320e+00	4.9519653320e+00	9.3565673828e+00	4.6782836914e+00	2.6983980089e-02	3.4494347870e-02	3.4494347870e-02	9.6908856699e+01	2.8744750311e+01	9.6908856699e+01	8.3745240793e-01	2.0442817360e-01	2.0442817360e-01	7.5103677809e-03	5.7739993696e+00	4.0006656747e-01	0	1.3639998199e+01	1	0
26	560_600	5.6000000000e+02	6.0000000000e+02	12	0	1	1	4.4046020508e+00	8.6862792969e+00	5.5517565918e+02	6.0638018799e+02	-4.8243408203e+00	6.3801879883e+00	6.3801879883e+00	1.1204528809e+01	5.6022644043e+00	2.3560641706e-01	3.2539176941e-01	3.2539176941e-01	2.3570869524e+01	2.4910410544e+01	2.4910410544e+01	6.1069352925e-01	3.3787113428e-01	3.3787113428e-01	8.9785352349e-02	1.4043936788e+00	3.4670060907e-01	0	1.8665696884e+00	1	0
26	560_600	5.6000000000e+02	6.0000000000e+02	13	0	1	1	4.4046020508e+00	5.3286132812e+00	5.5601507568e+02	6.0386193848e+02	-3.9849243164e+00	3.8619384766e+00	3.9849243164e+00	7.8468627930e+00	3.9234313965e+00	1.4853820205e-01	2.2224195302e-01	2.2224195302e-01	2.6675609059e+01	2.7316052847e+01	2.7316052847e+01	7.0071390271e-01	3.4937553108e-01	3.4937553108e-01	7.3703750968e-02	1.5893794967e+00	3.8018209867e-01	0	1.7709082895e+00	1	1
26	560_600	5.6000000000e+02	6.0000000000e+02	14	0	1	1	4.4046020508e+00	7.8468627930e+00	5.5475592041e+02	5.9420861816e+02	-5.2440795898e+00	-5.7913818359e+00	5.7913818359e+00	1.1035461426e+01	5.5177307129e+00	3.8606531918e-02	5.1465511322e-02	5.1465511322e-02	9.0642829393e+01	2.8864870000e+01	9.0642829393e+01	8.2337307185e-01	2.6397776604e-01	2.6397776604e-01	1.2858979404e-02	5.4006584908e+00	4.0173838132e-01	0	1.2573309974e+01	1	0
26	560_600	5.6000000000e+02	6.0000000000e+02	15	0	1	1	2.7257690430e+00	4.9088745117e+00	5.5559539795e+02	5.9546777344e+02	-4.4046020508e+00	-4.5322265625e+00	4.5322265625e+00	8.9368286133e+00	4.4684143066e+00	1.9369561225e-02	2.1552652121e-02	2.1552652121e-02	1.0134854447e+02	2.7517527876e+01	1.0134854447e+02	8.4971867129e-01	1.5057413280e-01	1.5057413280e-01	2.1830908954e-03	6.0385237410e+00	3.8298620803e-01	0	1.4395782117e+01	1	0
26	560_600	5.6000000000e+02	6.0000000000e+02	16	0	1	1	4.4046020508e+00	7.8468627930e+00	5.5559539795e+02	5.9546777344e+02	-4.4046020508e+00	-4.5322265625e+00	4.5322265625e+00	8.9368286133e+00	4.4684143066e+00	2.6732832193e-02	3.5004153848e-02	3.5004153848e-02	9.7188011870e+01	2.9095112270e+01	9.7188011870e+01	8.3769854903e-01	2.0533002913e-01	2.0533002913e-01	8.2713216543e-03	5.7906319235e+00	4.0494287026e-01	0	1.3687519781e+01	1	0
26	560_600	5.6000000000e+02	6.0000000000e+02	17	0	1	1	4.4046020508e+00	7.8468627930e+00	5.5601507568e+02	5.9169036865e+02	-3.9849243164e+00	-8.3096313477e+00	8.3096313477e+00	1.2294555664e+01	6.1472778320e+00	2.2617973387e-01	3.2804405689e-01	3.2804405689e-01	2.3765890817e+01	2.5155579111e+01	2.5155579111e+01	6.2313531339e-01	3.0093705654e-01	3.0093705654e-01	1.0186432302e-01	1.4160133890e+00	3.5011284073e-01	0	1.8568204551e+00	0	0
26	560_600	5.6000000000e+02	6.0000000000e+02	18	0	1	1	4.4046020508e+00	5.3286132812e+00	5.5601507568e+02	6.0428167725e+02	-3.9849243164e+00	4.2816772461e+00	4.2816772461e+00	8.2666015625e+00	4.1333007812e+00	1.3243018091e-01	1.7492252588e-01	1.7492252588e-01	2.7908007003e+01	2.7489119014e+01	2.7908007003e+01	7.1712239087e-01	3.8444232941e-01	3.8444232941e-01	4.2492344975e-02	1.6628079242e+00	3.8259081633e-01	0	1.8937369261e+00	1	0
26	560_600	5.6000000000e+02	6.0000000000e+02	19	0	1	1	4.4046020508e+00	7.8468627930e+00	5.5517565918e+02	6.0470135498e+02	-4.8243408203e+00	4.7013549805e+00	4.8243408203e+00	9.5256958008e+00	4.7628479004e+00	2.1894840896e-01	3.3655554056e-01	3.3655554056e-01	2.3832012273e+01	2.7123095966e+01	2.7123095966e+01	6.2877137959e-01	3.1275540590e-01	3.1275540590e-01	1.1760713160e-01	1.4199530211e+00	3.7749654405e-01	0	1.7785813027e+00	1	0
27	550_610	5.5000000000e+02	6.1000000000e+02	0	0	1	1	7.8353271484e+00	8.5171508789e+00	5.4258435059e+02	6.0638018799e+02	-7.4156494141e+00	-3.6198120117e+00	7.4156494141e+00	1.1035461426e+01	5.5177307129e+00	6.8321503699e-02	1.9011944532e-02	6.8321503699e-02	3.0080620994e+01	1.0974670565e+02	1.0974670565e+02	3.6544325203e-01	8.4807583690e-01	3.6544325203e-01	4.9309559166e-02	9.3667750014e-01	5.0706764447e+00	0	1.1630504128e+01	0	0
27	550_610	5.5000000000e+02	6.1000000000e+02	1	0	1	1	5.3170776367e+00	6.4185791016e+00	5.4216467285e+02	6.0763934326e+02	-7.8353271484e+00	-2.3606567383e+00	7.8353271484e+00	1.0195983887e+01	5.0979919434e+00	8.7485045195e-02	1.4715645462e-02	8.7485045195e-02	3.2212113231e+01	5.2592231364e+01	5.2592231364e+01	4.1549840569e-01	8.5015591606e-01	4.1549840569e-01	7.2769399732e-02	1.0030498274e+00	2.4299425407e+00	0	4.0855501162e+00	0	0
27	550_610	5.5000000000e+02	6.1000000000e+02	2	0	1	1	1.8179931641e+00	2.4998168945e+00	5.5349682617e+02	6.0763934326e+02	3.4968261719e+00	-2.3606567383e+00	3.4968261719e+00	5.8574829102e+00	2.9287414551e+00	3.6734196544e-01	3.0577233434e-01	3.6734196544e-01	1.8872428389e+01	2.1016018394e+01	2.1016018394e+01	4.0149864554e-01	5.3712567687e-01	4.0149864554e-01	6.1569631100e-02	5.8766669239e-01	9.7101255846e-01	0	1.8367098272e+00	1	1
27	550_610	5.5000000000e+02	6.1000000000e+02	3	0	1	1	9.7857666016e-01	1.6604003906e+00	5.5391650391e+02	6.0763934326e+02	3.9165039062e+00	-2.3606567383e+00	3.9165039062e+00	6.2771606445e+00	3.1385803223e+00	4.2072340846e-01	3.5462677479e-01	4.2072340846e-01	1.8889888734e+01	2.0512170116e+01	2.0512170116e+01	3.5645559430e-01	4.8815500736e-01	3.5645559430e-01	6.6096633673e-02	5.8821038836e-01	9.4773302963e-01	0	2.1036170423e+00	1	0
27	550_610	5.5000000000e+02	6.1000000000e+02	4	0	1	1	2.6574096680e+00	3.3392333984e+00	5.5391650391e+02	6.0847875977e+02	3.9165039062e+00	-1.5212402344e+00	3.9165039062e+00	5.4377441406e+00	2.7188720703e+00	4.4764664769e-01	3.8315349817e-01	4.4764664769e-01	1.9959430273e+01	2.0938884667e+01	2.0938884667e+01	3.2702109218e-01	4.6004217863e-01	3.2702109218e-01	6.4493149519e-02	6.2151473719e-01	9.6744871413e-01	0	2.2382332385e+00	1	0
27	550_610	5.5000000000e+02	6.1000000000e+02	5	0	1	1	7.8353271484e+00	8.9368286133e+00	5.4258435059e+02	6.0638018799e+02	-7.4156494141e+00	-3.6198120117e+00	7.4156494141e+00	1.1035461426e+01	5.5177307129e+00	6.0220792890e-02	1.6339866444e-02	6.0220792890e-02	3.0512900326e+01	1.1190687388e+02	1.1190687388e+02	3.6201767623e-01	8.5223135538e-01	3.6201767623e-01	4.3880926445e-02	9.5013820376e-01	5.1704836700e+00	0	1.1915667629e+01	0	0
27	550_610	5.5000000000e+02	6.1000000000e+02	6	0	1	1	1.8179931641e+00	2.4998168945e+00	5.5475592041e+02	6.0763934326e+02	4.7559204102e+00	-2.3606567383e+00	4.7559204102e+00	7.1165771484e+00	3.5582885742e+00	9.9887013435e-02	5.5669192225e-02	9.9887013435e-02	2.3052022559e+01	3.5145253827e+01	3.5145253827e+01	5.2787441015e-01	7.9575341567e-01	5.2787441015e-01	4.4217821211e-02	7.1781466439e-01	1.6238319836e+00	0	1.7823770959e+00	1	0
27	550_610	5.5000000000e+02	6.1000000000e+02	7	0	1	1	5.7367553711e+00	6.4185791016e+00	5.5475592041e+02	6.0763934326e+02	4.7559204102e+00	-2.3606567383e+00	4.7559204102e+00	7.1165771484e+00	3.5582885742e+00	2.9803040624e-01	2.3272615671e-01	2.9803040624e-01	2.2124898939e+01	2.3862375629e+01	2.3862375629e+01	4.5271399617e-01	6.1918270588e-01	4.5271399617e-01	6.5304249525e-02	6.8894505311e-01	1.1025240831e+00	1	1.4901520312e+00	1	0
27	550_610	5.5000000000e+02	6.1000000000e+02	8	0	1	1	9.7857666016e-01	1.6604003906e+00	5.5475592041e+02	6.0805902100e+02	4.7559204102e+00	-1.9409790039e+00	4.7559204102e+00	6.6968994141e+00	3.3484497070e+00	1.2651892006e-01	7.2663113475e-02	1.2651892006e-01	2.2887334137e+01	3.2509572908e+01	3.2509572908e+01	5.2844767272e-01	7.7729387581e-01	5.2844767272e-01	5.3855806589e-02	7.1268644780e-01	1.5020544316e+00	0	1.4344412332e+00	1	0
27	550_610	5.5000000000e+02	6.1000000000e+02	9	0	1	1	2.6574096680e+00	3.3392333984e+00	5.5391650391e+02	6.0847875977e+02	3.9165039062e+00	-1.5212402344e+00	3.9165039062e+00	5.4377441406e+00	2.7188720703e+00	4.2779746652e-01	3.6693230271e-01	4.2779746652e-01	1.9119986888e+01	2.0569399884e+01	2.0569399884e+01	3.4496083856e-01	4.7524735332e-01	3.4496083856e-01	6.0865163803e-02	5.9537539216e-01	9.5037724239e-01	0	2.1389873326e+00	1	0
27	550_610	5.5000000000e+02	6.1000000000e+02	10	0	1	1	6.5762329102e+00	7.2580566406e+00	5.5391650391e+02	6.0763934326e+02	3.9165039062e+00	-2.3606567383e+00	3.9165039062e+00	6.2771606445e+00	3.1385803223e+00	2.5891289115e-01	1.9480213523e-01	2.5891289115e-01	2.3167092334e+01	2.5777261448e+01	2.5777261448e+01	4.8099812865e-01	6.6192570329e-01	4.8099812865e-01	6.4110755920e-02	7.2139781081e-01	1.1909984146e+00	1	1.2945644557e+00	1	0
27	550_610	5.5000000000e+02	6.1000000000e+02	11	0	1	1	6.5762329102e+00	7.6777343750e+00	5.4258435059e+02	6.0638018799e+02	-7.4156494141e+00	-3.6198120117e+00	7.4156494141e+00	1.1035461426e+01	5.5177307129e+00	6.3989475369e-02	1.7015064135e-02	6.3989475369e-02	3.0477195754e+01	1.1122138222e+02	1.1122138222e+02	3.5429708660e-01	8.5114661418e-01	3.5429708660e-01	4.6974411234e-02	9.4902640261e-01	5.1388115900e+00	0	1.1825175971e+01	0	0
27	550_610	5.5000000000e+02	6.1000000000e+02	12	0	1	1	6.9959106445e+00	7.6777343750e+00	5.4384350586e+02	6.0889849854e+02	-6.1564941406e+00	-1.1015014648e+00	6.1564941406e+00	7.2579956055e+00	3.6289978027e+00	3.0515855551e-01	2.0114877820e-01	3.0515855551e-01	2.4301159695e+01	2.4463288610e+01	2.4463288610e+01	4.6173167229e-01	6.5817412734e-01	4.6173167229e-01	1.0400977731e-01	7.5671142287e-01	1.1302883360e+00	0	1.5257927775e+00	1	0
27	550_610	5.5000000000e+02	6.1000000000e+02	13	0	1	1	5.7367553711e+00	6.4185791016e+00	5.5475592041e+02	6.0763934326e+02	4.7559204102e+00	-2.3606567383e+00	4.7559204102e+00	7.1165771484e+00	3.5582885742e+00	1.6448733211e-01	9.7435027361e-02	1.6448733211e-01	2.3373017447e+01	3.0060880635e+01	3.0060880635e+01	5.2479007840e-01	7.5476506352e-01	5.2479007840e-01	6.7052304745e-02	7.2781009265e-01	1.3889164002e+00	1	1.1111897149e+00	1	0
27	550_610	5.5000000000e+02	6.1000000000e+02	14	0	1	1	6.1564941406e+00	7.2579956055e+00	5.5265740967e+02	6.0596051025e+02	2.6574096680e+00	-4.0394897461e+00	4.0394897461e+00	6.6968994141e+00	3.3484497070e+00	8.6678601801e-02	2.4546457455e-02	8.6678601801e-02	2.9083332888e+01	1.0433378318e+02	1.0433378318e+02	3.2306083292e-01	8.3952574618e-01	3.2306083292e-01	6.2132144347e-02	9.0562304384e-01	4.8205807510e+00	0	1.0915945003e+01	1	0
27	550_610	5.5000000000e+02	6.1000000000e+02	15	0	1	1	5.3170776367e+00	6.4185791016e+00	5.4258435059e+02	6.0763934326e+02	-7.4156494141e+00	-2.3606567383e+00	7.4156494141e+00	9.7763061523e+00	4.8881530762e+00	3.7855084985e-02	1.3625198975e-02	3.7855084985e-02	3.0144590248e+01	1.1894158675e+02	1.1894158675e+02	3.4632227197e-01	8.6027533375e-01	3.4632227197e-01	2.4229886010e-02	9.3866943245e-01	5.4955116756e+00	0	1.2844319073e+01	0	0
27	550_610	5.5000000000e+02	6.1000000000e+02	16	0	1	1	7.8353271484e+00	8.9368286133e+00	5.4258435059e+02	6.0638018799e+02	-7.4156494141e+00	-3.6198120117e+00	7.4156494141e+00	1.1035461426e+01	5.5177307129e+00	6.0203228146e-02	1.6400432214e-02	6.0203228146e-02	3.0468909916e+01	1.1187360603e+02	1.1187360603e+02	3.6356508359e-01	8.5210516490e-01	3.6356508359e-01	4.3802795932e-02	9.4876839070e-01	5.1689465806e+00	0	1.1911275945e+01	0	0
27	550_610	5.5000000000e+02	6.1000000000e+02	17	0	1	1	5.7367553711e+00	6.4185791016e+00	5.5391650391e+02	6.0763934326e+02	3.9165039062e+00	-2.3606567383e+00	3.9165039062e+00	6.2771606445e+00	3.1385803223e+00	2.3957583308e-01	1.8608853221e-01	2.3957583308e-01	2.2783028261e+01	2.6405212677e+01	2.6405212677e+01	4.9501988292e-01	6.6976287961e-01	4.9501988292e-01	5.3487300873e-02	7.0943847740e-01	1.2200119279e+00	1	1.1978791654e+00	1	0
27	550_610	5.5000000000e+02	6.1000000000e+02	18	0	1	1	5.3170776367e+00	5.9989013672e+00	5.5475592041e+02	6.0763934326e+02	4.7559204102e+00	-2.3606567383e+00	4.7559204102e+00	7.1165771484e+00	3.5582885742e+00	1.2332166731e-01	7.0175834000e-02	1.2332166731e-01	2.2660036100e+01	3.3078094261e+01	3.3078094261e+01	5.2263300121e-01	7.7924161404e-01	5.2263300121e-01	5.3145833313e-02	7.0560863656e-01	1.5283220796e+00	0	1.5094916560e+00	1	0
27	550_610	5.5000000000e+02	6.1000000000e+02	19	0	1	1	6.5762329102e+00	7.2580566406e+00	5.5391650391e+02	6.0889849854e+02	3.9165039062e+00	-1.1015014648e+00	3.9165039062e+00	5.0180053711e+00	2.5090026855e+00	2.3709180951e-01	1.8497481942e-01	2.3709180951e-01	2.2944280656e+01	2.5522429300e+01	2.5522429300e+01	5.0505205989e-01	6.7104735970e-01	5.0505205989e-01	5.2116990089e-02	7.1445969985e-01	1.1792242901e+00	1	1.1854590476e+00	1	0
28	540_620	5.4000000000e+02	6.2000000000e+02	0	0	1	1	1.0700683594e+00	1.8433837891e+00	5.3964642334e+02	6.1015759277e+02	-3.5357666016e-01	-9.8424072266e+00	9.8424072266e+00	1.0195983887e+01	5.0979919434e+00	4.1955411434e-02	2.2120228037e-02	4.1955411434e-02	3.0242182500e+01	5.2713517135e+01	5.2713517135e+01	5.8044958115e-01	8.4560061432e-01	5.8044958115e-01	1.9835183397e-02	9.8147845507e-01	2.1566721629e+00	0	3.3047776083e+00	0	0
28	540_620	5.4000000000e+02	6.2000000000e+02	1	0	1	1	1.4897460938e+00	2.6827392578e+00	5.3838726807e+02	6.2316857910e+02	-1.6127319336e+00	3.1685791016e+00	3.1685791016e+00	4.7813110352e+00	2.3906555176e+00	3.7786673754e-02	2.2585820407e-02	3.7786673754e-02	3.0919164587e+01	5.3244774206e+01	5.3244774206e+01	6.5880857781e-01	8.3677320555e-01	6.5880857781e-01	1.5200853348e-02	1.0034492018e+00	2.1784075241e+00	0	3.3668786404e+00	1	0
28	540_620	5.4000000000e+02	6.2000000000e+02	2	0	1	1	1.0700683594e+00	1.4236450195e+00	5.3964642334e+02	6.2107006836e+02	-3.5357666016e-01	1.0700683594e+00	1.0700683594e+00	1.4236450195e+00	7.1182250977e-01	3.7757250667e-01	3.2609161735e-01	3.7757250667e-01	1.7740138818e+01	2.0545854902e+01	2.0545854902e+01	4.0845754743e-01	5.2989026904e-01	4.0845754743e-01	5.1480889320e-02	5.7573768164e-01	8.4059413484e-01	0	1.8878625333e+00	1	0
28	540_620	5.4000000000e+02	6.2000000000e+02	3	0	1	1	1.0700683594e+00	1.4236450195e+00	5.3880700684e+02	6.2190948486e+02	-1.1929931641e+00	1.9094848633e+00	1.9094848633e+00	3.1024780273e+00	1.5512390137e+00	4.0424513817e-01	3.7284228206e-01	4.0424513817e-01	1.7269017665e+01	2.0909134029e+01	2.0909134029e+01	3.8513886929e-01	4.8874351382e-01	3.8513886929e-01	3.1402856112e-02	5.6044793653e-01	8.5545700160e-01	0	2.0212256908e+00	1	0
28	540_620	5.4000000000e+02	6.2000000000e+02	4	0	1	1	1.0700683594e+00	1.4236450195e+00	5.3880700684e+02	6.2190948486e+02	-1.1929931641e+00	1.9094848633e+00	1.9094848633e+00	3.1024780273e+00	1.5512390137e+00	4.0737745166e-01	3.9000487328e-01	4.0737745166e-01	1.6994479274e+01	2.1176865817e+01	2.1176865817e+01	3.8359311223e-01	4.7348403931e-01	3.8359311223e-01	1.7372578382e-02	5.5153807974e-01	8.6641073271e-01	0	2.0368872583e+00	1	0
28	540_620	5.4000000000e+02	6.2000000000e+02	5	0	1	1	7.7331542969e-01	1.0039672852e+00	5.3964642334e+02	6.1015759277e+02	-3.5357666016e-01	-9.8424072266e+00	9.8424072266e+00	1.0195983887e+01	5.0979919434e+00	3.6415487528e-02	1.4722858556e-02	3.6415487528e-02	3.1431402650e+01	5.6819084130e+01	5.6819084130e+01	5.3337821364e-01	8.5644348990e-01	5.3337821364e-01	2.1692628972e-02	1.0200733533e+00	2.3246435398e+00	0	3.7846958279e+00	0	0
28	540_620	5.4000000000e+02	6.2000000000e+02	6	0	1	1	2.8718261719e+00	4.7813110352e+00	5.3754785156e+02	6.2274890137e+02	-2.4521484375e+00	2.7489013672e+00	2.7489013672e+00	5.2010498047e+00	2.6005249023e+00	1.0133211315e-01	5.7909194380e-02	1.0133211315e-01	2.3837911818e+01	3.3653486854e+01	3.3653486854e+01	6.6666819155e-01	7.9991441593e-01	6.6666819155e-01	4.3422918767e-02	7.7363453724e-01	1.3768676846e+00	1	1.0767648130e+00	1	0
28	540_620	5.4000000000e+02	6.2000000000e+02	7	0	1	1	1.0700683594e+00	1.1361694336e+00	5.4090551758e+02	6.2107006836e+02	9.0551757812e-01	1.0700683594e+00	1.0700683594e+00	1.9755859375e+00	9.8779296875e-01	2.9714792967e-01	2.3418061435e-01	2.9714792967e-01	1.9169387493e+01	2.2571952758e+01	2.2571952758e+01	4.8954474926e-01	6.2221910059e-01	4.8954474926e-01	6.2967315316e-02	6.2212245500e-01	9.2348803158e-01	1	1.4857396483e+00	1	1
28	540_620	5.4000000000e+02	6.2000000000e+02	8	0	1	1	1.4897460938e+00	2.6827392578e+00	5.3838726807e+02	6.2274890137e+02	-1.6127319336e+00	2.7489013672e+00	2.7489013672e+00	4.3616333008e+00	2.1808166504e+00	1.2867255509e-01	7.2758629918e-02	1.2867255509e-01	2.3360325241e+01	3.1479552446e+01	3.1479552446e+01	6.4017163217e-01	7.8422044218e-01	6.4017163217e-01	5.5913925171e-02	7.5813496357e-01	1.2879253397e+00	1	8.2264382761e-01	1	0
28	540_620	5.4000000000e+02	6.2000000000e+02	9	0	1	1	1.0700683594e+00	1.4236450195e+00	5.3880700684e+02	6.2190948486e+02	-1.1929931641e+00	1.9094848633e+00	1.9094848633e+00	3.1024780273e+00	1.5512390137e+00	4.1795963049e-01	3.7875503302e-01	4.1795963049e-01	1.7644803255e+01	2.1133429200e+01	2.1133429200e+01	3.7085926533e-01	4.8463797569e-01	3.7085926533e-01	3.9204597473e-02	5.7264366548e-01	8.6463360708e-01	0	2.0897981524e+00	1	0
28	540_620	5.4000000000e+02	6.2000000000e+02	10	0	1	1	1.9094848633e+00	2.2630615234e+00	5.4132525635e+02	6.2190948486e+02	1.3252563477e+00	1.9094848633e+00	1.9094848633e+00	3.2347412109e+00	1.6173706055e+00	2.2841095924e-01	2.0263230801e-01	2.2841095924e-01	2.0045353524e+01	2.5580475116e+01	2.5580475116e+01	5.5396884680e-01	6.5476965904e-01	5.5396884680e-01	2.5778651237e-02	6.5055101788e-01	1.0465759372e+00	1	1.1420547962e+00	1	0
28	540_620	5.4000000000e+02	6.2000000000e+02	11	0	1	1	1.0700683594e+00	1.8433837891e+00	5.3964642334e+02	6.1015759277e+02	-3.5357666016e-01	-9.8424072266e+00	9.8424072266e+00	1.0195983887e+01	5.0979919434e+00	3.3255968243e-02	2.1473027766e-02	3.3255968243e-02	3.0736886821e+01	5.6568540351e+01	5.6568540351e+01	5.6882926449e-01	8.4778269380e-01	5.6882926449e-01	1.1782940477e-02	9.9753356727e-01	2.3143930229e+00	0	3.7554086370e+00	0	0
28	540_620	5.4000000000e+02	6.2000000000e+02	12	0	1	1	1.0700683594e+00	1.5559082031e+00	5.4132525635e+02	6.2190948486e+02	1.3252563477e+00	1.9094848633e+00	1.9094848633e+00	3.2347412109e+00	1.6173706055e+00	2.5792697072e-01	2.0404857397e-01	2.5792697072e-01	1.9775517647e+01	2.3733997201e+01	2.3733997201e+01	5.2744701505e-01	6.5378248692e-01	5.2744701505e-01	5.3878396749e-02	6.4179377624e-01	9.7103084484e-01	1	1.2896348536e+00	1	0
28	540_620	5.4000000000e+02	6.2000000000e+02	13	0	1	1	1.0700683594e+00	1.4236450195e+00	5.4006610107e+02	6.2274890137e+02	6.6101074219e-02	2.7489013672e+00	2.7489013672e+00	2.8150024414e+00	1.4075012207e+00	1.6886959970e-01	1.0852003098e-01	1.6886959970e-01	2.2496238279e+01	2.8746206445e+01	2.8746206445e+01	6.0557790101e-01	7.4884676933e-01	6.0557790101e-01	6.0349568725e-02	7.3009192346e-01	1.1760957454e+00	1	8.4434799850e-01	1	0
28	540_620	5.4000000000e+02	6.2000000000e+02	14	0	1	1	1.0700683594e+00	1.8433837891e+00	5.3964642334e+02	6.1015759277e+02	-3.5357666016e-01	-9.8424072266e+00	9.8424072266e+00	1.0195983887e+01	5.0979919434e+00	5.0403408706e-02	4.0046039969e-02	5.0403408706e-02	2.9684030296e+01	5.0829752578e+01	5.0829752578e+01	6.1655551940e-01	8.2433151826e-01	6.1655551940e-01	1.0357368737e-02	9.6336420810e-01	2.0796015594e+00	0	3.0845758839e+00	0	0
28	540_620	5.4000000000e+02	6.2000000000e+02	15	0	1	1	4.8583984375e-01	6.7492675781e-01	5.3964642334e+02	6.2023065186e+02	-3.5357666016e-01	2.3065185547e-01	3.5357666016e-01	5.8422851562e-01	2.9211425781e-01	2.0083585754e-02	1.6917942092e-02	2.0083585754e-02	3.3952598524e+01	6.8360403707e+01	6.8360403707e+01	5.3972663544e-01	8.5171276517e-01	5.3972663544e-01	3.1656436622e-03	1.1018961329e+00	2.7968344313e+00	0	5.1338126609e+00	1	0
28	540_620	5.4000000000e+02	6.2000000000e+02	16	0	1	1	1.0700683594e+00	1.8433837891e+00	5.3964642334e+02	6.1015759277e+02	-3.5357666016e-01	-9.8424072266e+00	9.8424072266e+00	1.0195983887e+01	5.0979919434e+00	3.4273345023e-02	1.6867276281e-02	3.4273345023e-02	3.1049872298e+01	5.6657204015e+01	5.6657204015e+01	5.5087373778e-01	8.5383218899e-01	5.5087373778e-01	1.7406068742e-02	1.0076911841e+00	2.3180205262e+00	0	3.7657729320e+00	0	0
28	540_620	5.4000000000e+02	6.2000000000e+02	17	0	1	1	1.9094848633e+00	2.2630615234e+00	5.4132525635e+02	6.2190948486e+02	1.3252563477e+00	1.9094848633e+00	1.9094848633e+00	3.2347412109e+00	1.6173706055e+00	2.2181655467e-01	2.0259629190e-01	2.2181655467e-01	2.0119941742e+01	2.6167260452e+01	2.6167260452e+01	5.6057350338e-01	6.5514679253e-01	5.6057350338e-01	1.9220262766e-02	6.5297170061e-01	1.0705831306e+00	1	1.1090827733e+00	1	0
28	540_620	5.4000000000e+02	6.2000000000e+02	18	0	1	1	2.8718261719e+00	4.7813110352e+00	5.3922668457e+02	6.1099700928e+02	-7.7331542969e-01	-9.0029907227e+00	9.0029907227e+00	9.7763061523e+00	4.8881530762e+00	1.3193312287e-01	1.5303064883e-01	1.5303064883e-01	2.6529681087e+01	3.4080601997e+01	3.4080601997e+01	7.2937807441e-01	6.0240082443e-01	6.0240082443e-01	2.1097525954e-02	8.6099309819e-01	1.3943422791e+00	1	1.1266922260e+00	0	0
28	540_620	5.4000000000e+02	6.2000000000e+02	19	0	1	1	1.0700683594e+00	1.5559082031e+00	5.4132525635e+02	6.2190948486e+02	1.3252563477e+00	1.9094848633e+00	1.9094848633e+00	3.2347412109e+00	1.6173706055e+00	2.4590642750e-01	1.9460920990e-01	2.4590642750e-01	1.9977082038e+01	2.4213861336e+01	2.4213861336e+01	5.3899924457e-01	6.6323341429e-01	5.3899924457e-01	5.1297217607e-02	6.4833533808e-01	9.9066356292e-01	1	1.2295321375e+00	1	0
29	530_630	5.3000000000e+02	6.3000000000e+02	0	0	1	1	4.2039794922e+00	7.6777343750e+00	5.2579602051e+02	6.2400799561e+02	-4.2039794922e+00	-5.9920043945e+00	5.9920043945e+00	1.0195983887e+01	5.0979919434e+00	5.0188966095e-02	1.4218342490e-02	5.0188966095e-02	3.8659108373e+01	5.5449375829e+01	5.5449375829e+01	6.5873568505e-01	8.5924653988e-01	6.5873568505e-01	3.5970623605e-02	1.2751355871e+00	2.1242512436e+00	0	3.2121464102e+00	1	0
29	530_630	5.3000000000e+02	6.3000000000e+02	1	0	1	1	5.4631347656e+00	9.3565673828e+00	5.2411718750e+02	6.2484741211e+02	-5.8828125000e+00	-5.1525878906e+00	5.8828125000e+00	1.1035400391e+01	5.5177001953e+00	2.5369884446e-02	9.7788004205e-03	2.5369884446e-02	3.5923424724e+01	5.3953021739e+01	5.3953021739e+01	7.1721470170e-01	8.6272865254e-01	7.1721470170e-01	1.5591084026e-02	1.1849015460e+00	2.0669263055e+00	0	3.0483608728e+00	1	0
29	530_630	5.3000000000e+02	6.3000000000e+02	2	0	1	1	4.6237182617e+00	8.9368896484e+00	5.2411718750e+02	6.2232916260e+02	-5.8828125000e+00	-7.6708374023e+00	7.6708374023e+00	1.3553649902e+01	6.7768249512e+00	3.7866872549e-01	3.7726217508e-01	3.7866872549e-01	1.5830436794e+01	2.5295946058e+01	2.5295946058e+01	4.0919494629e-01	4.9193835258e-01	4.0919494629e-01	1.4065504074e-03	5.2215258359e-01	9.6908114955e-01	0	1.8933436275e+00	1	0
29	530_630	5.3000000000e+02	6.3000000000e+02	3	0	1	1	4.3131713867e+00	8.5171508789e+00	5.2411718750e+02	6.2190948486e+02	-5.8828125000e+00	-8.0905151367e+00	8.0905151367e+00	1.3973327637e+01	6.9866638184e+00	4.1328358650e-01	3.6973378062e-01	4.1328358650e-01	1.5734285778e+01	2.1930573451e+01	2.1930573451e+01	3.8390511274e-01	5.0179615617e-01	3.8390511274e-01	4.3549805880e-02	5.1898112961e-01	8.4015459558e-01	0	2.0664179325e+00	1	0
29	530_630	5.3000000000e+02	6.3000000000e+02	4	0	1	1	4.6237182617e+00	8.9368896484e+00	5.2537628174e+02	6.2316857910e+02	-4.6237182617e+00	-6.8314208984e+00	6.8314208984e+00	1.1455139160e+01	5.7275695801e+00	4.5510208607e-01	4.1484355927e-01	4.5510208607e-01	1.6022676022e+01	2.1787805449e+01	2.1787805449e+01	3.4155154228e-01	4.5915377140e-01	3.4155154228e-01	4.0258526802e-02	5.2849341995e-01	8.3468519035e-01	0	2.2755104303e+00	1	0
29	530_630	5.3000000000e+02	6.3000000000e+02	5	0	1	1	4.6237182617e+00	7.6777343750e+00	5.2579602051e+02	6.2400799561e+02	-4.2039794922e+00	-5.9920043945e+00	5.9920043945e+00	1.0195983887e+01	5.0979919434e+00	4.1206102818e-02	1.1489438824e-02	4.1206102818e-02	3.9409245152e+01	5.7651661621e+01	5.7651661621e+01	6.4382221177e-01	8.5911453981e-01	6.4382221177e-01	2.9716663994e-02	1.2998781677e+00	2.2086202425e+00	0	3.4532006929e+00	1	0
29	530_630	5.3000000000e+02	6.3000000000e+02	6	0	1	1	5.4631347656e+00	9.3565673828e+00	5.2285803223e+02	6.2358831787e+02	-7.1419677734e+00	-6.4116821289e+00	7.1419677734e+00	1.3553649902e+01	6.7768249512e+00	6.5295509994e-02	3.9489462972e-02	6.5295509994e-02	2.7930215164e+01	3.6442177617e+01	3.6442177617e+01	7.3486597091e-01	8.3346782625e-01	7.3486597091e-01	2.5806047022e-02	9.2125278650e-01	1.3960903971e+00	1	1.1316868489e+00	1	0
29	530_630	5.3000000000e+02	6.3000000000e+02	7	0	1	1	4.3131713867e+00	7.6777343750e+00	5.2663543701e+02	6.2274890137e+02	-3.3645629883e+00	-7.2510986328e+00	7.2510986328e+00	1.0615661621e+01	5.3078308105e+00	2.5853624940e-01	2.3774950206e-01	2.5853624940e-01	1.6927678494e+01	2.4573154535e+01	2.4573154535e+01	5.3754988313e-01	6.3705863059e-01	5.3754988313e-01	2.0786747336e-02	5.5834410476e-01	9.4139119330e-01	1	1.2926812470e+00	1	0
29	530_630	5.3000000000e+02	6.3000000000e+02	8	0	1	1	6.3025512695e+00	1.0195983887e+01	5.3754785156e+02	6.2484741211e+02	7.5478515625e+00	-5.1525878906e+00	7.5478515625e+00	1.2700439453e+01	6.3502197266e+00	1.0290652514e-01	1.1024238914e-01	1.1024238914e-01	2.6875407045e+01	3.3882612778e+01	3.3882612778e+01	7.5825393200e-01	6.5245709568e-01	6.5245709568e-01	7.3358640075e-03	8.8646089846e-01	1.2980341303e+00	1	8.5152608651e-01	1	0
29	530_630	5.3000000000e+02	6.3000000000e+02	9	0	1	1	3.3645629883e+00	5.5791625977e+00	5.2621569824e+02	6.2484741211e+02	-3.7843017578e+00	-5.1525878906e+00	5.1525878906e+00	8.9368896484e+00	4.4684448242e+00	4.6615916491e-01	4.7977280617e-01	4.7977280617e-01	2.0436078706e+01	1.8302075948e+01	2.0436078706e+01	4.0530514717e-01	3.0425733328e-01	3.0425733328e-01	1.3613641262e-02	6.7406550010e-01	7.0114779493e-01	0	2.3988640308e+00	1	0
29	530_630	5.3000000000e+02	6.3000000000e+02	10	0	1	1	4.6237182617e+00	8.9368896484e+00	5.2663543701e+02	6.2274890137e+02	-3.3645629883e+00	-7.2510986328e+00	7.2510986328e+00	1.0615661621e+01	5.3078308105e+00	2.2008480132e-01	1.7718532681e-01	2.2008480132e-01	1.8277934834e+01	2.5528119935e+01	2.5528119935e+01	5.8081202209e-01	6.9388523698e-01	5.8081202209e-01	4.2899474502e-02	6.0288108409e-01	9.7797567072e-01	1	1.1346254740e+00	1	0
29	530_630	5.3000000000e+02	6.3000000000e+02	11	0	1	1	4.6237182617e+00	8.0974731445e+00	5.2579602051e+02	6.2400799561e+02	-4.2039794922e+00	-5.9920043945e+00	5.9920043945e+00	1.0195983887e+01	5.0979919434e+00	4.1221886873e-02	9.9081248045e-03	4.1221886873e-02	3.9349306577e+01	5.6118611788e+01	5.6118611788e+01	6.4728656411e-01	8.6197550595e-01	6.4728656411e-01	3.1313762069e-02	1.2979011482e+00	2.1498895000e+00	0	3.2853985714e+00	1	0
29	530_630	5.3000000000e+02	6.3000000000e+02	12	0	1	1	4.3131713867e+00	7.6777343750e+00	5.2663543701e+02	6.2316857910e+02	-3.3645629883e+00	-6.8314208984e+00	6.8314208984e+00	1.0195983887e+01	5.0979919434e+00	2.3652902246e-01	2.1183216572e-01	2.3652902246e-01	1.7681448320e+01	2.5639897172e+01	2.5639897172e+01	5.5844286084e-01	6.5937948227e-01	5.5844286084e-01	2.4696856737e-02	5.8320651804e-01	9.8225782776e-01	1	1.1908385199e+00	1	0
29	530_630	5.3000000000e+02	6.3000000000e+02	13	0	1	1	5.4631347656e+00	9.3565673828e+00	5.2411718750e+02	6.2484741211e+02	-5.8828125000e+00	-5.1525878906e+00	5.8828125000e+00	1.1035400391e+01	5.5177001953e+00	1.4927592874e-01	1.2083055079e-01	1.4927592874e-01	2.6063669365e+01	3.5020072731e+01	3.5020072731e+01	6.4597764611e-01	7.4752031267e-01	6.4597764611e-01	2.8445377946e-02	8.5968646813e-01	1.3416099268e+00	1	9.7602836235e-01	1	0
29	530_630	5.3000000000e+02	6.3000000000e+02	14	0	1	1	4.6237182617e+00	8.5171508789e+00	5.2411718750e+02	6.2358831787e+02	-5.8828125000e+00	-6.4116821289e+00	6.4116821289e+00	1.2294494629e+01	6.1472473145e+00	5.4613947868e-02	1.6877289861e-02	5.4613947868e-02	3.7593813287e+01	5.2921106632e+01	5.2921106632e+01	6.7564451694e-01	8.5871589556e-01	6.7564451694e-01	3.7736658007e-02	1.2399977960e+00	2.0273939046e+00	0	2.9354111561e+00	1	0
29	530_630	5.3000000000e+02	6.3000000000e+02	15	0	1	1	4.6237182617e+00	7.2580566406e+00	5.2579602051e+02	6.2652624512e+02	-4.2039794922e+00	-3.4737548828e+00	4.2039794922e+00	7.6777343750e+00	3.8388671875e+00	1.5736179426e-02	6.4045465551e-03	1.5736179426e-02	3.9312281756e+01	6.2129084669e+01	6.2129084669e+01	6.8523149006e-01	8.6276170844e-01	6.8523149006e-01	9.3316328712e-03	1.2966799181e+00	2.3801491612e+00	0	3.9432833178e+00	1	0
29	530_630	5.3000000000e+02	6.3000000000e+02	16	0	1	1	4.6237182617e+00	7.6777343750e+00	5.2579602051e+02	6.2400799561e+02	-4.2039794922e+00	-5.9920043945e+00	5.9920043945e+00	1.0195983887e+01	5.0979919434e+00	4.1130091995e-02	1.0903746821e-02	4.1130091995e-02	3.9442950007e+01	5.7222729866e+01	5.7222729866e+01	6.4385131374e-01	8.6011037137e-01	6.4385131374e-01	3.0226345174e-02	1.3009898917e+00	2.1921879779e+00	0	3.4062513655e+00	1	0
29	530_630	5.3000000000e+02	6.3000000000e+02	17	0	1	1	4.6237182617e+00	8.5171508789e+00	5.2579602051e+02	6.2274890137e+02	-4.2039794922e+00	-7.2510986328e+00	7.2510986328e+00	1.1455078125e+01	5.7275390625e+00	2.1903494000e-01	1.6756926477e-01	2.1903494000e-01	1.8987941740e+01	2.5863750236e+01	2.5863750236e+01	5.8189120889e-01	7.0342619717e-01	5.8189120889e-01	5.1465675235e-02	6.2630001720e-01	9.9083358071e-01	1	1.0951747000e+00	1	0
29	530_630	5.3000000000e+02	6.3000000000e+02	18	0	1	1	5.4631347656e+00	9.3565673828e+00	5.2327777100e+02	6.2358831787e+02	-6.7222290039e+00	-6.4116821289e+00	6.7222290039e+00	1.3133911133e+01	6.5669555664e+00	1.2742367387e-01	5.0683517009e-02	1.2742367387e-01	2.9865262746e+01	3.4190733444e+01	3.4190733444e+01	6.7277666926e-01	8.1776468083e-01	6.7277666926e-01	7.6740156859e-02	9.8507857394e-01	1.3098381533e+00	1	8.8525186651e-01	1	0
29	530_630	5.3000000000e+02	6.3000000000e+02	19	0	1	1	4.3131713867e+00	7.6777343750e+00	5.2663543701e+02	6.2316857910e+02	-3.3645629883e+00	-6.8314208984e+00	6.8314208984e+00	1.0195983887e+01	5.0979919434e+00	2.2362637520e-01	1.8015819788e-01	2.2362637520e-01	1.8108332036e+01	2.5672297048e+01	2.5672297048e+01	5.7327973843e-01	6.8872487545e-01	5.7327973843e-01	4.3468177319e-02	5.9728688979e-01	9.8349905864e-01	1	1.1506088863e+00	1	1
30	520_640	5.2000000000e+02	6.4000000000e+02	0	0	1	1	4.6967163086e+00	5.1594848633e+00	5.2327777100e+02	6.2778540039e+02	3.2777709961e+00	-1.2214599609e+01	1.2214599609e+01	1.5492370605e+01	7.7461853027e+00	2.9879838228e-02	3.7742443383e-02	3.7742443383e-02	3.7905457712e+01	4.4294151317e+01	4.4294151317e+01	8.4736195207e-01	7.3089318722e-01	7.3089318722e-01	7.8626051545e-03	1.3964566786e+00	1.4740290532e+00	1	1.3543687234e+00	0	0
30	520_640	5.2000000000e+02	6.4000000000e+02	1	0	1	1	2.0186157227e+00	2.8150024414e+00	5.2243829346e+02	6.4205554199e+02	2.4382934570e+00	2.0555419922e+00	2.4382934570e+00	4.4938354492e+00	2.2469177246e+00	5.8131698519e-02	3.3114761114e-02	5.8131698519e-02	3.2736276929e+01	4.6895321673e+01	4.6895321673e+01	7.3025780544e-01	8.4589764476e-01	7.3025780544e-01	2.5016937405e-02	1.2060213835e+00	1.5605912869e+00	0	1.6016893910e+00	1	0
30	520_640	5.2000000000e+02	6.4000000000e+02	2	0	1	1	3.2777709961e+00	4.0741577148e+00	5.2453686523e+02	6.4079638672e+02	4.5368652344e+00	7.9638671875e-01	4.5368652344e+00	5.3332519531e+00	2.6666259766e+00	3.8435676694e-01	3.2405614853e-01	3.8435676694e-01	1.5559387555e+01	2.2214095968e+01	2.2214095968e+01	4.0997537971e-01	5.5664497614e-01	4.0997537971e-01	6.0300618410e-02	5.7321588968e-01	7.3924484099e-01	0	1.9217838347e+00	1	0
30	520_640	5.2000000000e+02	6.4000000000e+02	3	0	1	1	3.2777709961e+00	4.1602172852e+00	5.2537628174e+02	6.4289495850e+02	5.3762817383e+00	2.8949584961e+00	5.3762817383e+00	8.2712402344e+00	4.1356201172e+00	4.5168027282e-01	4.0778666735e-01	4.5168027282e-01	1.5447431936e+01	2.1668299075e+01	2.1668299075e+01	3.4543988109e-01	4.7127735615e-01	3.4543988109e-01	4.3893605471e-02	5.6909138672e-01	7.2108170990e-01	0	2.2584013641e+00	0	0
30	520_640	5.2000000000e+02	6.4000000000e+02	4	0	1	1	3.2777709961e+00	4.1602172852e+00	5.2453686523e+02	6.4079638672e+02	4.5368652344e+00	7.9638671875e-01	4.5368652344e+00	5.3332519531e+00	2.6666259766e+00	4.8444741964e-01	4.2931467295e-01	4.8444741964e-01	1.5617837708e+01	2.0743569035e+01	2.0743569035e+01	3.1139034033e-01	4.4731336832e-01	3.1139034033e-01	5.5132746696e-02	5.7536922357e-01	6.9030837063e-01	0	2.4222370982e+00	1	0
30	520_640	5.2000000000e+02	6.4000000000e+02	5	0	1	1	5.1164550781e+00	5.5792236328e+00	5.2411718750e+02	6.2946423340e+02	4.1171875000e+00	-1.0535766602e+01	1.0535766602e+01	1.4652954102e+01	7.3264770508e+00	2.6210950688e-02	3.1861804426e-02	3.1861804426e-02	4.0495271827e+01	4.7958934068e+01	4.7958934068e+01	8.5057736747e-01	7.2227404267e-01	7.2227404267e-01	5.6508537382e-03	1.4918667709e+00	1.5959863791e+00	0	1.7028182260e+00	0	0
30	520_640	5.2000000000e+02	6.4000000000e+02	6	0	1	1	2.0186157227e+00	2.8150024414e+00	5.2285803223e+02	6.4205554199e+02	2.8580322266e+00	2.0555419922e+00	2.8580322266e+00	4.9135742188e+00	2.4567871094e+00	8.8599048555e-02	5.0832685083e-02	8.8599048555e-02	2.4114904079e+01	3.5015246581e+01	3.5015246581e+01	7.1192655712e-01	8.2738083974e-01	7.1192655712e-01	3.7766363472e-02	8.8840554601e-01	1.1652439257e+00	1	7.0231963536e-01	1	0
30	520_640	5.2000000000e+02	6.4000000000e+02	7	0	1	1	3.2777709961e+00	3.6544189453e+00	5.2579602051e+02	6.3995697021e+02	5.7960205078e+00	-4.3029785156e-02	5.7960205078e+00	5.8390502930e+00	2.9195251465e+00	3.4768939018e-01	2.2374613583e-01	3.4768939018e-01	2.0999937988e+01	2.3556305633e+01	2.3556305633e+01	4.4372045994e-01	6.5613745153e-01	4.4372045994e-01	1.2394325435e-01	7.7364858317e-01	7.8391114529e-01	0	1.7384469509e+00	0	0
30	520_640	5.2000000000e+02	6.4000000000e+02	8	0	1	1	2.0186157227e+00	2.3952636719e+00	5.2285803223e+02	6.4121612549e+02	2.8580322266e+00	1.2161254883e+00	2.8580322266e+00	4.0741577148e+00	2.0370788574e+00	1.2023529410e-01	7.8401349485e-02	1.2023529410e-01	2.1944955698e+01	3.2146492516e+01	3.2146492516e+01	6.7740246654e-01	7.9973421246e-01	6.7740246654e-01	4.1833944619e-02	8.0846352468e-01	1.0697769913e+00	1	7.3811363953e-01	1	0
30	520_640	5.2000000000e+02	6.4000000000e+02	9	0	1	1	3.2777709961e+00	4.4938964844e+00	5.2495660400e+02	6.4289495850e+02	4.9566040039e+00	2.8949584961e+00	4.9566040039e+00	7.8515625000e+00	3.9257812500e+00	4.4719839096e-01	3.8626086712e-01	4.4719839096e-01	1.5202372129e+01	2.1805761903e+01	2.1805761903e+01	3.4888070822e-01	4.9225068092e-01	3.4888070822e-01	6.0937523842e-02	5.6006325661e-01	7.2565622359e-01	0	2.2359919548e+00	1	0
30	520_640	5.2000000000e+02	6.4000000000e+02	10	0	1	1	2.0186157227e+00	2.0616455078e+00	5.2411718750e+02	6.4079638672e+02	4.1171875000e+00	7.9638671875e-01	4.1171875000e+00	4.9135742188e+00	2.4567871094e+00	2.4156579375e-01	1.2554101646e-01	2.4156579375e-01	2.3959903658e+01	2.7760108068e+01	2.7760108068e+01	5.5249026418e-01	7.5343574584e-01	5.5249026418e-01	1.1602477729e-01	8.8269525029e-01	9.2380606907e-01	0	1.2078289688e+00	1	0
30	520_640	5.2000000000e+02	6.4000000000e+02	11	0	1	1	5.5361328125e+00	5.5791625977e+00	5.2285803223e+02	6.3408105469e+02	2.8580322266e+00	-5.9189453125e+00	5.9189453125e+00	8.7769775391e+00	4.3884887695e+00	5.1189303398e-02	4.4812172651e-02	5.1189303398e-02	3.6270347368e+01	5.3342783466e+01	5.3342783466e+01	7.2137242556e-01	8.3416709304e-01	7.2137242556e-01	6.3771307468e-03	1.3362183674e+00	1.7751511265e+00	0	2.2147175042e+00	0	0
30	520_640	5.2000000000e+02	6.4000000000e+02	12	0	1	1	3.2777709961e+00	3.6544189453e+00	5.2663543701e+02	6.4037664795e+02	6.6354370117e+00	3.7664794922e-01	6.6354370117e+00	7.0120849609e+00	3.5060424805e+00	2.2090752423e-01	1.7051184177e-01	2.2090752423e-01	1.8097487353e+01	2.5552354203e+01	2.5552354203e+01	5.7359538972e-01	7.1051961184e-01	5.7359538972e-01	5.0395682454e-02	6.6672079975e-01	8.5033602298e-01	1	1.1045376211e+00	0	0
30	520_640	5.2000000000e+02	6.4000000000e+02	13	0	1	1	2.0186157227e+00	2.4813842773e+00	5.2285803223e+02	6.4121612549e+02	2.8580322266e+00	1.2161254883e+00	2.8580322266e+00	4.0741577148e+00	2.0370788574e+00	1.2749649584e-01	8.3421923220e-02	1.2749649584e-01	2.1473478300e+01	3.0967440095e+01	3.0967440095e+01	6.7094914615e-01	7.9412718862e-01	6.7094914615e-01	4.4074572623e-02	7.9109405332e-01	1.0305402642e+00	1	7.4521296117e-01	1	0
30	520_640	5.2000000000e+02	6.4000000000e+02	14	0	1	1	2.0186157227e+00	2.0616455078e+00	5.2285803223e+02	6.2778540039e+02	2.8580322266e+00	-1.2214599609e+01	1.2214599609e+01	1.5072631836e+01	7.5363159180e+00	3.4007318318e-02	6.1203494668e-02	6.1203494668e-02	3.4679747199e+01	4.4107501567e+01	4.4107501567e+01	8.4161143750e-01	7.1750967205e-01	7.1750967205e-01	2.7196176350e-02	1.2776198340e+00	1.4678176879e+00	1	1.3366219654e+00	0	0
30	520_640	5.2000000000e+02	6.4000000000e+02	15	0	1	1	4.6967163086e+00	5.1594848633e+00	5.1362445068e+02	6.3324163818e+02	-6.3755493164e+00	-6.7583618164e+00	6.7583618164e+00	1.3133911133e+01	6.5669555664e+00	5.2879061550e-02	2.3497117683e-02	5.2879061550e-02	4.3664841816e+01	5.9626034106e+01	5.9626034106e+01	6.9524714723e-01	8.4979115613e-01	6.9524714723e-01	2.9381943867e-02	1.6086353695e+00	1.9842463166e+00	0	2.8121323332e+00	0	0
30	520_640	5.2000000000e+02	6.4000000000e+02	16	0	1	1	5.5361328125e+00	5.5791625977e+00	5.2285803223e+02	6.2946423340e+02	2.8580322266e+00	-1.0535766602e+01	1.0535766602e+01	1.3393798828e+01	6.6968994141e+00	4.0194563568e-02	3.8707204163e-02	4.0194563568e-02	3.6224536131e+01	5.3356284771e+01	5.3356284771e+01	7.2616327554e-01	8.3842407912e-01	7.2616327554e-01	1.4873594046e-03	1.3345306577e+00	1.7756004254e+00	0	2.2160012155e+00	0	0
30	520_640	5.2000000000e+02	6.4000000000e+02	17	0	1	1	2.0186157227e+00	2.0616455078e+00	5.2285803223e+02	6.4079638672e+02	2.8580322266e+00	7.9638671875e-01	2.8580322266e+00	3.6544189453e+00	1.8272094727e+00	2.3431599140e-01	1.1750109494e-01	2.3431599140e-01	2.4128849334e+01	2.8216453736e+01	2.8216453736e+01	5.6107455492e-01	7.6131360233e-01	5.6107455492e-01	1.1681489646e-01	8.8891929642e-01	9.3899242559e-01	0	1.1715799570e+00	1	0
30	520_640	5.2000000000e+02	6.4000000000e+02	18	0	1	1	7.9638671875e-01	1.1361694336e+00	5.2285803223e+02	6.4121612549e+02	2.8580322266e+00	1.2161254883e+00	2.8580322266e+00	4.0741577148e+00	2.0370788574e+00	1.0547105223e-01	6.8373821676e-02	1.0547105223e-01	2.3014588163e+01	3.4263973028e+01	3.4263973028e+01	6.9226541370e-01	8.0885932595e-01	6.9226541370e-01	3.7097230554e-02	8.4786933824e-01	1.1402429038e+00	1	7.2226633038e-01	1	1
30	520_640	5.2000000000e+02	6.4000000000e+02	19	0	1	1	2.8580322266e+00	3.2346801758e+00	5.2579602051e+02	6.4037664795e+02	5.7960205078e+00	3.7664794922e-01	5.7960205078e+00	6.1726684570e+00	3.0863342285e+00	2.0489372313e-01	1.5157084167e-01	2.0489372313e-01	1.8896017937e+01	2.6358183899e+01	2.6358183899e+01	5.8843235672e-01	7.3081077635e-01	5.8843235672e-01	5.3322881460e-02	6.9613907969e-01	8.7715257436e-01	1	1.0244686157e+00	0	0
