case_index	case_tag	target_low_nm	target_high_nm	candidate_index	condition_order_code	valid	peak1_wavelength_nm	peak2_wavelength_nm	peak1_signed_error_nm	peak2_signed_error_nm	maximum_absolute_error_nm	peak1_transmittance	peak2_transmittance	worst_valley_transmittance	peak1_fwhm_nm	peak2_fwhm_nm	widest_fwhm_nm	peak1_prominence	peak2_prominence	minimum_prominence	valley_transmittance_imbalance	peak1_fwhm_to_ideal_ratio	peak2_fwhm_to_ideal_ratio	shape_gate_passed	shape_minimax_score	inside_position_window	selected
1	450_490	4.5000000000e+02	4.9000000000e+02	0	0	1	4.4647091462e+02	4.9137982483e+02	-3.5290853825e+00	1.3798248259e+00	3.5290853825e+00	4.5136842877e-02	2.0303310826e-02	4.5136842877e-02	1.6109140276e+01	7.6164056057e+01	7.6164056057e+01	3.8640805706e-01	9.1016185097e-01	3.8640805706e-01	2.4833532050e-02	9.5989129123e-01	1.0840055241e+00	1	1.2939688779e+00	1	0
1	450_490	4.5000000000e+02	4.9000000000e+02	1	0	1	4.5864248841e+02	4.8886156818e+02	8.6424884123e+00	-1.1384318213e+00	8.6424884123e+00	5.2546173334e-01	4.9788445234e-01	5.2546173334e-01	8.4965223802e+00	1.4654647484e+01	1.4654647484e+01	3.2133668661e-01	4.4979697466e-01	3.2133668661e-01	2.7577280998e-02	5.0628014274e-01	2.0857238505e-01	0	2.6273086667e+00	0	0
1	450_490	4.5000000000e+02	4.9000000000e+02	2	0	1	4.4479207685e+02	4.8886156818e+02	-5.2079231473e+00	-1.1384318213e+00	5.2079231473e+00	5.6726455688e-01	3.5356926918e-01	5.6726455688e-01	1.0665034175e+01	1.5904140005e+01	1.5904140005e+01	2.6298135519e-01	5.9679359198e-01	2.6298135519e-01	2.1369528770e-01	6.3549470981e-01	2.2635579713e-01	0	2.8363227844e+00	1	0
1	450_490	4.5000000000e+02	4.9000000000e+02	3	0	1	4.5864248841e+02	4.8886156818e+02	8.6424884123e+00	-1.1384318213e+00	8.6424884123e+00	6.5484112501e-01	5.1552891731e-01	6.5484112501e-01	8.5202218800e+00	1.3637635856e+01	1.3637635856e+01	2.1945953369e-01	4.3225026131e-01	2.1945953369e-01	1.3931220770e-01	5.0769231888e-01	1.9409775910e-01	0	3.2742056251e+00	0	0
1	450_490	4.5000000000e+02	4.9000000000e+02	4	0	1	4.5864248841e+02	4.8886156818e+02	8.6424884123e+00	-1.1384318213e+00	8.6424884123e+00	4.5619115233e-01	3.8869303465e-01	4.5619115233e-01	8.6372698116e+00	1.5955968031e+01	1.5955968031e+01	3.3216282725e-01	5.5711978674e-01	3.3216282725e-01	6.7498117685e-02	5.1466682455e-01	2.2709343992e-01	0	2.2809557617e+00	0	0
1	450_490	4.5000000000e+02	4.9000000000e+02	5	0	1	4.5906219785e+02	4.8928127762e+02	9.0621978535e+00	-7.1872238013e-01	9.0621978535e+00	3.9148375392e-01	1.3505098224e-01	3.9148375392e-01	8.9912449109e+00	2.2892921087e+01	2.2892921087e+01	2.2777679563e-01	8.1110087037e-01	2.2777679563e-01	2.5643277168e-01	5.3575904979e-01	3.2582367860e-01	0	2.5643277168e+00	0	0
1	450_490	4.5000000000e+02	4.9000000000e+02	6	0	1	4.4647091462e+02	4.9012069650e+02	-3.5290853825e+00	1.2069650227e-01	3.5290853825e+00	6.4108148217e-02	2.8351606801e-02	6.4108148217e-02	1.5145327913e+01	4.0468142160e+01	4.0468142160e+01	4.1988091171e-01	9.0642899089e-01	4.1988091171e-01	3.5756541416e-02	9.0246084629e-01	5.7596315012e-01	1	1.2115338568e+00	1	0
1	450_490	4.5000000000e+02	4.9000000000e+02	7	0	1	4.4521178629e+02	4.8928127762e+02	-4.7882137061e+00	-7.1872238013e-01	4.7882137061e+00	4.8082479835e-01	2.4011613429e-01	4.8082479835e-01	1.0614089311e+01	1.8449385092e+01	1.8449385092e+01	2.7553364635e-01	7.0619212091e-01	2.7553364635e-01	2.4070866406e-01	6.3245907104e-01	2.6258101777e-01	0	2.4070866406e+00	1	0
1	450_490	4.5000000000e+02	4.9000000000e+02	8	0	1	4.5906219785e+02	4.8928127762e+02	9.0621978535e+00	-7.1872238013e-01	9.0621978535e+00	4.5747777820e-01	2.3357740045e-01	4.5747777820e-01	8.9768904049e+00	1.8736584078e+01	1.8736584078e+01	2.6193609834e-01	7.1059891582e-01	2.6193609834e-01	2.2390037775e-01	5.3490371145e-01	2.6666857958e-01	0	2.2873888910e+00	0	0
1	450_490	4.5000000000e+02	4.9000000000e+02	9	0	1	4.5864248841e+02	4.8886156818e+02	8.6424884123e+00	-1.1384318213e+00	8.6424884123e+00	4.4513043761e-01	3.2895699143e-01	4.4513043761e-01	8.7653828894e+00	1.6767170039e+01	1.6767170039e+01	3.1891879439e-01	6.1739578843e-01	3.1891879439e-01	1.1617344618e-01	5.2230066630e-01	2.3863887885e-01	0	2.2256521881e+00	0	0
1	450_490	4.5000000000e+02	4.9000000000e+02	10	1	1	4.4647091462e+02	4.9137982483e+02	-3.5290853825e+00	1.3798248259e+00	3.5290853825e+00	3.9591915905e-02	2.3039205000e-02	3.9591915905e-02	1.6528204804e+01	7.6036545950e+01	7.6036545950e+01	4.1153132170e-01	9.1365476139e-01	4.1153132170e-01	1.6552710906e-02	9.8486198387e-01	1.0821907355e+00	1	1.2149743498e+00	1	0
1	450_490	4.5000000000e+02	4.9000000000e+02	11	1	1	4.4479207685e+02	4.8928127762e+02	-5.2079231473e+00	-7.1872238013e-01	5.2079231473e+00	3.7733563781e-01	3.3428576589e-01	3.7733563781e-01	1.1720256462e+01	1.6009465758e+01	1.6009465758e+01	4.8784169555e-01	6.1724689603e-01	4.8784169555e-01	4.3049871922e-02	6.9837197491e-01	2.2785484674e-01	0	2.2061290093e+00	1	0
1	450_490	4.5000000000e+02	4.9000000000e+02	12	1	1	4.4479207685e+02	4.8928127762e+02	-5.2079231473e+00	-7.1872238013e-01	5.2079231473e+00	2.2904154658e-01	2.1773850918e-01	2.2904154658e-01	1.3121908962e+01	1.8624753680e+01	1.8624753680e+01	6.0342881083e-01	7.3142987490e-01	6.0342881083e-01	1.1303037405e-02	7.8189188998e-01	2.6507695257e-01	0	2.0997801355e+00	1	0
1	450_490	4.5000000000e+02	4.9000000000e+02	13	1	1	4.4479207685e+02	4.8886156818e+02	-5.2079231473e+00	-1.1384318213e+00	5.2079231473e+00	3.7502986193e-01	3.7034243345e-01	3.7502986193e-01	1.2162485939e+01	1.5520519501e+01	1.5520519501e+01	5.2159136534e-01	5.8075833321e-01	5.2159136534e-01	4.6874284744e-03	7.2472299160e-01	2.2089591532e-01	0	2.2260116705e+00	1	0
1	450_490	4.5000000000e+02	4.9000000000e+02	14	1	1	4.4479207685e+02	4.8928127762e+02	-5.2079231473e+00	-7.1872238013e-01	5.2079231473e+00	2.7399477363e-01	2.6480010152e-01	2.7399477363e-01	1.2826961143e+01	1.7031774444e+01	1.7031774444e+01	5.8868280053e-01	6.8435582519e-01	5.8868280053e-01	9.1946721077e-03	7.6431690848e-01	2.4240486311e-01	0	2.1645575340e+00	1	0
1	450_490	4.5000000000e+02	4.9000000000e+02	15	1	1	4.4479207685e+02	4.9012069650e+02	-5.2079231473e+00	1.2069650227e-01	5.2079231473e+00	1.1718056351e-01	8.9181989431e-02	1.1718056351e-01	1.4888321656e+01	2.5352203809e+01	2.5352203809e+01	5.7144578546e-01	8.5839584470e-01	5.7144578546e-01	2.7998574078e-02	8.8714667905e-01	3.6082543920e-01	0	1.8262130309e+00	1	0
1	450_490	4.5000000000e+02	4.9000000000e+02	16	1	1	4.4647091462e+02	4.9096011538e+02	-3.5290853825e+00	9.6011538467e-01	3.5290853825e+00	4.5308347791e-02	2.7273451909e-02	4.5308347791e-02	1.6250614294e+01	7.4613884554e+01	7.4613884554e+01	4.3177587166e-01	9.0999730863e-01	4.3177587166e-01	1.8034895882e-02	9.6832126796e-01	1.0619426961e+00	1	1.1580082001e+00	1	1
1	450_490	4.5000000000e+02	4.9000000000e+02	17	1	1	4.4479207685e+02	4.8928127762e+02	-5.2079231473e+00	-7.1872238013e-01	5.2079231473e+00	1.7678301036e-01	1.5914325416e-01	1.7678301036e-01	1.3899740778e+01	2.0991241757e+01	2.0991241757e+01	6.0642625391e-01	7.8739519417e-01	6.0642625391e-01	1.7639756203e-02	8.2824035887e-01	2.9875801264e-01	0	2.0035485353e+00	1	0
1	450_490	4.5000000000e+02	4.9000000000e+02	18	1	1	4.4479207685e+02	4.8928127762e+02	-5.2079231473e+00	-7.1872238013e-01	5.2079231473e+00	1.8318974972e-01	1.6762921214e-01	1.8318974972e-01	1.3943389737e+01	2.0539087121e+01	2.0539087121e+01	6.1082559824e-01	7.7867284417e-01	6.1082559824e-01	1.5560537577e-02	8.3084125842e-01	2.9232271825e-01	0	2.0219350907e+00	1	0
1	450_490	4.5000000000e+02	4.9000000000e+02	19	1	1	4.4479207685e+02	4.8928127762e+02	-5.2079231473e+00	-7.1872238013e-01	5.2079231473e+00	2.4991732836e-01	2.1847163141e-01	2.4991732836e-01	1.2790132412e+01	1.8631517290e+01	1.8631517290e+01	5.7106679678e-01	7.2940899432e-01	5.7106679678e-01	3.1445696950e-02	7.6212240413e-01	2.6517321570e-01	0	2.0995050980e+00	1	0
2	440_500	4.4000000000e+02	5.0000000000e+02	0	0	1	4.4479207685e+02	5.0564994583e+02	4.7920768527e+00	5.6499458267e+00	5.6499458267e+00	9.0449221432e-02	8.0155961215e-02	9.0449221432e-02	1.8585720815e+01	2.5330817652e+01	2.5330817652e+01	6.9569974393e-01	8.7698126584e-01	6.9569974393e-01	1.0293260217e-02	6.1983357102e-01	1.1702898010e+00	1	1.0861897971e+00	1	0
2	440_500	4.4000000000e+02	5.0000000000e+02	1	0	1	4.4437236741e+02	5.0397110806e+02	4.3723674115e+00	3.9711080619e+00	4.3723674115e+00	4.8921197653e-01	5.0194859505e-01	5.0194859505e-01	1.3653576757e+01	1.2727175009e+01	1.3653576757e+01	4.8066604137e-01	4.5408678055e-01	4.5408678055e-01	1.2736618519e-02	4.5534662459e-01	5.8799851289e-01	0	2.5097429752e+00	1	0
2	440_500	4.4000000000e+02	5.0000000000e+02	2	0	1	4.4437236741e+02	5.0481052694e+02	4.3723674115e+00	4.8105269443e+00	4.8105269443e+00	2.5526386499e-01	2.8379422426e-01	2.8379422426e-01	1.6292697908e+01	1.5626216374e+01	1.6292697908e+01	7.0809727907e-01	6.3177645206e-01	6.3177645206e-01	2.8530359268e-02	5.4336128398e-01	7.2193491355e-01	1	1.4189711213e+00	1	0
2	440_500	4.4000000000e+02	5.0000000000e+02	3	0	1	4.4437236741e+02	5.0397110806e+02	4.3723674115e+00	3.9711080619e+00	4.3723674115e+00	5.0902581215e-01	5.2690798044e-01	5.2690798044e-01	1.3715726404e+01	1.2604204265e+01	1.3715726404e+01	4.5970511436e-01	4.3241447210e-01	4.3241447210e-01	1.7882168293e-02	4.5741931459e-01	5.8231723527e-01	0	2.6345399022e+00	1	0
2	440_500	4.4000000000e+02	5.0000000000e+02	4	0	1	4.4437236741e+02	5.0439081750e+02	4.3723674115e+00	4.3908175031e+00	4.3908175031e+00	3.6158758402e-01	3.6369809508e-01	3.6369809508e-01	1.4472013129e+01	1.3773524661e+01	1.4472013129e+01	6.0742443800e-01	5.7655128837e-01	5.7655128837e-01	2.1105110645e-03	4.8264146797e-01	6.3634011572e-01	0	1.8184904754e+00	1	0
2	440_500	4.4000000000e+02	5.0000000000e+02	5	0	1	4.4437236741e+02	5.0481052694e+02	4.3723674115e+00	4.8105269443e+00	4.8105269443e+00	2.3217371106e-01	2.6792857051e-01	2.6792857051e-01	1.6913936202e+01	1.6209358109e+01	1.6913936202e+01	7.3006573319e-01	6.3645693660e-01	6.3645693660e-01	3.5754859447e-02	5.6407957380e-01	7.4887620042e-01	1	1.3396428525e+00	1	0
2	440_500	4.4000000000e+02	5.0000000000e+02	6	0	1	4.4479207685e+02	5.0564994583e+02	4.7920768527e+00	5.6499458267e+00	5.6499458267e+00	1.3198274374e-01	1.4710313082e-01	1.4710313082e-01	2.0369612815e+01	1.8795390963e+01	2.0369612815e+01	8.2626336813e-01	6.9394987822e-01	6.9394987822e-01	1.5120387077e-02	6.7932634829e-01	8.6835153340e-01	1	9.1621043346e-01	1	0
2	440_500	4.4000000000e+02	5.0000000000e+02	7	0	1	4.4437236741e+02	5.0564994583e+02	4.3723674115e+00	5.6499458267e+00	5.6499458267e+00	2.1007144451e-01	2.4055607617e-01	2.4055607617e-01	1.7563234544e+01	1.6659615591e+01	1.7563234544e+01	7.5136840343e-01	6.5348629653e-01	6.5348629653e-01	3.0484631658e-02	5.8573366588e-01	7.6967820319e-01	1	1.2027803808e+00	1	0
2	440_500	4.4000000000e+02	5.0000000000e+02	8	0	1	4.4437236741e+02	5.0481052694e+02	4.3723674115e+00	4.8105269443e+00	4.8105269443e+00	3.3215966821e-01	3.4038156271e-01	3.4038156271e-01	1.4819531757e+01	1.4176926867e+01	1.4819531757e+01	6.3500520587e-01	5.9451425076e-01	5.9451425076e-01	8.2218945026e-03	4.9423121015e-01	6.5497739356e-01	0	1.7019078135e+00	1	0
2	440_500	4.4000000000e+02	5.0000000000e+02	9	0	1	4.4437236741e+02	5.0481052694e+02	4.3723674115e+00	4.8105269443e+00	4.8105269443e+00	3.3535861969e-01	3.4349218011e-01	3.4349218011e-01	1.4784926982e+01	1.4139841024e+01	1.4784926982e+01	6.3212072849e-01	5.9216579795e-01	5.9216579795e-01	8.1335604191e-03	4.9307714131e-01	6.5326401880e-01	0	1.7174609005e+00	1	0
2	440_500	4.4000000000e+02	5.0000000000e+02	10	1	1	4.4731033350e+02	5.0690907415e+02	7.3103334999e+00	6.9090741503e+00	7.3103334999e+00	3.0339287594e-02	1.5212376602e-02	3.0339287594e-02	2.1635955682e+01	4.4579292653e+01	4.4579292653e+01	5.1909233443e-01	9.2289964389e-01	5.1909233443e-01	1.5126910992e-02	7.2155886803e-01	2.0595739248e+00	0	3.0273540708e+00	0	0
2	440_500	4.4000000000e+02	5.0000000000e+02	11	1	1	4.4437236741e+02	5.0481052694e+02	4.3723674115e+00	4.8105269443e+00	4.8105269443e+00	2.6073685288e-01	2.5915735960e-01	2.6073685288e-01	1.4664267609e+01	1.6333186203e+01	1.6333186203e+01	6.5324285626e-01	7.0296972990e-01	6.5324285626e-01	1.5794932842e-03	4.8905315265e-01	7.5459708783e-01	0	1.4598481353e+00	1	0
2	440_500	4.4000000000e+02	5.0000000000e+02	12	1	1	4.4479207685e+02	5.0564994583e+02	4.7920768527e+00	5.6499458267e+00	5.6499458267e+00	1.1167007685e-01	1.1228878051e-01	1.1228878051e-01	2.1596524716e+01	1.9630859931e+01	2.1596524716e+01	8.4702599049e-01	7.0667599887e-01	7.0667599887e-01	6.1870366335e-04	7.2024384577e-01	9.0695039847e-01	1	7.9930329780e-01	1	0
2	440_500	4.4000000000e+02	5.0000000000e+02	13	1	1	4.4437236741e+02	5.0481052694e+02	4.3723674115e+00	4.8105269443e+00	4.8105269443e+00	3.1012821198e-01	3.0914345384e-01	3.1012821198e-01	1.4020759528e+01	1.5239574385e+01	1.5239574385e+01	6.1685687304e-01	6.5501782298e-01	6.1685687304e-01	9.8475813866e-04	4.6759216569e-01	7.0407196166e-01	0	1.5506410599e+00	1	0
2	440_500	4.4000000000e+02	5.0000000000e+02	14	1	1	4.4479207685e+02	5.0481052694e+02	4.7920768527e+00	4.8105269443e+00	4.8105269443e+00	2.0851258934e-01	2.0116055012e-01	2.0851258934e-01	1.5558945139e+01	1.8049396115e+01	1.8049396115e+01	6.8283577263e-01	7.5903880596e-01	6.8283577263e-01	7.3520392179e-03	5.1889063775e-01	8.3388639398e-01	1	1.3745981779e+00	1	0
2	440_500	4.4000000000e+02	5.0000000000e+02	15	1	1	4.4479207685e+02	5.0564994583e+02	4.7920768527e+00	5.6499458267e+00	5.6499458267e+00	8.2921400666e-02	7.3005564511e-02	8.2921400666e-02	1.9079051933e+01	2.6095795921e+01	2.6095795921e+01	6.9799546897e-01	8.8427799195e-01	6.9799546897e-01	9.9158361554e-03	6.3628615801e-01	1.2056319791e+00	1	1.0391824057e+00	1	0
2	440_500	4.4000000000e+02	5.0000000000e+02	16	1	1	4.4647091462e+02	5.0690907415e+02	6.4709146175e+00	6.9090741503e+00	6.9090741503e+00	3.3602122217e-02	2.4200886488e-02	3.3602122217e-02	2.1416460409e+01	4.0033899340e+01	4.0033899340e+01	5.6789284572e-01	9.1910555959e-01	5.6789284572e-01	9.4012357295e-03	7.1423870324e-01	1.8495756725e+00	0	2.4273590644e+00	0	0
2	440_500	4.4000000000e+02	5.0000000000e+02	17	1	1	4.4479207685e+02	5.0564994583e+02	4.7920768527e+00	5.6499458267e+00	5.6499458267e+00	8.2847796381e-02	1.2328521162e-01	1.2328521162e-01	2.3802038795e+01	2.0725683556e+01	2.3802038795e+01	8.7453291565e-01	6.6265996546e-01	6.6265996546e-01	4.0437415242e-02	7.9379771443e-01	9.5753151037e-01	1	7.5453479320e-01	1	1
2	440_500	4.4000000000e+02	5.0000000000e+02	18	1	1	4.4479207685e+02	5.0564994583e+02	4.7920768527e+00	5.6499458267e+00	5.6499458267e+00	1.3420383632e-01	1.2158519030e-01	1.3420383632e-01	1.7199627000e+01	2.1890275223e+01	2.1890275223e+01	7.0330716670e-01	8.3631718159e-01	7.0330716670e-01	1.2618646026e-02	5.7360735857e-01	1.0113359224e+00	1	1.2182646898e+00	1	0
2	440_500	4.4000000000e+02	5.0000000000e+02	19	1	1	4.4479207685e+02	5.0564994583e+02	4.7920768527e+00	5.6499458267e+00	5.6499458267e+00	1.6220274568e-01	1.6415908933e-01	1.6415908933e-01	1.8640037126e+01	1.7519796293e+01	1.8640037126e+01	7.9489919543e-01	7.0391157269e-01	7.0391157269e-01	1.9563436508e-03	6.2164501935e-01	8.0941875622e-01	1	1.0810142304e+00	1	0
3	430_510	4.3000000000e+02	5.1000000000e+02	0	0	1	4.2926282753e+02	5.0606965527e+02	-7.3717247173e-01	-3.9303447321e+00	3.9303447321e+00	2.1280638874e-01	5.1388984919e-01	5.1388984919e-01	1.7573555870e+01	2.7933507226e+01	2.7933507226e+01	7.3755563796e-01	4.2864400148e-01	4.2864400148e-01	3.0108346045e-01	6.2107834349e-01	1.1429293161e+00	0	3.0108346045e+00	1	0
3	430_510	4.3000000000e+02	5.1000000000e+02	1	0	1	4.2926282753e+02	5.0439081750e+02	-7.3717247173e-01	-5.6091824969e+00	5.6091824969e+00	5.3569352627e-01	5.4010701180e-01	5.4010701180e-01	2.3243935002e+01	1.2816958629e+01	2.3243935002e+01	4.3899273872e-01	4.2274194956e-01	4.2274194956e-01	4.4134855270e-03	8.2147886026e-01	5.2441956688e-01	0	2.7005350590e+00	0	0
3	430_510	4.3000000000e+02	5.1000000000e+02	2	0	1	4.2926282753e+02	5.0439081750e+02	-7.3717247173e-01	-5.6091824969e+00	5.6091824969e+00	2.7045321465e-01	2.8533455729e-01	2.8533455729e-01	1.7329141684e+01	1.5571357966e+01	1.7329141684e+01	6.9568586349e-01	6.5865495801e-01	6.5865495801e-01	1.4881342649e-02	6.1244034448e-01	6.3711876089e-01	1	1.4266727865e+00	0	0
3	430_510	4.3000000000e+02	5.1000000000e+02	3	0	1	4.2926282753e+02	5.0355139862e+02	-7.3717247173e-01	-6.4486013793e+00	6.4486013793e+00	4.7267049551e-01	6.6761147976e-01	6.6761147976e-01	1.8272617792e+01	1.5021749048e+01	1.8272617792e+01	4.9945545197e-01	2.9499697685e-01	2.9499697685e-01	1.9494098425e-01	6.4578434058e-01	6.1463092436e-01	0	3.3380573988e+00	0	0
3	430_510	4.3000000000e+02	5.1000000000e+02	4	0	1	4.2926282753e+02	5.0439081750e+02	-7.3717247173e-01	-5.6091824969e+00	5.6091824969e+00	3.7792077661e-01	4.0584540367e-01	4.0584540367e-01	1.7023841877e+01	1.3954676504e+01	1.7023841877e+01	5.9402188659e-01	5.4878419638e-01	5.4878419638e-01	2.7924627066e-02	6.0165054759e-01	5.7097051024e-01	0	2.0292270184e+00	0	0
3	430_510	4.3000000000e+02	5.1000000000e+02	5	0	1	4.2926282753e+02	5.0481052694e+02	-7.3717247173e-01	-5.1894730557e+00	5.1894730557e+00	2.3997564614e-01	2.6285323501e-01	2.6285323501e-01	1.7276304709e+01	1.6174810468e+01	1.7276304709e+01	7.2330497205e-01	6.7568805814e-01	6.7568805814e-01	2.2877588868e-02	6.1057299895e-01	6.6180966525e-01	1	1.3142661750e+00	1	0
3	430_510	4.3000000000e+02	5.1000000000e+02	6	0	1	4.2926282753e+02	5.0564994583e+02	-7.3717247173e-01	-4.3500541733e+00	4.3500541733e+00	1.6617742181e-01	2.1423436701e-01	2.1423436701e-01	1.8554374124e+01	1.7839403828e+01	1.8554374124e+01	7.9309037328e-01	7.1660946310e-01	7.1660946310e-01	4.8056945205e-02	6.5574207238e-01	7.2991828247e-01	1	1.0711718351e+00	1	0
3	430_510	4.3000000000e+02	5.1000000000e+02	7	0	1	4.2926282753e+02	5.0481052694e+02	-7.3717247173e-01	-5.1894730557e+00	5.1894730557e+00	2.0637629926e-01	2.2498850524e-01	2.2498850524e-01	1.7793964815e+01	1.6979505523e+01	1.7793964815e+01	7.5686039031e-01	7.0939446986e-01	7.0939446986e-01	1.8612205982e-02	6.2886795781e-01	6.9473462384e-01	1	1.1249425262e+00	1	0
3	430_510	4.3000000000e+02	5.1000000000e+02	8	0	1	4.2926282753e+02	5.0439081750e+02	-7.3717247173e-01	-5.6091824969e+00	5.6091824969e+00	3.7719878554e-01	4.3116366863e-01	4.3116366863e-01	1.6367202109e+01	1.4067957993e+01	1.6367202109e+01	5.9026637673e-01	5.2002453804e-01	5.2002453804e-01	5.3964883089e-02	5.7844381913e-01	5.7560554350e-01	0	2.1558183432e+00	0	0
3	430_510	4.3000000000e+02	5.1000000000e+02	9	0	1	4.2926282753e+02	5.0439081750e+02	-7.3717247173e-01	-5.6091824969e+00	5.6091824969e+00	3.7784683704e-01	4.0690436959e-01	4.0690436959e-01	1.7058753664e+01	1.3981759839e+01	1.7058753664e+01	5.9404397011e-01	5.4732927680e-01	5.4732927680e-01	2.9057532549e-02	6.0288438754e-01	5.7207865386e-01	0	2.0345218480e+00	0	0
3	430_510	4.3000000000e+02	5.1000000000e+02	10	1	1	4.3052195585e+02	5.0690907415e+02	5.2195585187e-01	-3.0909258497e+00	3.0909258497e+00	3.7857986987e-02	5.3169574589e-02	5.3169574589e-02	2.9565469180e+01	2.9002180907e+01	2.9565469180e+01	8.9297559112e-01	7.4220958725e-01	7.4220958725e-01	1.5311587602e-02	1.0448922664e+00	1.1866552425e+00	1	6.7366416251e-01	1	0
3	430_510	4.3000000000e+02	5.1000000000e+02	11	1	1	4.2926282753e+02	5.0481052694e+02	-7.3717247173e-01	-5.1894730557e+00	5.1894730557e+00	2.3727922142e-01	2.5219917297e-01	2.5219917297e-01	1.7562072075e+01	1.6370147839e+01	1.7562072075e+01	7.2715862095e-01	6.8491065502e-01	6.8491065502e-01	1.4919951558e-02	6.2067248728e-01	6.6980210267e-01	1	1.2609958649e+00	1	0
3	430_510	4.3000000000e+02	5.1000000000e+02	12	1	1	4.3010224641e+02	5.0606965527e+02	1.0224641067e-01	-3.9303447321e+00	3.9303447321e+00	5.7526864111e-02	3.7235155702e-02	5.7526864111e-02	2.3332948349e+01	2.9632050956e+01	2.9632050956e+01	7.7532740682e-01	9.0852384269e-01	7.7532740682e-01	2.0291708410e-02	8.2462473823e-01	1.2124270490e+00	1	6.4488885031e-01	1	0
3	430_510	4.3000000000e+02	5.1000000000e+02	13	1	1	4.2926282753e+02	5.0481052694e+02	-7.3717247173e-01	-5.1894730557e+00	5.1894730557e+00	2.7821898460e-01	2.5179374218e-01	2.7821898460e-01	1.7315233172e+01	1.6821651837e+01	1.7315233172e+01	6.6144651175e-01	7.1362042427e-01	6.6144651175e-01	2.6425242424e-02	6.1194879482e-01	6.8827587153e-01	1	1.3910949230e+00	1	0
3	430_510	4.3000000000e+02	5.1000000000e+02	14	1	1	4.3010224641e+02	5.0564994583e+02	1.0224641067e-01	-4.3500541733e+00	4.3500541733e+00	9.8607428372e-02	1.0209100693e-01	1.0209100693e-01	2.1951928925e+01	2.1901070500e+01	2.1951928925e+01	8.5473512858e-01	7.9572928697e-01	7.9572928697e-01	3.4835785627e-03	7.7581724233e-01	8.9610571731e-01	1	6.4052216478e-01	1	0
3	430_510	4.3000000000e+02	5.1000000000e+02	15	1	1	4.3010224641e+02	5.0690907415e+02	1.0224641067e-01	-3.0909258497e+00	3.0909258497e+00	4.7779295594e-02	8.3978183568e-02	8.3978183568e-02	2.7573989112e+01	2.8150897782e+01	2.8150897782e+01	8.8439651951e-01	7.4518179148e-01	7.4518179148e-01	3.6198887974e-02	9.7451008820e-01	1.1518240832e+00	1	6.7097721081e-01	1	0
3	430_510	4.3000000000e+02	5.1000000000e+02	16	1	1	4.3052195585e+02	5.0690907415e+02	5.2195585187e-01	-3.0909258497e+00	3.0909258497e+00	3.4424461424e-02	5.0960119814e-02	5.0960119814e-02	3.0665941920e+01	3.0175100506e+01	3.0665941920e+01	8.9376863092e-01	7.2870934382e-01	7.2870934382e-01	1.6535658389e-02	1.0837847815e+00	1.2346465020e+00	1	6.8614462575e-01	1	0
3	430_510	4.3000000000e+02	5.1000000000e+02	17	1	1	4.3052195585e+02	5.0690907415e+02	5.2195585187e-01	-3.0909258497e+00	3.0909258497e+00	4.2700596154e-02	3.5613730550e-02	4.2700596154e-02	2.4852433566e+01	3.1735465068e+01	3.1735465068e+01	7.6996015757e-01	9.0131483972e-01	7.6996015757e-01	7.0868656039e-03	8.7832584281e-01	1.2984904865e+00	1	8.5282996147e-01	1	0
3	430_510	4.3000000000e+02	5.1000000000e+02	18	1	1	4.2968253697e+02	5.0564994583e+02	-3.1746303053e-01	-4.3500541733e+00	4.3500541733e+00	8.8411711156e-02	1.2025146931e-01	1.2025146931e-01	2.1987462907e+01	2.2056613821e+01	2.2056613821e+01	8.5864714533e-01	7.7703035623e-01	7.7703035623e-01	3.1839758158e-02	7.7707307166e-01	9.0246993857e-01	1	6.4347550387e-01	1	0
3	430_510	4.3000000000e+02	5.1000000000e+02	19	1	1	4.3010224641e+02	5.0564994583e+02	1.0224641067e-01	-4.3500541733e+00	4.3500541733e+00	8.6700879037e-02	1.0460078716e-01	1.0460078716e-01	2.2161464876e+01	2.2174534836e+01	2.2174534836e+01	8.6162755638e-01	7.9083067179e-01	7.9083067179e-01	1.7899908125e-02	7.8322258717e-01	9.0729480300e-01	1	6.3224659568e-01	1	1
4	420_520	4.2000000000e+02	5.2000000000e+02	0	0	1	4.2968253697e+02	5.2159890459e+02	9.6825369695e+00	1.5989045923e+00	9.6825369695e+00	3.7343627214e-01	4.9447783828e-01	4.9447783828e-01	1.9321476032e+01	2.1309412420e+01	2.1309412420e+01	5.7672208548e-01	4.4422128797e-01	4.4422128797e-01	1.2104156613e-01	7.2006309484e-01	8.1638544308e-01	0	2.4723891914e+00	0	0
4	420_520	4.2000000000e+02	5.2000000000e+02	1	0	1	4.2968253697e+02	5.2033977627e+02	9.6825369695e+00	3.3977626867e-01	9.6825369695e+00	4.4108971953e-01	5.6137090921e-01	5.6137090921e-01	1.6945309192e+01	1.2844327473e+01	1.6945309192e+01	5.1766726375e-01	3.9267933369e-01	3.9267933369e-01	1.2028118968e-01	6.3150929875e-01	4.9207935763e-01	0	2.8068545461e+00	0	0
4	420_520	4.2000000000e+02	5.2000000000e+02	2	0	1	4.2968253697e+02	5.2033977627e+02	9.6825369695e+00	3.3977626867e-01	9.6825369695e+00	3.6113148928e-01	4.1218307614e-01	4.1218307614e-01	1.6926585337e+01	1.4245276675e+01	1.6926585337e+01	5.9482455254e-01	5.3662082553e-01	5.3662082553e-01	5.1051586866e-02	6.3081150749e-01	5.4575115826e-01	0	2.0609153807e+00	0	0
4	420_520	4.2000000000e+02	5.2000000000e+02	3	0	1	4.2968253697e+02	5.2033977627e+02	9.6825369695e+00	3.3977626867e-01	9.6825369695e+00	4.3895897269e-01	5.5787938833e-01	5.5787938833e-01	1.6962445698e+01	1.2938672093e+01	1.6962445698e+01	5.1916399598e-01	3.9540356398e-01	3.9540356398e-01	1.1892041564e-01	6.3214793345e-01	4.9569379679e-01	0	2.7893969417e+00	0	0
4	420_520	4.2000000000e+02	5.2000000000e+02	4	0	1	4.2968253697e+02	5.2033977627e+02	9.6825369695e+00	3.3977626867e-01	9.6825369695e+00	4.0449678898e-01	4.9278905988e-01	4.9278905988e-01	1.7298982832e+01	1.3576004702e+01	1.7298982832e+01	5.5176109076e-01	4.5742741227e-01	4.5742741227e-01	8.8292270899e-02	6.4468983089e-01	5.2011066262e-01	0	2.4639452994e+00	0	0
4	420_520	4.2000000000e+02	5.2000000000e+02	5	0	1	4.2968253697e+02	5.2033977627e+02	9.6825369695e+00	3.3977626867e-01	9.6825369695e+00	3.5091635585e-01	4.0544536710e-01	4.0544536710e-01	1.6476408827e+01	1.4317137007e+01	1.6476408827e+01	6.0408732295e-01	5.4263612628e-01	5.4263612628e-01	5.4529011250e-02	6.1403455472e-01	5.4850420127e-01	0	2.0272268355e+00	0	0
4	420_520	4.2000000000e+02	5.2000000000e+02	6	0	1	4.2968253697e+02	5.2075948571e+02	9.6825369695e+00	7.5948570987e-01	9.6825369695e+00	3.2732310891e-01	3.1192037463e-01	3.2732310891e-01	2.1744498763e+01	1.6230385616e+01	2.1744498763e+01	6.1954858899e-01	6.2255939841e-01	6.1954858899e-01	1.5402734280e-02	8.1036309280e-01	6.2180271756e-01	1	1.6366155446e+00	0	0
4	420_520	4.2000000000e+02	5.2000000000e+02	7	0	1	4.2968253697e+02	5.2033977627e+02	9.6825369695e+00	3.3977626867e-01	9.6825369695e+00	3.5048523545e-01	3.9633494616e-01	3.9633494616e-01	1.6792919439e+01	1.4395333824e+01	1.6792919439e+01	6.0476520658e-01	5.5145740509e-01	5.5145740509e-01	4.5849710703e-02	6.2583011373e-01	5.5150000152e-01	0	1.9816747308e+00	0	0
4	420_520	4.2000000000e+02	5.2000000000e+02	8	0	1	4.2968253697e+02	5.2033977627e+02	9.6825369695e+00	3.3977626867e-01	9.6825369695e+00	4.1157042980e-01	5.0566202402e-01	5.0566202402e-01	1.7279426498e+01	1.3480255591e+01	1.7279426498e+01	5.4479658604e-01	4.4487845898e-01	4.4487845898e-01	9.4091594219e-02	6.4396101520e-01	5.1644241599e-01	0	2.5283101201e+00	0	0
4	420_520	4.2000000000e+02	5.2000000000e+02	9	0	1	4.2968253697e+02	5.2033977627e+02	9.6825369695e+00	3.3977626867e-01	9.6825369695e+00	4.3325191736e-01	4.9969404936e-01	4.9969404936e-01	1.9646488117e+01	1.3465192658e+01	1.9646488117e+01	5.2141654491e-01	4.4842708111e-01	4.4842708111e-01	6.6442131996e-02	7.3217548247e-01	5.1586533958e-01	0	2.4984702468e+00	0	0
4	420_520	4.2000000000e+02	5.2000000000e+02	10	1	1	4.1667154429e+02	5.2243832347e+02	-3.3284557077e+00	2.4383234747e+00	3.3284557077e+00	5.8877289295e-02	5.3706992418e-02	5.8877289295e-02	2.4359682189e+01	3.2389701690e+01	3.2389701690e+01	8.5896897316e-01	8.2696158811e-01	8.2696158811e-01	5.1702968776e-03	9.0782443936e-01	1.2408826881e+00	1	6.8823625167e-01	1	0
4	420_520	4.2000000000e+02	5.2000000000e+02	11	1	1	4.1625183485e+02	5.2075948571e+02	-3.7481651489e+00	7.5948570987e-01	3.7481651489e+00	3.6870434880e-01	4.1406393051e-01	4.1406393051e-01	1.6086554930e+01	1.4517428846e+01	1.6086554930e+01	5.7073172927e-01	5.0407999754e-01	5.0407999754e-01	4.5359581709e-02	5.9950567486e-01	5.5617758703e-01	0	2.0703196526e+00	1	0
4	420_520	4.2000000000e+02	5.2000000000e+02	12	1	1	4.1625183485e+02	5.2159890459e+02	-3.7481651489e+00	1.5989045923e+00	3.7481651489e+00	7.1033723652e-02	4.2876414955e-02	7.1033723652e-02	2.2511485136e+01	2.6934576518e+01	2.6934576518e+01	8.4482204169e-01	8.4395099431e-01	8.4395099431e-01	2.8157308698e-02	8.3894675695e-01	1.0318912484e+00	1	5.9245146148e-01	1	0
4	420_520	4.2000000000e+02	5.2000000000e+02	13	1	1	4.1625183485e+02	5.2075948571e+02	-3.7481651489e+00	7.5948570987e-01	3.7481651489e+00	4.0116742253e-01	3.7586441636e-01	4.0116742253e-01	1.9030629586e+01	1.4264140663e+01	1.9030629586e+01	5.4398974776e-01	5.5466124415e-01	5.4398974776e-01	2.5303006172e-02	7.0922397509e-01	5.4647385697e-01	0	2.0058371127e+00	1	0
4	420_520	4.2000000000e+02	5.2000000000e+02	14	1	1	4.1625183485e+02	5.2159890459e+02	-3.7481651489e+00	1.5989045923e+00	3.7481651489e+00	2.0260274410e-01	1.3190808892e-01	2.0260274410e-01	2.2122206860e+01	1.9804390912e+01	2.2122206860e+01	7.3487806320e-01	7.7995887399e-01	7.3487806320e-01	7.0694655180e-02	8.2443932904e-01	7.5872652569e-01	1	1.0130137205e+00	1	0
4	420_520	4.2000000000e+02	5.2000000000e+02	15	1	1	4.1625183485e+02	5.2159890459e+02	-3.7481651489e+00	1.5989045923e+00	3.7481651489e+00	6.7793376744e-02	5.8910496533e-02	6.7793376744e-02	2.3476364519e+01	3.1093363394e+01	3.1093363394e+01	8.5420512408e-01	8.2295804471e-01	8.2295804471e-01	8.8828802109e-03	8.7490539869e-01	1.1912186385e+00	1	6.0756438705e-01	1	0
4	420_520	4.2000000000e+02	5.2000000000e+02	16	1	1	4.1709125373e+02	5.2243832347e+02	-2.9087462665e+00	2.4383234747e+00	2.9087462665e+00	5.0415210426e-02	4.4882569462e-02	5.0415210426e-02	2.6048995327e+01	3.3988676315e+01	3.3988676315e+01	8.6266721040e-01	8.3065017685e-01	8.3065017685e-01	5.5326409638e-03	9.7078091556e-01	1.3021410458e+00	1	8.6326013071e-01	1	0
4	420_520	4.2000000000e+02	5.2000000000e+02	17	1	1	4.1667154429e+02	5.2159890459e+02	-3.3284557077e+00	1.5989045923e+00	3.3284557077e+00	6.4785726368e-02	3.3409643918e-02	6.4785726368e-02	2.3754178848e+01	2.9278882702e+01	2.9278882702e+01	8.5012518615e-01	8.4853078052e-01	8.4853078052e-01	3.1376082450e-02	8.8525884402e-01	1.1217040224e+00	1	5.8925381551e-01	1	1
4	420_520	4.2000000000e+02	5.2000000000e+02	18	1	1	4.1625183485e+02	5.2159890459e+02	-3.7481651489e+00	1.5989045923e+00	3.7481651489e+00	1.5900276601e-01	1.4096821845e-01	1.5900276601e-01	1.8779564775e+01	1.9806177664e+01	1.9806177664e+01	7.7875240147e-01	7.6035134494e-01	7.6035134494e-01	1.8034547567e-02	6.9986741741e-01	7.5879497796e-01	1	8.5752166453e-01	1	0
4	420_520	4.2000000000e+02	5.2000000000e+02	19	1	1	4.1625183485e+02	5.2159890459e+02	-3.7481651489e+00	1.5989045923e+00	3.7481651489e+00	1.4469330013e-01	1.3343301415e-01	1.4469330013e-01	1.9019094414e+01	2.0433075895e+01	2.0433075895e+01	7.9251523316e-01	7.6607361436e-01	7.6607361436e-01	1.1260285974e-02	7.0879408808e-01	7.8281209210e-01	1	8.3201689119e-01	1	0
5	410_530	4.1000000000e+02	5.3000000000e+02	0	0	0	nan	nan	nan	nan	inf	nan	nan	nan	nan	nan	nan	nan	nan	nan	inf	nan	nan	0	inf	0	0
5	410_530	4.1000000000e+02	5.3000000000e+02	1	0	1	4.1625183485e+02	5.3460989727e+02	6.2518348511e+00	4.6098972695e+00	6.2518348511e+00	4.7158724070e-01	5.4972946644e-01	5.4972946644e-01	1.8303340671e+01	1.3256103984e+01	1.8303340671e+01	4.6331137419e-01	3.6032629013e-01	3.6032629013e-01	7.8142225742e-02	7.4121830506e-01	4.8836057625e-01	0	2.7486473322e+00	1	0
5	410_530	4.1000000000e+02	5.3000000000e+02	2	0	1	4.1625183485e+02	5.3460989727e+02	6.2518348511e+00	4.6098972695e+00	6.2518348511e+00	3.8966569304e-01	4.3302801251e-01	4.3302801251e-01	1.6355869449e+01	1.3774316486e+01	1.6355869449e+01	5.4156729579e-01	4.6590641141e-01	4.6590641141e-01	4.3362319469e-02	6.6235284853e-01	5.0745174785e-01	0	2.1651400626e+00	1	0
5	410_530	4.1000000000e+02	5.3000000000e+02	3	0	1	4.1625183485e+02	5.3460989727e+02	6.2518348511e+00	4.6098972695e+00	6.2518348511e+00	4.7180750966e-01	5.5117827654e-01	5.5117827654e-01	1.8350763615e+01	1.3257404517e+01	1.8350763615e+01	4.6309676766e-01	3.5881030560e-01	3.5881030560e-01	7.9370766878e-02	7.4313876073e-01	4.8840848843e-01	0	2.7558913827e+00	1	0
5	410_530	4.1000000000e+02	5.3000000000e+02	4	0	1	4.1625183485e+02	5.3460989727e+02	6.2518348511e+00	4.6098972695e+00	6.2518348511e+00	4.2414349318e-01	4.8291024566e-01	4.8291024566e-01	1.7072247310e+01	1.3437528258e+01	1.7072247310e+01	5.0931888819e-01	4.2167130113e-01	4.2167130113e-01	5.8766752481e-02	6.9136352987e-01	4.9504432461e-01	0	2.4145512283e+00	1	0
5	410_530	4.1000000000e+02	5.3000000000e+02	5	0	1	4.1583212541e+02	5.3419018783e+02	5.8321254099e+00	4.1901878283e+00	5.8321254099e+00	4.1914308071e-01	4.5808288455e-01	4.5808288455e-01	1.7975639278e+01	1.3501229055e+01	1.7975639278e+01	5.0740480423e-01	4.3333634734e-01	4.3333634734e-01	3.8939803839e-02	7.2794759806e-01	4.9739108939e-01	0	2.2904144228e+00	1	0
5	410_530	4.1000000000e+02	5.3000000000e+02	6	0	0	nan	nan	nan	nan	inf	nan	nan	nan	nan	nan	nan	nan	nan	nan	inf	nan	nan	0	inf	0	0
5	410_530	4.1000000000e+02	5.3000000000e+02	7	0	1	4.1583212541e+02	5.3419018783e+02	5.8321254099e+00	4.1901878283e+00	5.8321254099e+00	3.9311164618e-01	4.1819080710e-01	4.1819080710e-01	1.6906617567e+01	1.3776220234e+01	1.6906617567e+01	5.3401321173e-01	4.7238871455e-01	4.7238871455e-01	2.5079160929e-02	6.8465613152e-01	5.0752188278e-01	0	2.0909540355e+00	1	0
5	410_530	4.1000000000e+02	5.3000000000e+02	8	0	1	4.1625183485e+02	5.3460989727e+02	6.2518348511e+00	4.6098972695e+00	6.2518348511e+00	4.4997739792e-01	5.2196079493e-01	5.2196079493e-01	1.7531608873e+01	1.3322392483e+01	1.7531608873e+01	4.8336482048e-01	3.8514149189e-01	3.8514149189e-01	7.1983397007e-02	7.0996599185e-01	4.9080267309e-01	0	2.6098039746e+00	1	0
5	410_530	4.1000000000e+02	5.3000000000e+02	9	0	1	4.1625183485e+02	5.3460989727e+02	6.2518348511e+00	4.6098972695e+00	6.2518348511e+00	4.2983639240e-01	4.9294483662e-01	4.9294483662e-01	1.7120243593e+01	1.3403195841e+01	1.7120243593e+01	5.0359511375e-01	4.1239458323e-01	4.1239458323e-01	6.3108444214e-02	6.9330720367e-01	4.9377950356e-01	0	2.4647241831e+00	1	0
5	410_530	4.1000000000e+02	5.3000000000e+02	10	1	1	4.0617880826e+02	5.2369745180e+02	-3.8211917377e+00	-6.3025482017e+00	6.3025482017e+00	6.6228169203e-01	6.4535485581e-03	6.6228169203e-01	3.7873524137e+01	5.8260581292e+01	5.8260581292e+01	2.7422541380e-01	9.4261249434e-01	2.7422541380e-01	6.5582814347e-01	1.5337391066e+00	2.1463448904e+00	0	6.5582814347e+00	1	0
5	410_530	4.1000000000e+02	5.3000000000e+02	11	1	1	4.1583212541e+02	5.3544931615e+02	5.8321254099e+00	5.4493161519e+00	5.8321254099e+00	3.4923404455e-01	4.1553995013e-01	4.1553995013e-01	1.6025516943e+01	1.5512864168e+01	1.6025516943e+01	5.7770240307e-01	4.7380581498e-01	4.7380581498e-01	6.6305905581e-02	6.4897478115e-01	5.7150059275e-01	0	2.0776997507e+00	1	0
5	410_530	4.1000000000e+02	5.3000000000e+02	12	1	1	4.1625183485e+02	5.3670844448e+02	6.2518348511e+00	6.7084444755e+00	6.7084444755e+00	7.2893746197e-02	5.0917219371e-02	7.2893746197e-02	2.2632756556e+01	2.7060633406e+01	2.7060633406e+01	8.5985171050e-01	8.0467622355e-01	8.0467622355e-01	2.1976526827e-02	9.1654380231e-01	9.9692538170e-01	1	6.2136793081e-01	1	0
5	410_530	4.1000000000e+02	5.3000000000e+02	13	1	1	4.1625183485e+02	5.3502960671e+02	6.2518348511e+00	5.0296067107e+00	6.2518348511e+00	3.0685159564e-01	3.2565727830e-01	3.2565727830e-01	1.5778145991e+01	1.5240825730e+01	1.5778145991e+01	6.2526121736e-01	5.6585338712e-01	5.6585338712e-01	1.8805682659e-02	6.3895716300e-01	5.6147857961e-01	1	1.6282863915e+00	1	0
5	410_530	4.1000000000e+02	5.3000000000e+02	14	1	1	4.1625183485e+02	5.3586902559e+02	6.2518348511e+00	5.8690255931e+00	6.2518348511e+00	1.6463741660e-01	1.4820113778e-01	1.6463741660e-01	1.8780550300e+01	1.9801134854e+01	1.9801134854e+01	7.8349402547e-01	7.2719720006e-01	7.2719720006e-01	1.6436278820e-02	7.6054354840e-01	7.2948233052e-01	1	8.2318708301e-01	1	0
5	410_530	4.1000000000e+02	5.3000000000e+02	15	1	1	4.1625183485e+02	5.3670844448e+02	6.2518348511e+00	6.7084444755e+00	6.7084444755e+00	6.9596499205e-02	4.7147080302e-02	6.9596499205e-02	2.3531142793e+01	2.8062253511e+01	2.8062253511e+01	8.6072161794e-01	8.0039079487e-01	8.0039079487e-01	2.2449418902e-02	9.5292515671e-01	1.0338254974e+00	1	6.2469484057e-01	1	0
5	410_530	4.1000000000e+02	5.3000000000e+02	16	1	1	4.1751096317e+02	5.2537628956e+02	7.5109631747e+00	-4.6237104369e+00	7.5109631747e+00	4.1264500469e-02	1.1233220994e-01	1.1233220994e-01	2.7895381400e+01	4.3399721461e+01	4.3399721461e+01	8.6860695854e-01	7.4958522618e-01	7.4958522618e-01	7.1067709476e-02	1.1296608467e+00	1.5988644180e+00	0	1.7110411944e+00	1	0
5	410_530	4.1000000000e+02	5.3000000000e+02	17	1	1	4.1667154429e+02	5.3670844448e+02	6.6715442923e+00	6.7084444755e+00	6.7084444755e+00	5.7565178722e-02	3.5432323813e-02	5.7565178722e-02	2.4619960155e+01	3.0021754351e+01	3.0021754351e+01	8.7049481645e-01	8.1530232728e-01	8.1530232728e-01	2.2132854909e-02	9.9701827470e-01	1.1060143518e+00	1	6.1326943794e-01	1	1
5	410_530	4.1000000000e+02	5.3000000000e+02	18	1	1	4.1625183485e+02	5.3586902559e+02	6.2518348511e+00	5.8690255931e+00	6.2518348511e+00	1.8182137609e-01	1.6119918227e-01	1.8182137609e-01	1.8888252720e+01	1.9416034526e+01	1.9416034526e+01	7.5619831681e-01	7.1114471555e-01	7.1114471555e-01	2.0622193813e-02	7.6490510222e-01	7.1529506867e-01	1	9.0910688043e-01	1	0
5	410_530	4.1000000000e+02	5.3000000000e+02	19	1	1	4.1625183485e+02	5.3586902559e+02	6.2518348511e+00	5.8690255931e+00	6.2518348511e+00	1.7475345731e-01	1.5432599187e-01	1.7475345731e-01	1.8835349862e+01	1.9679442092e+01	1.9679442092e+01	7.6419731975e-01	7.1774902940e-01	7.1774902940e-01	2.0427465439e-02	7.6276273009e-01	7.2499911677e-01	1	8.7376728654e-01	1	0
6	472_512	4.7200000000e+02	5.1200000000e+02	0	0	1	4.7501115662e+02	5.0564994583e+02	3.0111566191e+00	-6.3500541733e+00	6.3500541733e+00	3.2481495291e-02	3.0457573012e-02	3.2481495291e-02	1.3396843086e+01	6.0204024569e+01	6.0204024569e+01	1.9896784052e-01	8.9765177481e-01	1.9896784052e-01	2.0239222795e-03	7.9847790486e-01	8.4816014577e-01	0	2.5129689235e+00	1	0
6	472_512	4.7200000000e+02	5.1200000000e+02	1	0	1	4.0701822714e+02	5.2075948571e+02	-6.4981772855e+01	8.7594857099e+00	6.4981772855e+01	7.3077881336e-01	5.7997232676e-01	7.3077881336e-01	3.7834659889e+01	1.3117951375e+01	3.7834659889e+01	1.9654208422e-01	3.8545435667e-01	1.9654208422e-01	1.5080648661e-01	2.2550193181e+00	1.8480697312e-01	0	3.6538940668e+00	0	0
6	472_512	4.7200000000e+02	5.1200000000e+02	2	0	1	4.7333231885e+02	5.2033977627e+02	1.3323188543e+00	8.3397762687e+00	8.3397762687e+00	3.2742071152e-01	3.4554100037e-01	3.4554100037e-01	1.4973604552e+01	1.3741851865e+01	1.4973604552e+01	6.3119190931e-01	4.7880506516e-01	4.7880506516e-01	1.8120288849e-02	8.9245595509e-01	1.9359654383e-01	0	2.3040098748e+00	0	0
6	472_512	4.7200000000e+02	5.1200000000e+02	3	0	1	4.0701822714e+02	5.2075948571e+02	-6.4981772855e+01	8.7594857099e+00	6.4981772855e+01	7.3107051849e-01	5.8113294840e-01	7.3107051849e-01	3.8598344643e+01	1.3004475908e+01	3.8598344643e+01	2.0005828142e-01	3.8460052013e-01	2.0005828142e-01	1.4993757010e-01	2.3005364148e+00	1.8320831973e-01	0	3.7158183280e+00	0	0
6	472_512	4.7200000000e+02	5.1200000000e+02	4	0	1	4.7333231885e+02	5.2033977627e+02	1.3323188543e+00	8.3397762687e+00	8.3397762687e+00	5.2303171158e-01	5.1537603140e-01	5.2303171158e-01	1.1314324964e+01	1.5957330511e+01	1.5957330511e+01	3.4760653973e-01	4.4664180279e-01	3.4760653973e-01	7.6556801796e-03	6.7435577430e-01	2.2480842218e-01	0	2.6151585579e+00	0	0
6	472_512	4.7200000000e+02	5.1200000000e+02	5	0	1	4.7375202830e+02	5.0564994583e+02	1.7520282955e+00	-6.3500541733e+00	6.3500541733e+00	2.6411309838e-01	4.6263077855e-01	4.6263077855e-01	1.6707834523e+01	2.2873518944e+01	2.2873518944e+01	6.8953356147e-01	2.3890724778e-01	2.3890724778e-01	1.9851768017e-01	9.9581943444e-01	3.2224435659e-01	0	2.3131538928e+00	1	1
6	472_512	4.7200000000e+02	5.1200000000e+02	6	0	1	4.7417173774e+02	5.0481052694e+02	2.1717377367e+00	-7.1894730557e+00	7.1894730557e+00	8.5022002459e-02	1.1705407500e-01	1.1705407500e-01	5.6239993308e+01	1.3021260647e+01	5.6239993308e+01	8.4857758880e-01	2.5910645723e-01	2.5910645723e-01	3.2032072544e-02	3.3520129883e+00	1.8344478476e-01	0	6.7200371095e+00	1	0
6	472_512	4.7200000000e+02	5.1200000000e+02	7	0	1	4.7375202830e+02	5.0481052694e+02	1.7520282955e+00	-7.1894730557e+00	7.1894730557e+00	2.5692898035e-01	3.6182120442e-01	3.6182120442e-01	1.7260945797e+01	1.2531993707e+01	1.7260945797e+01	6.9650179148e-01	3.1050536036e-01	3.1050536036e-01	1.0489222407e-01	1.0287859422e+00	1.7655194458e-01	0	2.3527087298e+00	1	0
6	472_512	4.7200000000e+02	5.1200000000e+02	8	0	1	4.7333231885e+02	5.2033977627e+02	1.3323188543e+00	8.3397762687e+00	8.3397762687e+00	4.5699682832e-01	4.5679634809e-01	4.5699682832e-01	1.1501288311e+01	1.5407544503e+01	1.5407544503e+01	4.1217127442e-01	5.0488632917e-01	4.1217127442e-01	2.0048022270e-04	6.8549915341e-01	2.1706298350e-01	0	2.2849841416e+00	0	0
6	472_512	4.7200000000e+02	5.1200000000e+02	9	0	1	4.7375202830e+02	5.2033977627e+02	1.7520282955e+00	8.3397762687e+00	8.3397762687e+00	4.6296110749e-01	5.6516224146e-01	5.6516224146e-01	1.3858927405e+01	1.3226215000e+01	1.3858927405e+01	4.9641224742e-01	2.8212165833e-01	2.8212165833e-01	1.0220113397e-01	8.2601902906e-01	1.8633220159e-01	0	2.8258112073e+00	0	0
6	472_512	4.7200000000e+02	5.1200000000e+02	10	1	1	4.7543086606e+02	5.0690907415e+02	3.4308660603e+00	-5.0909258497e+00	5.0909258497e+00	2.0459650084e-02	1.9856946543e-02	2.0459650084e-02	1.4240632295e+01	6.2006036437e+01	6.2006036437e+01	1.7157474346e-01	9.0615610592e-01	1.7157474346e-01	6.0270354152e-04	8.4876938294e-01	8.7354706399e-01	0	2.9141818306e+00	1	0
6	472_512	4.7200000000e+02	5.1200000000e+02	11	1	1	4.7333231885e+02	5.1950035739e+02	1.3323188543e+00	7.5003573863e+00	7.5003573863e+00	5.0525599718e-01	6.3868999481e-01	6.3868999481e-01	1.4212056409e+01	2.2032931492e+01	2.2032931492e+01	4.5306652784e-01	2.0299518108e-01	2.0299518108e-01	1.3343399763e-01	8.4706620453e-01	3.1040207892e-01	0	3.1934499741e+00	1	0
6	472_512	4.7200000000e+02	5.1200000000e+02	12	1	1	4.7375202830e+02	5.2075948571e+02	1.7520282955e+00	8.7594857099e+00	8.7594857099e+00	1.9637279212e-01	3.0118760467e-01	3.0118760467e-01	1.8158684741e+01	1.6074261629e+01	1.8158684741e+01	7.5670297444e-01	4.0219172835e-01	4.0219172835e-01	1.0481481254e-01	1.0822929293e+00	2.2645575913e-01	0	2.2101264025e+00	0	0
6	472_512	4.7200000000e+02	5.1200000000e+02	13	1	1	4.7375202830e+02	5.0439081750e+02	1.7520282955e+00	-7.6091824969e+00	7.6091824969e+00	6.0030311346e-01	6.7203056812e-01	6.7203056812e-01	1.3688501197e+01	1.2822285225e+01	1.3688501197e+01	3.5750609636e-01	1.8992316723e-01	1.8992316723e-01	7.1727454662e-02	8.1586129557e-01	1.8064159968e-01	0	3.3601528406e+00	0	0
6	472_512	4.7200000000e+02	5.1200000000e+02	14	1	1	4.7333231885e+02	5.2075948571e+02	1.3323188543e+00	8.7594857099e+00	8.7594857099e+00	3.2830888033e-01	3.1675311923e-01	3.2830888033e-01	1.2252420008e+01	1.6553442170e+01	1.6553442170e+01	5.1372873783e-01	6.4100864530e-01	5.1372873783e-01	1.1555761099e-02	7.3026806353e-01	2.3320650114e-01	0	2.1908385682e+00	0	0
6	472_512	4.7200000000e+02	5.1200000000e+02	15	1	1	4.7375202830e+02	5.2075948571e+02	1.7520282955e+00	8.7594857099e+00	8.7594857099e+00	1.3523101807e-01	1.8885664642e-01	1.8885664642e-01	2.0200178188e+01	1.6928609407e+01	2.0200178188e+01	8.1298285723e-01	4.8648567498e-01	4.8648567498e-01	5.3625628352e-02	1.2039699095e+00	2.3849189361e-01	0	2.1757374468e+00	0	0
6	472_512	4.7200000000e+02	5.1200000000e+02	16	1	1	4.7501115662e+02	5.0564994583e+02	3.0111566191e+00	-6.3500541733e+00	6.3500541733e+00	3.7306699902e-02	3.7447720766e-02	3.7447720766e-02	5.9406392201e+01	1.5836743142e+01	5.9406392201e+01	8.9592447504e-01	2.1479257941e-01	2.1479257941e-01	1.4102086425e-04	3.5407365211e+00	2.2310957562e-01	0	7.2592472030e+00	1	0
6	472_512	4.7200000000e+02	5.1200000000e+02	17	1	1	4.7375202830e+02	5.2033977627e+02	1.7520282955e+00	8.3397762687e+00	8.3397762687e+00	1.1988659203e-01	2.7830275893e-01	2.7830275893e-01	2.1581156281e+01	2.1944211708e+01	2.1944211708e+01	8.2398281991e-01	3.3207276464e-01	3.3207276464e-01	1.5841616690e-01	1.2862788899e+00	3.0915218599e-01	0	1.9738508972e+00	0	0
6	472_512	4.7200000000e+02	5.1200000000e+02	18	1	1	4.7375202830e+02	5.2075948571e+02	1.7520282955e+00	8.7594857099e+00	8.7594857099e+00	2.6954272389e-01	2.7364069223e-01	2.7364069223e-01	1.6144523037e+01	1.4288821298e+01	1.6144523037e+01	6.8832084537e-01	5.1243805885e-01	5.1243805885e-01	4.0979683399e-03	9.6224497421e-01	2.0130230233e-01	0	2.2819934219e+00	0	0
6	472_512	4.7200000000e+02	5.1200000000e+02	19	1	1	4.7375202830e+02	5.1992006683e+02	1.7520282955e+00	7.9200668275e+00	7.9200668275e+00	3.0508500338e-01	4.6736681461e-01	4.6736681461e-01	1.5439631021e+01	1.9706812067e+01	1.9706812067e+01	6.4998185635e-01	2.9651081562e-01	2.9651081562e-01	1.6228181124e-01	9.2023203903e-01	2.7763148252e-01	0	2.3368340731e+00	0	0
7	462_522	4.6200000000e+02	5.2200000000e+02	0	0	1	4.5906219785e+02	5.2117919515e+02	-2.9378021465e+00	-8.2080484893e-01	2.9378021465e+00	2.6686123013e-01	2.9050126672e-01	2.9050126672e-01	1.4665110635e+01	1.6880479242e+01	1.6880479242e+01	6.9537487626e-01	5.9939923882e-01	5.9939923882e-01	2.3640036583e-02	4.7297777781e-01	7.8004659843e-01	0	1.5057777777e+00	1	0
7	462_522	4.6200000000e+02	5.2200000000e+02	1	0	1	4.5864248841e+02	5.2075948571e+02	-3.3575115877e+00	-1.2405142901e+00	3.3575115877e+00	5.0998955965e-01	5.1400393248e-01	5.1400393248e-01	1.1406882390e+01	1.2856557090e+01	1.2856557090e+01	4.5678830147e-01	4.3018001318e-01	4.3018001318e-01	4.0143728256e-03	3.6789370493e-01	5.9410123861e-01	0	2.5700196624e+00	1	0
7	462_522	4.6200000000e+02	5.2200000000e+02	2	0	1	4.5906219785e+02	5.2117919515e+02	-2.9378021465e+00	-8.2080484893e-01	2.9378021465e+00	2.6890692115e-01	2.4766813219e-01	2.6890692115e-01	1.3004660869e+01	1.7910648152e+01	1.7910648152e+01	6.1982074380e-01	7.1296812594e-01	6.1982074380e-01	2.1238788962e-02	4.1942510715e-01	8.2765068256e-01	0	1.6587854081e+00	1	0
7	462_522	4.6200000000e+02	5.2200000000e+02	3	0	1	4.5864248841e+02	5.2075948571e+02	-3.3575115877e+00	-1.2405142901e+00	3.3575115877e+00	5.1788127422e-01	5.2190876007e-01	5.2190876007e-01	1.1320955290e+01	1.2796837363e+01	1.2796837363e+01	4.4884634018e-01	4.2331856489e-01	4.2331856489e-01	4.0274858475e-03	3.6512239215e-01	5.9134159122e-01	0	2.6095438004e+00	1	0
7	462_522	4.6200000000e+02	5.2200000000e+02	4	0	1	4.5906219785e+02	5.2117919515e+02	-2.9378021465e+00	-8.2080484893e-01	2.9378021465e+00	3.6863967776e-01	3.7207770348e-01	3.7207770348e-01	1.2767657032e+01	1.4387124448e+01	1.4387124448e+01	5.9531947970e-01	5.4818838835e-01	5.4818838835e-01	3.4380257130e-03	4.1178128152e-01	6.6482872473e-01	0	1.8603885174e+00	1	0
7	462_522	4.6200000000e+02	5.2200000000e+02	5	0	1	4.5906219785e+02	5.2117919515e+02	-2.9378021465e+00	-8.2080484893e-01	2.9378021465e+00	2.8227999806e-01	2.5983753800e-01	2.8227999806e-01	1.2798886601e+01	1.7608428896e+01	1.7608428896e+01	6.0643729568e-01	7.0115879178e-01	6.0643729568e-01	2.2442460060e-02	4.1278849468e-01	8.1368513696e-01	0	1.6777471581e+00	1	0
7	462_522	4.6200000000e+02	5.2200000000e+02	6	0	1	4.5906219785e+02	5.2117919515e+02	-2.9378021465e+00	-8.2080484893e-01	2.9378021465e+00	2.1471004188e-01	2.0854783058e-01	2.1471004188e-01	1.3520848239e+01	1.9493318552e+01	1.9493318552e+01	6.5890456736e-01	7.5221735239e-01	6.5890456736e-01	6.1622112989e-03	4.3607313397e-01	9.0078584922e-01	0	1.6112196172e+00	1	0
7	462_522	4.6200000000e+02	5.2200000000e+02	7	0	1	4.5906219785e+02	5.2117919515e+02	-2.9378021465e+00	-8.2080484893e-01	2.9378021465e+00	2.4743407965e-01	2.2588066757e-01	2.4743407965e-01	1.3259058868e+01	1.8417380698e+01	1.8417380698e+01	6.3706529140e-01	7.3439861834e-01	6.3706529140e-01	2.1553412080e-02	4.2762992762e-01	8.5106678308e-01	0	1.6353430639e+00	1	0
7	462_522	4.6200000000e+02	5.2200000000e+02	8	0	1	4.5906219785e+02	5.2117919515e+02	-2.9378021465e+00	-8.2080484893e-01	2.9378021465e+00	3.9524459839e-01	3.9526849985e-01	3.9526849985e-01	1.2387294250e+01	1.4035830593e+01	1.4035830593e+01	5.7016974688e-01	5.3191411495e-01	5.3191411495e-01	2.3901462555e-05	3.9951385661e-01	6.4859544291e-01	0	1.9763424993e+00	1	0
7	462_522	4.6200000000e+02	5.2200000000e+02	9	0	1	4.5906219785e+02	5.2117919515e+02	-2.9378021465e+00	-8.2080484893e-01	2.9378021465e+00	3.6760118604e-01	3.7089657784e-01	3.7089657784e-01	1.2784219561e+01	1.4376942481e+01	1.4376942481e+01	5.9637859464e-01	5.4850620031e-01	5.4850620031e-01	3.2953917980e-03	4.1231545467e-01	6.6435821625e-01	0	1.8544828892e+00	1	0
7	462_522	4.6200000000e+02	5.2200000000e+02	10	1	1	4.6074103562e+02	5.2243832347e+02	-1.2589643817e+00	4.3832347467e-01	1.2589643817e+00	3.2706804574e-02	2.6742856950e-02	3.2706804574e-02	1.9591786502e+01	4.0437040117e+01	4.0437040117e+01	5.5592506379e-01	9.1976036504e-01	5.5592506379e-01	5.9639476240e-03	6.3187246753e-01	1.8685947918e+00	0	2.4816994050e+00	1	0
7	462_522	4.6200000000e+02	5.2200000000e+02	11	1	1	4.5906219785e+02	5.2117919515e+02	-2.9378021465e+00	-8.2080484893e-01	2.9378021465e+00	3.7438118458e-01	3.6775287986e-01	3.7438118458e-01	1.1625695251e+01	1.5385134266e+01	1.5385134266e+01	5.4757720232e-01	5.9521922469e-01	5.4757720232e-01	6.6283047199e-03	3.7495083687e-01	7.1094673789e-01	0	1.8719059229e+00	1	0
7	462_522	4.6200000000e+02	5.2200000000e+02	12	1	1	4.5906219785e+02	5.2159890459e+02	-2.9378021465e+00	-4.0109540773e-01	2.9378021465e+00	1.0047122836e-01	1.0244575888e-01	1.0244575888e-01	2.1485751612e+01	2.1751971326e+01	2.1751971326e+01	8.5509714484e-01	6.6887625307e-01	6.6887625307e-01	1.9745305181e-03	6.9295645328e-01	1.0051581474e+00	1	8.7726727633e-01	1	0
7	462_522	4.6200000000e+02	5.2200000000e+02	13	1	1	4.5864248841e+02	5.2117919515e+02	-3.3575115877e+00	-8.2080484893e-01	3.3575115877e+00	4.5436635613e-01	4.6308618784e-01	4.6308618784e-01	1.1753844314e+01	1.3480803261e+01	1.3480803261e+01	5.1100656390e-01	4.7377777100e-01	4.7377777100e-01	8.7198317051e-03	3.7908388849e-01	6.2294764133e-01	0	2.3154309392e+00	1	0
7	462_522	4.6200000000e+02	5.2200000000e+02	14	1	1	4.5906219785e+02	5.2117919515e+02	-2.9378021465e+00	-8.2080484893e-01	2.9378021465e+00	2.1274770796e-01	1.9543924928e-01	2.1274770796e-01	1.3548237713e+01	1.9412017895e+01	1.9412017895e+01	6.5684698522e-01	7.6450178027e-01	6.5684698522e-01	1.7308458686e-02	4.3695649672e-01	8.9702894751e-01	0	1.6086957236e+00	1	0
7	462_522	4.6200000000e+02	5.2200000000e+02	15	1	1	4.5906219785e+02	5.2159890459e+02	-2.9378021465e+00	-4.0109540773e-01	2.9378021465e+00	1.1730053276e-01	1.0165778548e-01	1.1730053276e-01	1.5989149109e+01	2.5478849262e+01	2.5478849262e+01	6.6745016724e-01	8.5382678360e-01	6.6745016724e-01	1.5642747283e-02	5.1568054298e-01	1.1773771002e+00	1	1.3837698772e+00	1	0
7	462_522	4.6200000000e+02	5.2200000000e+02	16	1	1	4.6032132618e+02	5.2159890459e+02	-1.6786738229e+00	-4.0109540773e-01	1.6786738229e+00	4.0154919028e-02	3.4167584032e-02	4.0154919028e-02	1.8753763625e+01	3.6330479428e+01	3.6330479428e+01	5.9280760586e-01	9.1536051407e-01	5.9280760586e-01	5.9873349965e-03	6.0484463200e-01	1.6788307068e+00	0	1.9395163052e+00	1	0
7	462_522	4.6200000000e+02	5.2200000000e+02	17	1	1	4.5906219785e+02	5.2159890459e+02	-2.9378021465e+00	-4.0109540773e-01	2.9378021465e+00	8.3013311028e-02	8.7155379355e-02	8.7155379355e-02	2.2746161872e+01	2.2544230429e+01	2.2746161872e+01	8.7368647754e-01	6.6145034879e-01	6.6145034879e-01	4.1420683265e-03	7.3360708721e-01	1.0417684242e+00	1	7.6112260797e-01	1	1
7	462_522	4.6200000000e+02	5.2200000000e+02	18	1	1	4.5906219785e+02	5.2117919515e+02	-2.9378021465e+00	-8.2080484893e-01	2.9378021465e+00	2.1480804682e-01	1.8116602302e-01	2.1480804682e-01	1.3477250044e+01	1.9131822048e+01	1.9131822048e+01	6.5635812283e-01	7.7732685208e-01	6.5635812283e-01	3.3642023802e-02	4.3466700905e-01	8.8408110319e-01	0	1.6152371170e+00	1	0
7	462_522	4.6200000000e+02	5.2200000000e+02	19	1	1	4.5906219785e+02	5.2117919515e+02	-2.9378021465e+00	-8.2080484893e-01	2.9378021465e+00	2.3649761081e-01	2.0280231535e-01	2.3649761081e-01	1.3248509713e+01	1.8522818388e+01	1.8522818388e+01	6.4345392585e-01	7.5639311969e-01	6.4345392585e-01	3.3695295453e-02	4.2728969725e-01	8.5593905659e-01	0	1.6363151507e+00	1	0
8	452_532	4.5200000000e+02	5.3200000000e+02	0	0	1	4.5864248841e+02	5.3544931615e+02	6.6424884123e+00	3.4493161519e+00	6.6424884123e+00	3.0458033085e-01	2.6549744606e-01	3.0458033085e-01	1.3757674765e+01	1.7628368799e+01	1.7628368799e+01	6.3092261553e-01	6.9422286749e-01	6.3092261553e-01	3.9082884789e-02	4.6465241648e-01	7.2130547670e-01	0	1.5295645243e+00	1	0
8	452_532	4.5200000000e+02	5.3200000000e+02	1	0	1	4.5864248841e+02	5.3460989727e+02	6.6424884123e+00	2.6098972695e+00	6.6424884123e+00	5.2580207586e-01	5.3934532404e-01	5.3934532404e-01	1.1374422321e+01	1.4069486902e+01	1.4069486902e+01	4.4487601519e-01	4.1840571165e-01	4.1840571165e-01	1.3543248177e-02	3.8416032563e-01	5.7568559363e-01	0	2.6967266202e+00	1	0
8	452_532	4.5200000000e+02	5.3200000000e+02	2	0	1	4.5864248841e+02	5.3544931615e+02	6.6424884123e+00	3.4493161519e+00	6.6424884123e+00	2.6869726181e-01	2.2968718410e-01	2.6869726181e-01	1.4253169166e+01	1.8679819878e+01	1.8679819878e+01	6.6077625751e-01	7.2788277268e-01	6.6077625751e-01	3.9010077715e-02	4.8138726994e-01	7.6432802918e-01	0	1.4817506573e+00	1	0
8	452_532	4.5200000000e+02	5.3200000000e+02	3	0	1	4.5864248841e+02	5.3460989727e+02	6.6424884123e+00	2.6098972695e+00	6.6424884123e+00	5.3747004271e-01	5.5120557547e-01	5.5120557547e-01	1.1310309561e+01	1.3958514118e+01	1.3958514118e+01	4.3387347460e-01	4.0742707253e-01	4.0742707253e-01	1.3735532761e-02	3.8199497796e-01	5.7114488552e-01	0	2.7560278773e+00	1	0
8	452_532	4.5200000000e+02	5.3200000000e+02	4	0	1	4.5864248841e+02	5.3460989727e+02	6.6424884123e+00	2.6098972695e+00	6.6424884123e+00	3.7216761708e-01	3.5943678021e-01	3.7216761708e-01	1.2652666721e+01	1.6416479294e+01	1.6416479294e+01	5.7389363647e-01	6.0447332263e-01	5.7389363647e-01	1.2730836868e-02	4.2733181786e-01	6.7171821498e-01	0	1.8608380854e+00	1	0
8	452_532	4.5200000000e+02	5.3200000000e+02	5	0	1	4.5864248841e+02	5.3544931615e+02	6.6424884123e+00	3.4493161519e+00	6.6424884123e+00	3.0817413330e-01	2.5959822536e-01	3.0817413330e-01	1.3878387601e+01	1.7710809118e+01	1.7710809118e+01	6.2590712309e-01	6.9873777032e-01	6.2590712309e-01	4.8575907946e-02	4.6872937804e-01	7.2467871301e-01	0	1.5408706665e+00	1	0
8	452_532	4.5200000000e+02	5.3200000000e+02	6	0	1	4.5864248841e+02	5.3544931615e+02	6.6424884123e+00	3.4493161519e+00	6.6424884123e+00	2.4269196391e-01	1.9497464597e-01	2.4269196391e-01	1.4828103248e+01	1.9699447396e+01	1.9699447396e+01	6.7935582995e-01	7.5943751633e-01	6.7935582995e-01	4.7717317939e-02	5.0080512323e-01	8.0604844704e-01	1	1.4262710765e+00	1	0
8	452_532	4.5200000000e+02	5.3200000000e+02	7	0	1	4.5864248841e+02	5.3544931615e+02	6.6424884123e+00	3.4493161519e+00	6.6424884123e+00	2.5219494104e-01	2.0431880653e-01	2.5219494104e-01	1.4672806168e+01	1.9386912849e+01	1.9386912849e+01	6.7182064056e-01	7.5079555809e-01	6.7182064056e-01	4.7876134515e-02	4.9556011165e-01	7.9326037330e-01	0	1.4412568239e+00	1	0
8	452_532	4.5200000000e+02	5.3200000000e+02	8	0	1	4.5864248841e+02	5.3460989727e+02	6.6424884123e+00	2.6098972695e+00	6.6424884123e+00	4.3487095833e-01	4.3366837502e-01	4.3487095833e-01	1.2224449547e+01	1.6015245974e+01	1.6015245974e+01	5.1529270411e-01	5.3069925308e-01	5.1529270411e-01	1.2025833130e-03	4.1286918896e-01	6.5530082579e-01	0	2.1743547916e+00	1	0
8	452_532	4.5200000000e+02	5.3200000000e+02	9	0	1	4.5864248841e+02	5.3460989727e+02	6.6424884123e+00	2.6098972695e+00	6.6424884123e+00	4.0318161249e-01	3.9093199372e-01	4.0318161249e-01	1.2583835213e+01	1.6382939945e+01	1.6382939945e+01	5.4438006878e-01	5.7180306315e-01	5.4438006878e-01	1.2249618769e-02	4.2500709898e-01	6.7034587497e-01	0	2.0159080625e+00	1	0
8	452_532	4.5200000000e+02	5.3200000000e+02	10	1	1	4.4647091462e+02	5.3796757280e+02	-5.5290853825e+00	5.9675727991e+00	5.9675727991e+00	3.0820745975e-02	1.8080329522e-02	3.0820745975e-02	3.1228512579e+01	4.0659634122e+01	4.0659634122e+01	7.6050881669e-01	8.9553883113e-01	7.6050881669e-01	1.2740416452e-02	1.0547133931e+00	1.6636829594e+00	0	1.8962370267e+00	1	0
8	452_532	4.5200000000e+02	5.3200000000e+02	11	1	1	4.5864248841e+02	5.3544931615e+02	6.6424884123e+00	3.4493161519e+00	6.6424884123e+00	3.0247011781e-01	2.7820712328e-01	3.0247011781e-01	1.3405076980e+01	1.7771636083e+01	1.7771636083e+01	6.3251844049e-01	6.8270540237e-01	6.3251844049e-01	2.4262994528e-02	4.5274376072e-01	7.2716758894e-01	0	1.5635892551e+00	1	0
8	452_532	4.5200000000e+02	5.3200000000e+02	12	1	1	4.5864248841e+02	5.3670844448e+02	6.6424884123e+00	4.7084444755e+00	6.6424884123e+00	2.1101467311e-01	6.4890675247e-02	2.1101467311e-01	3.0392847636e+01	3.0970419706e+01	3.0970419706e+01	6.3154400885e-01	8.7536651641e-01	6.3154400885e-01	1.4612399787e-01	1.0264896023e+00	1.2672263443e+00	0	1.4612399787e+00	1	0
8	452_532	4.5200000000e+02	5.3200000000e+02	13	1	1	4.5864248841e+02	5.3502960671e+02	6.6424884123e+00	3.0296067107e+00	6.6424884123e+00	3.4205141664e-01	3.2060590386e-01	3.4205141664e-01	1.2979695593e+01	1.7028542763e+01	1.7028542763e+01	5.9828248620e-01	6.4096865058e-01	5.9828248620e-01	2.1445512772e-02	4.3837690784e-01	6.9676220729e-01	0	1.7102570832e+00	1	0
8	452_532	4.5200000000e+02	5.3200000000e+02	14	1	1	4.5864248841e+02	5.3670844448e+02	6.6424884123e+00	4.7084444755e+00	6.6424884123e+00	4.0784212947e-01	1.2567378581e-01	4.0784212947e-01	2.9667473188e+01	2.2948166564e+01	2.9667473188e+01	4.9810543656e-01	8.1871668994e-01	4.9810543656e-01	2.8216834366e-01	1.0019907683e+00	9.3897730479e-01	0	2.8216834366e+00	1	0
8	452_532	4.5200000000e+02	5.3200000000e+02	15	1	1	4.5906219785e+02	5.3670844448e+02	7.0621978535e+00	4.7084444755e+00	7.0621978535e+00	1.1915349215e-01	6.0432255268e-02	1.1915349215e-01	2.0694460467e+01	2.8398633095e+01	2.8398633095e+01	7.2980207950e-01	8.8823711872e-01	7.2980207950e-01	5.8721236885e-02	6.9893577425e-01	1.1619957476e+00	1	8.6018350214e-01	1	1
8	452_532	4.5200000000e+02	5.3200000000e+02	16	1	1	4.4605120518e+02	5.3670844448e+02	-5.9487948237e+00	4.7084444755e+00	5.9487948237e+00	3.8286626339e-02	2.4455985054e-02	3.8286626339e-02	2.9924342934e+01	3.7846891938e+01	3.7846891938e+01	7.7851444483e-01	8.9260218479e-01	7.7851444483e-01	1.3830641285e-02	1.0106663003e+00	1.5485931082e+00	0	1.5674088805e+00	1	0
8	452_532	4.5200000000e+02	5.3200000000e+02	17	1	1	4.5906219785e+02	5.3670844448e+02	7.0621978535e+00	4.7084444755e+00	7.0621978535e+00	1.3302384317e-01	5.3639046848e-02	1.3302384317e-01	2.6355794010e+01	3.3047011265e+01	3.3047011265e+01	6.8894280493e-01	8.8507682830e-01	6.8894280493e-01	7.9384796321e-02	8.9014194509e-01	1.3521948903e+00	1	1.0062711151e+00	1	0
8	452_532	4.5200000000e+02	5.3200000000e+02	18	1	1	4.5864248841e+02	5.3628873503e+02	6.6424884123e+00	4.2887350343e+00	6.6424884123e+00	1.9846346974e-01	1.6142933071e-01	1.9846346974e-01	1.5177996881e+01	2.0912126994e+01	2.0912126994e+01	7.1694490314e-01	7.9504008591e-01	7.1694490314e-01	3.7034139037e-02	5.1262244884e-01	8.5566803723e-01	1	1.3925072890e+00	1	0
8	452_532	4.5200000000e+02	5.3200000000e+02	19	1	1	4.5864248841e+02	5.3628873503e+02	6.6424884123e+00	4.2887350343e+00	6.6424884123e+00	2.0071908832e-01	1.4900642633e-01	2.0071908832e-01	1.5646607218e+01	2.1420244798e+01	2.1420244798e+01	7.0966848731e-01	8.0424189568e-01	7.0966848731e-01	5.1712661982e-02	5.2844931850e-01	8.7645885226e-01	1	1.3472876614e+00	1	0
9	442_542	4.4200000000e+02	5.4200000000e+02	0	0	1	4.4437236741e+02	5.5265740324e+02	2.3723674115e+00	1.0657403241e+01	1.0657403241e+01	2.2597530484e-01	2.9624691606e-01	2.9624691606e-01	1.7994033422e+01	2.1559005871e+01	2.1559005871e+01	7.1984300017e-01	6.1582687497e-01	6.1582687497e-01	7.0271611214e-02	6.2442298588e-01	8.2582806166e-01	1	1.4812345803e+00	0	0
9	442_542	4.4200000000e+02	5.4200000000e+02	1	0	1	4.4395265797e+02	5.4971943715e+02	1.9526579703e+00	7.7194371527e+00	7.7194371527e+00	4.5082256198e-01	6.5255784988e-01	6.5255784988e-01	1.4929494546e+01	2.4349838078e+01	2.4349838078e+01	5.0910696387e-01	2.9277718067e-01	2.9277718067e-01	2.0173528790e-01	5.1807837315e-01	9.3273222812e-01	0	3.2627892494e+00	0	0
9	442_542	4.4200000000e+02	5.4200000000e+02	2	0	1	4.4437236741e+02	5.3586902559e+02	2.3723674115e+00	-6.1309744069e+00	6.1309744069e+00	1.9723071158e-01	2.1581399441e-01	2.1581399441e-01	1.8509677305e+01	1.9114325440e+01	1.9114325440e+01	7.4741683900e-01	7.2092413902e-01	7.2092413902e-01	1.8583282828e-02	6.4231668905e-01	7.3218340507e-01	1	1.0790699720e+00	1	0
9	442_542	4.4200000000e+02	5.4200000000e+02	3	0	1	4.4395265797e+02	5.3544931615e+02	1.9526579703e+00	-6.5506838481e+00	6.5506838481e+00	4.4976142049e-01	7.1287918091e-01	7.1287918091e-01	1.4805926204e+01	2.8286795530e+01	2.8286795530e+01	5.1052454114e-01	2.3612535000e-01	2.3612535000e-01	2.6311776042e-01	5.1379034552e-01	1.0835392718e+00	0	3.5643959045e+00	1	0
9	442_542	4.4200000000e+02	5.4200000000e+02	4	0	1	4.4437236741e+02	5.3460989727e+02	2.3723674115e+00	-7.3901027305e+00	7.3901027305e+00	3.0540964007e-01	3.6806434393e-01	3.6806434393e-01	1.6166474093e+01	1.6027211843e+01	1.6166474093e+01	6.5179428458e-01	5.7963091135e-01	5.7963091135e-01	6.2654703856e-02	5.6100362757e-01	6.1393003784e-01	0	1.8403217196e+00	0	0
9	442_542	4.4200000000e+02	5.4200000000e+02	5	0	1	4.4437236741e+02	5.3670844448e+02	2.3723674115e+00	-5.2915555245e+00	5.2915555245e+00	2.2970153391e-01	3.8890528679e-01	3.8890528679e-01	1.9275774924e+01	2.8214535125e+01	2.8214535125e+01	7.1376572549e-01	5.3748410940e-01	5.3748410940e-01	1.5920375288e-01	6.6890155481e-01	1.0807713024e+00	0	1.9445264339e+00	1	0
9	442_542	4.4200000000e+02	5.4200000000e+02	6	0	1	4.4437236741e+02	5.3670844448e+02	2.3723674115e+00	-5.2915555245e+00	5.2915555245e+00	1.7879186571e-01	2.2787788510e-01	2.2787788510e-01	2.0343580393e+01	2.5446244666e+01	2.5446244666e+01	7.5461919606e-01	6.9300392270e-01	6.9300392270e-01	4.9086019397e-02	7.0595618640e-01	9.7473060840e-01	1	1.1393894255e+00	1	0
9	442_542	4.4200000000e+02	5.4200000000e+02	7	0	1	4.4437236741e+02	5.3670844448e+02	2.3723674115e+00	-5.2915555245e+00	5.2915555245e+00	1.7704854906e-01	2.0499546826e-01	2.0499546826e-01	1.9835733637e+01	2.1888671951e+01	2.1888671951e+01	7.5814004242e-01	7.1932731569e-01	7.1932731569e-01	2.7946919203e-02	6.8833305652e-01	8.3845607900e-01	1	1.0249773413e+00	1	0
9	442_542	4.4200000000e+02	5.4200000000e+02	8	0	1	4.4437236741e+02	5.5097856548e+02	2.3723674115e+00	8.9785654763e+00	8.9785654763e+00	3.6482560635e-01	3.9315474033e-01	3.9315474033e-01	1.6173355986e+01	1.6665733647e+01	1.6665733647e+01	5.8944553137e-01	5.3408396244e-01	5.3408396244e-01	2.8329133987e-02	5.6124244073e-01	6.3838892183e-01	0	1.9657737017e+00	0	0
9	442_542	4.4200000000e+02	5.4200000000e+02	9	0	1	4.4437236741e+02	5.3460989727e+02	2.3723674115e+00	-7.3901027305e+00	7.3901027305e+00	3.1277078390e-01	3.5638061166e-01	3.5638061166e-01	1.6075903688e+01	1.5644491873e+01	1.6075903688e+01	6.4481484890e-01	5.9173122048e-01	5.9173122048e-01	4.3609827757e-02	5.5786068338e-01	5.9926976580e-01	0	1.7819030583e+00	0	0
9	442_542	4.4200000000e+02	5.4200000000e+02	10	1	1	4.4647091462e+02	5.3796757280e+02	4.4709146175e+00	-4.0324272009e+00	4.4709146175e+00	2.8898527846e-02	2.0938565955e-02	2.8898527846e-02	3.1015031577e+01	3.9795667320e+01	3.9795667320e+01	7.7397746779e-01	8.9378649928e-01	7.7397746779e-01	7.9599618912e-03	1.0762733496e+00	1.5243921265e+00	0	1.4982632187e+00	1	0
9	442_542	4.4200000000e+02	5.4200000000e+02	11	1	1	4.4437236741e+02	5.3628873503e+02	2.3723674115e+00	-5.7112649657e+00	5.7112649657e+00	1.6903394461e-01	1.5853455663e-01	1.6903394461e-01	1.9671721044e+01	2.0789240364e+01	2.0789240364e+01	7.6774424314e-01	7.7394101024e-01	7.6774424314e-01	1.0499387980e-02	6.8264154587e-01	7.9634182465e-01	1	9.0673844036e-01	1	0
9	442_542	4.4200000000e+02	5.4200000000e+02	12	1	1	4.4563149574e+02	5.3670844448e+02	3.6314957351e+00	-5.2915555245e+00	5.2915555245e+00	4.3899122626e-02	3.6478899419e-02	4.3899122626e-02	2.7294565175e+01	3.3128881700e+01	3.3128881700e+01	8.0557876453e-01	8.8103292137e-01	8.0557876453e-01	7.4202232063e-03	9.4716695723e-01	1.2690177053e+00	1	7.6862201517e-01	1	0
9	442_542	4.4200000000e+02	5.4200000000e+02	13	1	1	4.4437236741e+02	5.3586902559e+02	2.3723674115e+00	-6.1309744069e+00	6.1309744069e+00	1.8038077652e-01	1.7573939264e-01	1.8038077652e-01	1.9276961336e+01	2.0191975911e+01	2.0191975911e+01	7.5955931842e-01	7.5901336968e-01	7.5901336968e-01	4.6413838863e-03	6.6894272526e-01	7.7346332331e-01	1	9.4587792783e-01	1	0
9	442_542	4.4200000000e+02	5.4200000000e+02	14	1	1	4.4479207685e+02	5.3670844448e+02	2.7920768527e+00	-5.2915555245e+00	5.2915555245e+00	7.8166961670e-02	6.6777192056e-02	7.8166961670e-02	2.3691100157e+01	2.6276758053e+01	2.6276758053e+01	8.2280319929e-01	8.6116544157e-01	8.2280319929e-01	1.1389769614e-02	8.2212070810e-01	1.0065438221e+00	1	6.0767872613e-01	1	0
9	442_542	4.4200000000e+02	5.4200000000e+02	15	1	1	4.4563149574e+02	5.3670844448e+02	3.6314957351e+00	-5.2915555245e+00	5.2915555245e+00	4.8732612282e-02	5.8362167329e-02	5.8362167329e-02	2.9178674550e+01	3.1434531196e+01	3.1434531196e+01	8.6880138144e-01	8.0132307485e-01	8.0132307485e-01	9.6295550466e-03	1.0125486965e+00	1.2041147965e+00	1	6.2396805445e-01	1	0
9	442_542	4.4200000000e+02	5.4200000000e+02	16	1	1	4.4647091462e+02	5.3796757280e+02	4.4709146175e+00	-4.0324272009e+00	4.4709146175e+00	2.9051335528e-02	2.5595290586e-02	2.9051335528e-02	3.1067835953e+01	3.9733560560e+01	3.9733560560e+01	7.7906319313e-01	8.9025499113e-01	7.7906319313e-01	3.4560449421e-03	1.0781057496e+00	1.5220130973e+00	0	1.4914659923e+00	1	0
9	442_542	4.4200000000e+02	5.4200000000e+02	17	1	1	4.4563149574e+02	5.3670844448e+02	3.6314957351e+00	-5.2915555245e+00	5.2915555245e+00	3.7872977555e-02	3.8724284619e-02	3.8724284619e-02	3.2187669991e+01	3.3241364551e+01	3.3241364551e+01	8.7831359357e-01	7.9867895320e-01	7.9867895320e-01	8.5130706429e-04	1.1169658593e+00	1.2733264149e+00	1	7.8093261399e-01	1	0
9	442_542	4.4200000000e+02	5.4200000000e+02	18	1	1	4.4479207685e+02	5.3586902559e+02	2.7920768527e+00	-6.1309744069e+00	6.1309744069e+00	8.1577599049e-02	6.9793194532e-02	8.1577599049e-02	2.3332878051e+01	2.5919218368e+01	2.5919218368e+01	8.2231163979e-01	8.5953429341e-01	8.2231163979e-01	1.1784404516e-02	8.0968980327e-01	9.9284809294e-01	1	6.0804198288e-01	1	0
9	442_542	4.4200000000e+02	5.4200000000e+02	19	1	1	4.4479207685e+02	5.3586902559e+02	2.7920768527e+00	-6.1309744069e+00	6.1309744069e+00	7.8266598284e-02	6.6743381321e-02	7.8266598284e-02	2.3683876235e+01	2.6228237053e+01	2.6228237053e+01	8.2291319221e-01	8.6164187640e-01	8.2291319221e-01	1.1523216963e-02	8.2187002596e-01	1.0046852019e+00	1	6.0759750206e-01	1	1
10	432_552	4.3200000000e+02	5.5200000000e+02	0	0	1	4.2968253697e+02	5.5181798436e+02	-2.3174630305e+00	-1.8201564133e-01	2.3174630305e+00	2.8144428134e-01	3.5903814435e-01	3.5903814435e-01	1.8254248672e+01	2.0461336317e+01	2.0461336317e+01	6.5838995576e-01	5.2604469657e-01	5.2604469657e-01	7.7593863010e-02	6.7240098724e-01	7.3005065852e-01	0	1.7951907218e+00	1	0
10	432_552	4.3200000000e+02	5.5200000000e+02	1	0	1	4.2926282753e+02	5.5097856548e+02	-2.7371724717e+00	-1.0214345237e+00	2.7371724717e+00	4.1465198994e-01	5.1348078251e-01	5.1348078251e-01	1.7990131904e+01	1.4949143723e+01	1.7990131904e+01	5.3273963928e-01	3.9857333899e-01	3.9857333899e-01	9.8828792572e-02	6.6267216309e-01	5.3337827256e-01	0	2.5674039125e+00	1	0
10	432_552	4.3200000000e+02	5.5200000000e+02	2	0	1	4.2968253697e+02	5.5181798436e+02	-2.3174630305e+00	-1.8201564133e-01	2.3174630305e+00	1.7978698015e-01	2.0343081653e-01	2.0343081653e-01	1.9633614192e+01	2.0235299441e+01	2.0235299441e+01	7.6700168848e-01	6.8705500662e-01	6.8705500662e-01	2.3643836379e-02	7.2321034971e-01	7.2198577127e-01	1	1.0171540827e+00	1	0
10	432_552	4.3200000000e+02	5.5200000000e+02	3	0	1	4.2926282753e+02	5.5097856548e+02	-2.7371724717e+00	-1.0214345237e+00	2.7371724717e+00	4.1677144170e-01	5.1412856579e-01	5.1412856579e-01	1.8162621148e+01	1.4940679170e+01	1.8162621148e+01	5.3082820773e-01	3.9817833900e-01	3.9817833900e-01	9.7357124090e-02	6.6902585861e-01	5.3307626140e-01	0	2.5706428289e+00	1	0
10	432_552	4.3200000000e+02	5.5200000000e+02	4	0	1	4.2926282753e+02	5.5139827492e+02	-2.7371724717e+00	-6.0172508253e-01	2.7371724717e+00	2.6297956705e-01	3.2051056623e-01	3.2051056623e-01	1.7530424518e+01	1.7456199985e+01	1.7530424518e+01	6.8549972773e-01	5.7852655649e-01	5.7852655649e-01	5.7530999184e-02	6.4573869704e-01	6.2282883662e-01	1	1.6025528312e+00	1	0
10	432_552	4.3200000000e+02	5.5200000000e+02	5	0	1	4.2968253697e+02	5.5181798436e+02	-2.3174630305e+00	-1.8201564133e-01	2.3174630305e+00	2.0633475482e-01	2.3404264450e-01	2.3404264450e-01	1.8934830512e+01	1.9424427863e+01	1.9424427863e+01	7.3910619318e-01	6.5692257881e-01	6.5692257881e-01	2.7707889676e-02	6.9747043323e-01	6.9305426259e-01	1	1.1702132225e+00	1	0
10	432_552	4.3200000000e+02	5.5200000000e+02	6	0	1	4.2968253697e+02	5.5223769380e+02	-2.3174630305e+00	2.3769379987e-01	2.3174630305e+00	2.0046877861e-01	2.6079002023e-01	2.6079002023e-01	1.9358411635e+01	2.1511235737e+01	2.1511235737e+01	7.4084973335e-01	6.2403103709e-01	6.2403103709e-01	6.0321241617e-02	7.1307317704e-01	7.6751056589e-01	1	1.3039501011e+00	1	0
10	432_552	4.3200000000e+02	5.5200000000e+02	7	0	1	4.2968253697e+02	5.5181798436e+02	-2.3174630305e+00	-1.8201564133e-01	2.3174630305e+00	1.6418613493e-01	1.8344144523e-01	1.8344144523e-01	2.0059870916e+01	2.0903672105e+01	2.0903672105e+01	7.8249888122e-01	7.0547296107e-01	7.0547296107e-01	1.9255310297e-02	7.3891165014e-01	7.4583298710e-01	1	9.1720722616e-01	1	0
10	432_552	4.3200000000e+02	5.5200000000e+02	8	0	1	4.2926282753e+02	5.5139827492e+02	-2.7371724717e+00	-6.0172508253e-01	2.7371724717e+00	2.8929537535e-01	3.5462558270e-01	3.5462558270e-01	1.7088961751e+01	1.6876551190e+01	1.7088961751e+01	6.5855193138e-01	5.4776108265e-01	5.4776108265e-01	6.5330207348e-02	6.2947727727e-01	6.0214724587e-01	0	1.7731279135e+00	1	0
10	432_552	4.3200000000e+02	5.5200000000e+02	9	0	1	4.2926282753e+02	5.5139827492e+02	-2.7371724717e+00	-6.0172508253e-01	2.7371724717e+00	2.7123162150e-01	3.3084878325e-01	3.3084878325e-01	1.7394566787e+01	1.7241659345e+01	1.7394566787e+01	6.7705884576e-01	5.6950953603e-01	5.6950953603e-01	5.9617161751e-02	6.4073433483e-01	6.1517412958e-01	1	1.6542439163e+00	1	0
10	432_552	4.3200000000e+02	5.5200000000e+02	10	1	1	4.3052195585e+02	5.5391653156e+02	-1.4780441481e+00	1.9165315647e+00	1.9165315647e+00	3.6535304040e-02	2.6670163497e-02	3.6535304040e-02	3.0431220204e+01	3.5874164621e+01	3.5874164621e+01	8.7928070500e-01	8.2995116152e-01	8.2995116152e-01	9.8651405424e-03	1.1209435609e+00	1.2799729744e+00	1	7.9992278394e-01	1	0
10	432_552	4.3200000000e+02	5.5200000000e+02	11	1	1	4.2968253697e+02	5.5181798436e+02	-2.3174630305e+00	-1.8201564133e-01	2.3174630305e+00	2.7864587307e-01	3.4522151947e-01	3.4522151947e-01	1.8226614911e+01	1.9792451255e+01	1.9792451255e+01	6.6164809465e-01	5.4112136364e-01	5.4112136364e-01	6.6575646400e-02	6.7138308898e-01	7.0618516057e-01	1	1.7261075974e+00	1	0
10	432_552	4.3200000000e+02	5.5200000000e+02	12	1	1	4.3052195585e+02	5.5391653156e+02	-1.4780441481e+00	1.9165315647e+00	1.9165315647e+00	3.0883386731e-02	2.5981262326e-02	3.0883386731e-02	3.0349129244e+01	3.6183689238e+01	3.6183689238e+01	8.8367961347e-01	8.3210150898e-01	8.3210150898e-01	4.9021244049e-03	1.1179197146e+00	1.2910166642e+00	1	8.3147618330e-01	1	0
10	432_552	4.3200000000e+02	5.5200000000e+02	13	1	1	4.2968253697e+02	5.5181798436e+02	-2.3174630305e+00	-1.8201564133e-01	2.3174630305e+00	2.2651799023e-01	2.5500628352e-01	2.5500628352e-01	1.8611541566e+01	1.8933807425e+01	1.8933807425e+01	7.1814070642e-01	6.3558873534e-01	6.3558873534e-01	2.8488293290e-02	6.8556198329e-01	6.7554916086e-01	1	1.2750314176e+00	1	0
10	432_552	4.3200000000e+02	5.5200000000e+02	14	1	1	4.3010224641e+02	5.5265740324e+02	-1.8977535893e+00	6.5740324107e-01	1.8977535893e+00	6.0070101172e-02	6.0965891927e-02	6.0965891927e-02	2.6127525494e+01	2.9417797696e+01	2.9417797696e+01	8.7749135122e-01	8.1068140641e-01	8.1068140641e-01	8.9579075575e-04	9.6241561362e-01	1.0496129015e+00	1	6.1676510161e-01	1	1
10	432_552	4.3200000000e+02	5.5200000000e+02	15	1	1	4.3052195585e+02	5.5391653156e+02	-1.4780441481e+00	1.9165315647e+00	1.9165315647e+00	4.0564633906e-02	2.8696822003e-02	4.0564633906e-02	2.9583690066e+01	3.4587016452e+01	3.4587016452e+01	8.8109149784e-01	8.2981701009e-01	8.2981701009e-01	1.1867811903e-02	1.0897245219e+00	1.2340481455e+00	1	6.6870898722e-01	1	0
10	432_552	4.3200000000e+02	5.5200000000e+02	16	1	1	4.3094166529e+02	5.5517565989e+02	-1.0583347069e+00	3.1756598883e+00	3.1756598883e+00	2.9377518222e-02	2.1170118824e-02	2.9377518222e-02	3.2634857164e+01	3.9328995631e+01	3.9328995631e+01	8.7519037910e-01	8.3345111273e-01	8.3345111273e-01	8.2073993981e-03	1.2021152210e+00	1.4032396865e+00	1	1.1521133900e+00	1	0
10	432_552	4.3200000000e+02	5.5200000000e+02	17	1	1	4.3094166529e+02	5.5517565989e+02	-1.0583347069e+00	3.1756598883e+00	3.1756598883e+00	2.8231449425e-02	2.3283751681e-02	2.8231449425e-02	3.1587783531e+01	3.8010194782e+01	3.8010194782e+01	8.8086467236e-01	8.3305266313e-01	8.3305266313e-01	4.9476977438e-03	1.1635459346e+00	1.3561855053e+00	1	1.0176728722e+00	1	0
10	432_552	4.3200000000e+02	5.5200000000e+02	18	1	1	4.2968253697e+02	5.5265740324e+02	-2.3174630305e+00	6.5740324107e-01	2.3174630305e+00	1.1513806134e-01	9.1714829206e-02	1.1513806134e-01	2.4042402806e+01	2.5708117203e+01	2.5708117203e+01	8.2341878861e-01	7.8324946761e-01	7.8324946761e-01	2.3423232138e-02	8.8560946403e-01	9.1725328213e-01	1	6.3836621750e-01	1	0
10	432_552	4.3200000000e+02	5.5200000000e+02	19	1	1	4.3010224641e+02	5.5265740324e+02	-1.8977535893e+00	6.5740324107e-01	1.8977535893e+00	7.1149006486e-02	6.7282073200e-02	7.1149006486e-02	2.5529007708e+01	2.8571262505e+01	2.8571262505e+01	8.6737768352e-01	8.0388361961e-01	8.0388361961e-01	3.8669332862e-03	9.4036902283e-01	1.0194089322e+00	1	6.2198058003e-01	1	0
11	494_534	4.9400000000e+02	5.3400000000e+02	0	0	1	4.8970098706e+02	5.3586902559e+02	-4.2990129389e+00	1.8690255931e+00	4.2990129389e+00	1.6196955740e-01	1.5201972425e-01	1.6196955740e-01	1.5920270859e+01	2.2965329226e+01	2.2965329226e+01	5.8691255748e-01	8.1318111718e-01	5.8691255748e-01	9.9498331547e-03	2.2306970579e-01	1.3683710607e+00	0	2.2198008406e+00	1	0
11	494_534	4.9400000000e+02	5.3400000000e+02	1	0	1	4.8844185874e+02	5.3419018783e+02	-5.5581412625e+00	1.9018782827e-01	5.5581412625e+00	4.7497788072e-01	4.5519763231e-01	4.7497788072e-01	1.3310213929e+01	1.5295691280e+01	1.5295691280e+01	4.2411503196e-01	5.1588070393e-01	4.2411503196e-01	1.9780248404e-02	1.8649842904e-01	9.1138172223e-01	0	2.3748894036e+00	1	0
11	494_534	4.9400000000e+02	5.3400000000e+02	2	0	1	4.8970098706e+02	5.3586902559e+02	-4.2990129389e+00	1.8690255931e+00	4.2990129389e+00	1.5688720345e-01	1.4376069605e-01	1.5688720345e-01	1.6148928116e+01	2.3548401127e+01	2.3548401127e+01	5.8557739854e-01	8.2049600780e-01	5.8557739854e-01	1.3126507401e-02	2.2627357761e-01	1.4031129409e+00	0	2.2106469211e+00	1	0
11	494_534	4.9400000000e+02	5.3400000000e+02	3	0	1	4.8844185874e+02	5.3419018783e+02	-5.5581412625e+00	1.9018782827e-01	5.5581412625e+00	4.9067172408e-01	4.7048762441e-01	4.9067172408e-01	1.3155969495e+01	1.4910373997e+01	1.4910373997e+01	4.1467031837e-01	5.0064638257e-01	4.1467031837e-01	2.0184099674e-02	1.8433720573e-01	8.8842289531e-01	0	2.4533586204e+00	1	0
11	494_534	4.9400000000e+02	5.3400000000e+02	4	0	1	4.8844185874e+02	5.3460989727e+02	-5.5581412625e+00	6.0989726947e-01	5.5581412625e+00	3.2073739171e-01	3.2982772589e-01	3.2982772589e-01	1.6800425083e+01	1.5053306710e+01	1.6800425083e+01	6.5008011460e-01	5.3142422438e-01	5.3142422438e-01	9.0903341770e-03	2.3540214319e-01	8.9693942846e-01	0	2.1845653052e+00	1	0
11	494_534	4.9400000000e+02	5.3400000000e+02	5	0	1	4.8970098706e+02	5.3586902559e+02	-4.2990129389e+00	1.8690255931e+00	4.2990129389e+00	1.9287294149e-01	1.8999025226e-01	1.9287294149e-01	1.5584755229e+01	2.1479084390e+01	2.1479084390e+01	5.8358561993e-01	7.7566972375e-01	5.8358561993e-01	2.8826892376e-03	2.1836856888e-01	1.2798143324e+00	0	2.2332326603e+00	1	0
11	494_534	4.9400000000e+02	5.3400000000e+02	6	0	1	4.9012069650e+02	5.3586902559e+02	-3.8793034977e+00	1.8690255931e+00	3.8793034977e+00	6.5186046064e-02	6.4245283604e-02	6.5186046064e-02	1.8510785370e+01	3.4076364591e+01	3.4076364591e+01	5.1692608744e-01	8.9521563053e-01	5.1692608744e-01	9.4076246023e-04	2.5936716046e-01	2.0304133550e+00	0	2.9440381571e+00	1	0
11	494_534	4.9400000000e+02	5.3400000000e+02	7	0	1	4.8970098706e+02	5.3586902559e+02	-4.2990129389e+00	1.8690255931e+00	4.2990129389e+00	9.8638206720e-02	9.3842923641e-02	9.8638206720e-02	1.7131367378e+01	2.7628801638e+01	2.7628801638e+01	5.6347736716e-01	8.6833590269e-01	5.6347736716e-01	4.7952830791e-03	2.4003920001e-01	1.6462403928e+00	0	2.1713165714e+00	1	0
11	494_534	4.9400000000e+02	5.3400000000e+02	8	0	1	4.8844185874e+02	5.3460989727e+02	-5.5581412625e+00	6.0989726947e-01	5.5581412625e+00	3.4582409263e-01	3.4662243724e-01	3.4662243724e-01	1.6579447285e+01	1.4659125945e+01	1.6579447285e+01	6.2463024259e-01	5.1884672046e-01	5.1884672046e-01	7.9834461212e-04	2.3230587349e-01	8.7345247796e-01	0	2.1934117900e+00	1	0
11	494_534	4.9400000000e+02	5.3400000000e+02	9	0	1	4.8844185874e+02	5.3460989727e+02	-5.5581412625e+00	6.0989726947e-01	5.5581412625e+00	3.2480075955e-01	3.3264431357e-01	3.3264431357e-01	1.6758561248e+01	1.4954187585e+01	1.6758561248e+01	6.4590159059e-01	5.2909061313e-01	5.2909061313e-01	7.8435540199e-03	2.3481556063e-01	8.9103349345e-01	0	2.1862412554e+00	1	0
11	494_534	4.9400000000e+02	5.3400000000e+02	10	1	1	4.9054040594e+02	5.3670844448e+02	-3.4595940565e+00	2.7084444755e+00	3.4595940565e+00	3.5890940577e-02	3.7510875612e-02	3.7510875612e-02	8.0466406775e+01	2.4696554290e+01	8.0466406775e+01	9.2230295762e-01	4.4942766055e-01	4.4942766055e-01	1.6199350357e-03	1.1274693656e+00	1.4715247432e+00	1	1.3472135519e+00	1	1
11	494_534	4.9400000000e+02	5.3400000000e+02	11	1	1	4.8844185874e+02	5.3460989727e+02	-5.5581412625e+00	6.0989726947e-01	5.5581412625e+00	4.2963272333e-01	3.5721054673e-01	4.2963272333e-01	1.4373493113e+01	1.6975613429e+01	1.6975613429e+01	4.4356852770e-01	6.1266437173e-01	4.4356852770e-01	7.2422176600e-02	2.0139675439e-01	1.0114785609e+00	0	2.2817235589e+00	1	0
11	494_534	4.9400000000e+02	5.3400000000e+02	12	1	1	4.8886156818e+02	5.3586902559e+02	-5.1384318213e+00	1.8690255931e+00	5.1384318213e+00	1.4831201732e-01	6.2285948545e-02	1.4831201732e-01	1.8929707008e+01	3.3670315987e+01	3.3670315987e+01	4.6180470288e-01	8.9704043791e-01	4.6180470288e-01	8.6026068777e-02	2.6523695547e-01	2.0062192686e+00	0	2.8749121961e+00	1	0
11	494_534	4.9400000000e+02	5.3400000000e+02	13	1	1	4.8844185874e+02	5.3460989727e+02	-5.5581412625e+00	6.0989726947e-01	5.5581412625e+00	5.1848155260e-01	3.8373154402e-01	5.1848155260e-01	1.5700832363e+01	1.6533224073e+01	1.6533224073e+01	3.6787790060e-01	5.8604705334e-01	3.6787790060e-01	1.3475000858e-01	2.1999500429e-01	9.8511913937e-01	0	2.5924077630e+00	1	0
11	494_534	4.9400000000e+02	5.3400000000e+02	14	1	1	4.8970098706e+02	5.3586902559e+02	-4.2990129389e+00	1.8690255931e+00	4.2990129389e+00	1.5512517095e-01	1.4051213861e-01	1.5512517095e-01	1.6071844459e+01	2.3433288492e+01	2.3433288492e+01	5.8746990561e-01	8.2512882352e-01	5.8746990561e-01	1.4613032341e-02	2.2519350623e-01	1.3962540452e+00	0	2.2137328393e+00	1	0
11	494_534	4.9400000000e+02	5.3400000000e+02	15	1	1	4.8886156818e+02	5.3586902559e+02	-5.1384318213e+00	1.8690255931e+00	5.1384318213e+00	2.1446730196e-01	6.7659012973e-02	2.1446730196e-01	2.4416918734e+01	3.0874949815e+01	3.0874949815e+01	4.4494406879e-01	8.9090443403e-01	4.4494406879e-01	1.4680828899e-01	3.4212199821e-01	1.8396595761e+00	0	2.3990273604e+00	1	0
11	494_534	4.9400000000e+02	5.3400000000e+02	16	1	1	4.9012069650e+02	5.3586902559e+02	-3.8793034977e+00	1.8690255931e+00	3.8793034977e+00	8.4574304521e-02	4.1083082557e-02	8.4574304521e-02	2.0519053995e+01	4.2060173119e+01	4.2060173119e+01	4.3380925804e-01	9.1628922522e-01	4.3380925804e-01	4.3491221964e-02	2.8750637338e-01	2.5061223003e+00	0	4.3032065724e+00	1	0
11	494_534	4.9400000000e+02	5.3400000000e+02	17	1	1	4.9012069650e+02	5.3586902559e+02	-3.8793034977e+00	1.8690255931e+00	3.8793034977e+00	8.5982143879e-02	4.6904373914e-02	8.5982143879e-02	1.9818673519e+01	3.8979726412e+01	3.8979726412e+01	4.6066254377e-01	9.1150284931e-01	4.6066254377e-01	3.9077769965e-02	2.7769286781e-01	2.3225763085e+00	0	3.7787894530e+00	1	0
11	494_534	4.9400000000e+02	5.3400000000e+02	18	1	1	4.8970098706e+02	5.3586902559e+02	-4.2990129389e+00	1.8690255931e+00	4.2990129389e+00	1.8781985343e-01	1.8321588635e-01	1.8781985343e-01	1.5643551924e+01	2.1725269726e+01	2.1725269726e+01	5.8384703100e-01	7.8227779269e-01	5.8384703100e-01	4.6039670706e-03	2.1919240923e-01	1.2944830918e+00	0	2.2308788308e+00	1	0
11	494_534	4.9400000000e+02	5.3400000000e+02	19	1	1	4.8970098706e+02	5.3586902559e+02	-4.2990129389e+00	1.8690255931e+00	4.2990129389e+00	1.6532719135e-01	1.5264165401e-01	1.6532719135e-01	1.5901573021e+01	2.2906571498e+01	2.2906571498e+01	5.8589470387e-01	8.1278061867e-01	5.8589470387e-01	1.2685537338e-02	2.2280771771e-01	1.3648700278e+00	0	2.2205493780e+00	1	0
12	484_544	4.8400000000e+02	5.4400000000e+02	0	0	1	4.8844185874e+02	5.5139827492e+02	4.4418587375e+00	7.3982749175e+00	7.3982749175e+00	3.1281045079e-01	4.1544574499e-01	4.1544574499e-01	1.7866221587e+01	2.2726381399e+01	2.2726381399e+01	6.6356274486e-01	4.9225401878e-01	4.9225401878e-01	1.0263529420e-01	8.2545416998e-01	7.2101834872e-01	0	2.0772287250e+00	1	0
12	484_544	4.8400000000e+02	5.4400000000e+02	1	0	1	4.8844185874e+02	5.5097856548e+02	4.4418587375e+00	6.9785654763e+00	6.9785654763e+00	5.2680909634e-01	5.3177434206e-01	5.3177434206e-01	1.4680063582e+01	1.5643702180e+01	1.5643702180e+01	4.5078819990e-01	4.1428756714e-01	4.1428756714e-01	4.9652457237e-03	6.7824747616e-01	4.9631290242e-01	0	2.6588717103e+00	1	0
12	484_544	4.8400000000e+02	5.4400000000e+02	2	0	1	4.8844185874e+02	5.5139827492e+02	4.4418587375e+00	7.3982749175e+00	7.3982749175e+00	2.9428300261e-01	3.7291583419e-01	3.7291583419e-01	1.7819484252e+01	2.0853618000e+01	2.0853618000e+01	6.8149712682e-01	5.3099200130e-01	5.3099200130e-01	7.8632831573e-02	8.2329481426e-01	6.6160296053e-01	0	1.8645791709e+00	1	0
12	484_544	4.8400000000e+02	5.4400000000e+02	3	0	1	4.8844185874e+02	5.5139827492e+02	4.4418587375e+00	7.3982749175e+00	7.3982749175e+00	5.3150558472e-01	5.4078221321e-01	5.4078221321e-01	1.4684457344e+01	1.5621361940e+01	1.5621361940e+01	4.4621241093e-01	4.0629160404e-01	4.0629160404e-01	9.2766284943e-03	6.7845047651e-01	4.9560413482e-01	0	2.7039110661e+00	1	0
12	484_544	4.8400000000e+02	5.4400000000e+02	4	0	1	4.8844185874e+02	5.5013914659e+02	4.4418587375e+00	6.1391465939e+00	6.1391465939e+00	4.2323553562e-01	4.2236763239e-01	4.2323553562e-01	1.4714325646e+01	1.8357800957e+01	1.8357800957e+01	5.0119835138e-01	5.5319470167e-01	5.0119835138e-01	8.6790323257e-04	6.7983045012e-01	5.8242054024e-01	0	2.1161776781e+00	1	0
12	484_544	4.8400000000e+02	5.4400000000e+02	5	0	1	4.8844185874e+02	5.5139827492e+02	4.4418587375e+00	7.3982749175e+00	7.3982749175e+00	3.1151068211e-01	3.9093551040e-01	3.9093551040e-01	1.7536039501e+01	2.0617332631e+01	2.0617332631e+01	6.6442519426e-01	5.1696237922e-01	5.1696237922e-01	7.9424828291e-02	8.1019911573e-01	6.5410655872e-01	0	1.9546775520e+00	1	0
12	484_544	4.8400000000e+02	5.4400000000e+02	6	0	1	4.8886156818e+02	5.5139827492e+02	4.8615681787e+00	7.3982749175e+00	7.3982749175e+00	2.1312935650e-01	2.2355599701e-01	2.2355599701e-01	1.9391824015e+01	2.0497404188e+01	2.0497404188e+01	7.6175366342e-01	6.5564714372e-01	6.5564714372e-01	1.0426640511e-02	8.9593996802e-01	6.5030170273e-01	1	1.1177799851e+00	1	1
12	484_544	4.8400000000e+02	5.4400000000e+02	7	0	1	4.8844185874e+02	5.5139827492e+02	4.4418587375e+00	7.3982749175e+00	7.3982749175e+00	2.6330277324e-01	2.8341433406e-01	2.8341433406e-01	1.8474683009e+01	1.9798066082e+01	1.9798066082e+01	7.1162489057e-01	6.1007645726e-01	6.1007645726e-01	2.0111560822e-02	8.5356627058e-01	6.2811446592e-01	1	1.4170716703e+00	1	0
12	484_544	4.8400000000e+02	5.4400000000e+02	8	0	1	4.8844185874e+02	5.5139827492e+02	4.4418587375e+00	7.3982749175e+00	7.3982749175e+00	4.5373392105e-01	5.0912755728e-01	5.0912755728e-01	1.6161682649e+01	1.7931897083e+01	1.7931897083e+01	5.2320671082e-01	4.2315018177e-01	4.2315018177e-01	5.5393636227e-02	7.4670115737e-01	5.6890829198e-01	0	2.5456377864e+00	1	0
12	484_544	4.8400000000e+02	5.4400000000e+02	9	0	1	4.8844185874e+02	5.5013914659e+02	4.4418587375e+00	6.1391465939e+00	6.1391465939e+00	4.2195618153e-01	4.1600176692e-01	4.2195618153e-01	1.4671240340e+01	1.8299863922e+01	1.8299863922e+01	5.0201535225e-01	5.5936321616e-01	5.0201535225e-01	5.9544146061e-03	6.7783982521e-01	5.8058242688e-01	0	2.1097809076e+00	1	0
12	484_544	4.8400000000e+02	5.4400000000e+02	10	1	1	4.9096011538e+02	5.3670844448e+02	6.9601153847e+00	-7.2915555245e+00	7.2915555245e+00	9.5266714692e-02	3.2617796212e-02	9.5266714692e-02	2.2547318776e+01	8.5057901995e+01	8.5057901995e+01	3.8957257569e-01	9.2359347269e-01	3.8957257569e-01	6.2648918480e-02	1.0417299604e+00	2.6985513869e+00	0	4.8530039625e+00	1	0
12	484_544	4.8400000000e+02	5.4400000000e+02	11	1	1	4.8844185874e+02	5.3460989727e+02	4.4418587375e+00	-9.3901027305e+00	9.3901027305e+00	3.5743445158e-01	4.6461072564e-01	4.6461072564e-01	1.6267889904e+01	2.3953900288e+01	2.3953900288e+01	6.1500746012e-01	4.1908594966e-01	4.1908594966e-01	1.0717627406e-01	7.5160813902e-01	7.5996267632e-01	0	2.3230536282e+00	0	0
12	484_544	4.8400000000e+02	5.4400000000e+02	12	1	1	4.8886156818e+02	5.3838728224e+02	4.8615681787e+00	-5.6127177597e+00	5.6127177597e+00	1.7836718261e-01	1.7516635358e-01	1.7836718261e-01	2.4323982706e+01	4.4457984051e+01	4.4457984051e+01	4.5797665417e-01	7.8952468932e-01	4.5797665417e-01	3.2008290291e-03	1.1238152878e+00	1.4104762956e+00	1	1.1727894160e+00	1	0
12	484_544	4.8400000000e+02	5.4400000000e+02	13	1	1	4.8844185874e+02	5.5013914659e+02	4.4418587375e+00	6.1391465939e+00	6.1391465939e+00	3.9062687755e-01	3.9791607857e-01	3.9791607857e-01	1.6209536495e+01	1.6554216188e+01	1.6554216188e+01	5.8252963424e-01	5.1868504286e-01	5.1868504286e-01	7.2892010212e-03	7.4891209808e-01	5.2519991681e-01	0	1.9895803928e+00	1	0
12	484_544	4.8400000000e+02	5.4400000000e+02	14	1	1	4.8970098706e+02	5.3586902559e+02	5.7009870611e+00	-8.1309744069e+00	8.1309744069e+00	1.6126810014e-01	1.6166408360e-01	1.6166408360e-01	2.0511749306e+01	1.8229040460e+01	2.0511749306e+01	8.0767776072e-01	6.0065571964e-01	6.0065571964e-01	3.9598345757e-04	9.4768269362e-01	5.7833547807e-01	1	1.2047557769e+00	0	0
12	484_544	4.8400000000e+02	5.4400000000e+02	15	1	1	4.8886156818e+02	5.3670844448e+02	4.8615681787e+00	-7.2915555245e+00	7.2915555245e+00	2.3763963580e-01	1.2036652863e-01	2.3763963580e-01	2.6184895747e+01	3.6039288679e+01	3.6039288679e+01	4.4706985354e-01	8.4472696483e-01	4.4706985354e-01	1.1727310717e-01	1.2097930880e+00	1.1433843319e+00	0	1.1881981790e+00	1	0
12	484_544	4.8400000000e+02	5.4400000000e+02	16	1	1	4.7543086606e+02	5.3670844448e+02	-8.5691339397e+00	-7.2915555245e+00	8.5691339397e+00	1.5667463839e-01	3.3794574440e-02	1.5667463839e-01	1.8488756109e+01	4.0036391174e+01	4.0036391174e+01	4.1029529274e-01	9.2109472305e-01	4.1029529274e-01	1.2288006395e-01	8.5421647517e-01	1.2701966119e+00	0	1.2288006395e+00	0	0
12	484_544	4.8400000000e+02	5.4400000000e+02	17	1	1	4.7543086606e+02	5.3670844448e+02	-8.5691339397e+00	-7.2915555245e+00	8.5691339397e+00	1.9089592993e-01	3.8837868720e-02	1.9089592993e-01	2.1450455770e+01	3.7138014245e+01	3.7138014245e+01	4.0989689529e-01	9.1714922711e-01	4.0989689529e-01	1.5205806121e-01	9.9105275715e-01	1.1782425559e+00	0	1.5205806121e+00	0	0
12	484_544	4.8400000000e+02	5.4400000000e+02	18	1	1	4.8970098706e+02	5.3586902559e+02	5.7009870611e+00	-8.1309744069e+00	8.1309744069e+00	1.9566935301e-01	1.9469484687e-01	1.9566935301e-01	1.5615609788e+01	2.1248017305e+01	2.1248017305e+01	5.8730566502e-01	7.7185544372e-01	5.8730566502e-01	9.7450613976e-04	7.2147152963e-01	6.7411569321e-01	1	9.7834676504e-01	0	0
12	484_544	4.8400000000e+02	5.4400000000e+02	19	1	1	4.8970098706e+02	5.3586902559e+02	5.7009870611e+00	-8.1309744069e+00	8.1309744069e+00	1.5779921412e-01	1.5133185685e-01	1.5779921412e-01	1.6023506805e+01	2.2960552649e+01	2.2960552649e+01	5.9216025472e-01	8.1495700777e-01	5.9216025472e-01	6.4673572779e-03	7.4031716477e-01	7.2844767788e-01	1	8.4436602426e-01	0	0
13	474_554	4.7400000000e+02	5.5400000000e+02	0	0	1	4.7333231885e+02	5.5181798436e+02	-6.6768114573e-01	-2.1820156413e+00	2.1820156413e+00	2.9334145784e-01	3.9516943693e-01	3.9516943693e-01	1.5467072707e+01	2.3141776362e+01	2.3141776362e+01	6.6684418917e-01	5.4347056150e-01	5.4347056150e-01	1.0182797909e-01	6.3282991034e-01	7.6642186248e-01	0	1.9758471847e+00	1	0
13	474_554	4.7400000000e+02	5.5400000000e+02	1	0	1	4.7333231885e+02	5.5097856548e+02	-6.6768114573e-01	-3.0214345237e+00	3.0214345237e+00	5.3194081783e-01	5.5669492483e-01	5.5669492483e-01	1.3334605575e+01	1.6579215383e+01	1.6579215383e+01	4.3670541048e-01	4.0148353577e-01	4.0148353577e-01	2.4754106998e-02	5.4558075792e-01	5.4907941956e-01	0	2.7834746242e+00	1	0
13	474_554	4.7400000000e+02	5.5400000000e+02	2	0	1	4.7333231885e+02	5.5265740324e+02	-6.6768114573e-01	-1.3425967589e+00	1.3425967589e+00	2.6272958517e-01	3.6027708650e-01	3.6027708650e-01	1.5996722726e+01	2.3553987433e+01	2.3553987433e+01	6.9678139687e-01	5.7240757346e-01	5.7240757346e-01	9.7547501326e-02	6.5450035702e-01	7.8007369159e-01	0	1.8013854325e+00	1	0
13	474_554	4.7400000000e+02	5.5400000000e+02	3	0	1	4.7333231885e+02	5.5013914659e+02	-6.6768114573e-01	-3.8608534061e+00	3.8608534061e+00	5.3552359343e-01	5.6292742491e-01	5.6292742491e-01	1.3193555834e+01	1.6226514028e+01	1.6226514028e+01	4.3487560749e-01	3.9668768644e-01	3.9668768644e-01	2.7403831482e-02	5.3980975674e-01	5.3739846537e-01	0	2.8146371245e+00	0	0
13	474_554	4.7400000000e+02	5.5400000000e+02	4	0	1	4.7333231885e+02	5.5097856548e+02	-6.6768114573e-01	-3.0214345237e+00	3.0214345237e+00	4.2084065080e-01	5.0480294228e-01	5.0480294228e-01	1.4422505519e+01	2.1390953967e+01	2.1390953967e+01	5.4026046395e-01	4.4548040628e-01	4.4548040628e-01	8.3962291479e-02	5.9009180647e-01	7.0843717970e-01	0	2.5240147114e+00	1	0
13	474_554	4.7400000000e+02	5.5400000000e+02	5	0	1	4.7333231885e+02	5.5181798436e+02	-6.6768114573e-01	-2.1820156413e+00	2.1820156413e+00	2.8289800882e-01	3.7669453025e-01	3.7669453025e-01	1.5635357659e+01	2.2737391769e+01	2.2737391769e+01	6.7727619410e-01	5.5982181430e-01	5.5982181430e-01	9.3796521425e-02	6.3971523073e-01	7.5302923487e-01	0	1.8834726512e+00	1	0
13	474_554	4.7400000000e+02	5.5400000000e+02	6	0	1	4.7375202830e+02	5.5307711268e+02	-2.4797170453e-01	-9.2288731773e-01	9.2288731773e-01	2.2849626839e-01	3.1670790911e-01	3.1670790911e-01	1.7047669022e+01	2.4853005442e+01	2.4853005442e+01	7.2898070514e-01	6.0669416189e-01	6.0669416189e-01	8.8211640716e-02	6.9749945987e-01	8.2309527241e-01	1	1.5835395455e+00	1	0
13	474_554	4.7400000000e+02	5.5400000000e+02	7	0	1	4.7375202830e+02	5.5307711268e+02	-2.4797170453e-01	-9.2288731773e-01	9.2288731773e-01	2.4236142635e-01	3.4256672859e-01	3.4256672859e-01	1.6580622048e+01	2.4986388844e+01	2.4986388844e+01	7.1550202370e-01	5.8493137360e-01	5.8493137360e-01	1.0020530224e-01	6.7839039506e-01	8.2751273604e-01	0	1.7128336430e+00	1	0
13	474_554	4.7400000000e+02	5.5400000000e+02	8	0	1	4.7375202830e+02	5.5097856548e+02	-2.4797170453e-01	-3.0214345237e+00	3.0214345237e+00	4.4542542100e-01	5.1399809122e-01	5.1399809122e-01	1.4104823199e+01	1.9365204545e+01	1.9365204545e+01	5.1698359847e-01	4.3806910515e-01	4.3806910515e-01	6.8572670221e-02	5.7709394464e-01	6.4134731502e-01	0	2.5699904561e+00	1	0
13	474_554	4.7400000000e+02	5.5400000000e+02	9	0	1	4.7333231885e+02	5.5097856548e+02	-6.6768114573e-01	-3.0214345237e+00	3.0214345237e+00	4.2572760582e-01	5.0577580929e-01	5.0577580929e-01	1.4367784888e+01	2.0837714639e+01	2.0837714639e+01	5.3561419249e-01	4.4473719597e-01	4.4473719597e-01	8.0048203468e-02	5.8785293084e-01	6.9011470049e-01	0	2.5288790464e+00	1	0
13	474_554	4.7400000000e+02	5.5400000000e+02	10	1	1	4.7501115662e+02	5.5349682212e+02	1.0111566191e+00	-5.0317787653e-01	1.0111566191e+00	3.5394039005e-02	2.8690954670e-02	3.5394039005e-02	2.4829684357e+01	4.0681013637e+01	4.0681013637e+01	7.1118089929e-01	9.2075947858e-01	7.1118089929e-01	6.7030843347e-03	1.0158979157e+00	1.3472958061e+00	1	9.9227373174e-01	1	0
13	474_554	4.7400000000e+02	5.5400000000e+02	11	1	1	4.7333231885e+02	5.5097856548e+02	-6.6768114573e-01	-3.0214345237e+00	3.0214345237e+00	3.5503378510e-01	3.6237633228e-01	3.6237633228e-01	1.4894547762e+01	1.8303684265e+01	1.8303684265e+01	6.0938939452e-01	5.7960021496e-01	5.7960021496e-01	7.3425471783e-03	6.0940525099e-01	6.0619131241e-01	0	1.8118816614e+00	1	0
13	474_554	4.7400000000e+02	5.5400000000e+02	12	1	1	4.7417173774e+02	5.5265740324e+02	1.7173773667e-01	-1.3425967589e+00	1.3425967589e+00	5.3555637598e-02	8.7829917669e-02	8.7829917669e-02	2.6079902278e+01	3.0943577544e+01	3.0943577544e+01	8.9864602685e-01	7.2074320912e-01	7.2074320912e-01	3.4274280071e-02	1.0670501479e+00	1.0248061325e+00	1	6.9372835383e-01	1	0
13	474_554	4.7400000000e+02	5.5400000000e+02	13	1	1	4.7333231885e+02	5.5097856548e+02	-6.6768114573e-01	-3.0214345237e+00	3.0214345237e+00	3.5682302713e-01	4.3171831965e-01	4.3171831965e-01	1.4791648868e+01	2.0504570933e+01	2.0504570933e+01	6.0513544083e-01	5.1250007749e-01	5.1250007749e-01	7.4895292521e-02	6.0519517843e-01	6.7908146712e-01	0	2.1585915983e+00	1	0
13	474_554	4.7400000000e+02	5.5400000000e+02	14	1	1	4.7375202830e+02	5.5265740324e+02	-2.4797170453e-01	-1.3425967589e+00	1.3425967589e+00	1.5290305018e-01	1.8931394815e-01	1.8931394815e-01	1.9791604206e+01	2.4481912405e+01	2.4481912405e+01	8.0022928119e-01	7.0398628712e-01	7.0398628712e-01	3.6410897970e-02	8.0976661534e-01	8.1080521254e-01	1	9.4656974077e-01	1	0
13	474_554	4.7400000000e+02	5.5400000000e+02	15	1	1	4.7417173774e+02	5.5265740324e+02	1.7173773667e-01	-1.3425967589e+00	1.3425967589e+00	6.6379383206e-02	8.0538414419e-02	8.0538414419e-02	2.4468010260e+01	2.9024433499e+01	2.9024433499e+01	8.8614319265e-01	7.4899641424e-01	7.4899641424e-01	1.4159031212e-02	1.0011001456e+00	9.6124688232e-01	1	6.6755993819e-01	1	1
13	474_554	4.7400000000e+02	5.5400000000e+02	16	1	1	4.7501115662e+02	5.5349682212e+02	1.0111566191e+00	-5.0317787653e-01	1.0111566191e+00	3.7437431514e-02	5.1015563309e-02	5.1015563309e-02	2.9530123815e+01	3.4082683895e+01	3.4082683895e+01	9.0818745643e-01	7.0766638964e-01	7.0766638964e-01	1.3578131795e-02	1.2082147644e+00	1.1287687540e+00	1	7.0654761526e-01	1	0
13	474_554	4.7400000000e+02	5.5400000000e+02	17	1	1	4.7459144718e+02	5.5307711268e+02	5.9144717787e-01	-9.2288731773e-01	9.2288731773e-01	4.5419994742e-02	8.0133460462e-02	8.0133460462e-02	2.7611116338e+01	3.3102292522e+01	3.3102292522e+01	9.0412413701e-01	7.0877627283e-01	7.0877627283e-01	3.4713465720e-02	1.1296992397e+00	1.0962996224e+00	1	7.0544122195e-01	1	0
13	474_554	4.7400000000e+02	5.5400000000e+02	18	1	1	4.7375202830e+02	5.5265740324e+02	-2.4797170453e-01	-1.3425967589e+00	1.3425967589e+00	1.9382967055e-01	2.3247155547e-01	2.3247155547e-01	1.8233496757e+01	2.3062035002e+01	2.3062035002e+01	7.6339064538e-01	6.7800489068e-01	6.7800489068e-01	3.8641884923e-02	7.4601719000e-01	7.6378094499e-01	1	1.1623577774e+00	1	0
13	474_554	4.7400000000e+02	5.5400000000e+02	19	1	1	4.7375202830e+02	5.5265740324e+02	-2.4797170453e-01	-1.3425967589e+00	1.3425967589e+00	1.6150310636e-01	2.0057386160e-01	2.0057386160e-01	1.9425014476e+01	2.4100181302e+01	2.4100181302e+01	7.9215767980e-01	6.9692063332e-01	6.9692063332e-01	3.9070755243e-02	7.9476772380e-01	7.9816283547e-01	1	1.0028693080e+00	1	0
14	464_564	4.6400000000e+02	5.6400000000e+02	0	0	1	4.5864248841e+02	5.6902607145e+02	-5.3575115877e+00	5.0260714479e+00	5.3575115877e+00	3.1827041507e-01	2.9113546014e-01	3.1827041507e-01	1.3576852362e+01	1.8827588933e+01	1.8827588933e+01	6.3394722342e-01	6.3068404794e-01	6.3068404794e-01	2.7134954929e-02	5.2013639441e-01	6.3632458297e-01	1	1.5913520753e+00	1	0
14	464_564	4.6400000000e+02	5.6400000000e+02	1	0	1	4.5864248841e+02	5.6902607145e+02	-5.3575115877e+00	5.0260714479e+00	5.3575115877e+00	5.4657393694e-01	5.4246741533e-01	5.4657393694e-01	1.1684911763e+01	1.5466562178e+01	1.5466562178e+01	4.1232544184e-01	3.9900988340e-01	3.9900988340e-01	4.1065216064e-03	4.4765514947e-01	5.2273043365e-01	0	2.7328696847e+00	1	0
14	464_564	4.6400000000e+02	5.6400000000e+02	2	0	1	4.5864248841e+02	5.6902607145e+02	-5.3575115877e+00	5.0260714479e+00	5.3575115877e+00	2.8842777014e-01	2.6360598207e-01	2.8842777014e-01	1.3883440290e+01	1.9323959818e+01	1.9323959818e+01	6.6043668985e-01	6.5899088979e-01	6.5899088979e-01	2.4821788073e-02	5.3188194007e-01	6.5310065544e-01	1	1.4421388507e+00	1	0
14	464_564	4.6400000000e+02	5.6400000000e+02	3	0	1	4.5864248841e+02	5.6902607145e+02	-5.3575115877e+00	5.0260714479e+00	5.3575115877e+00	5.6102228165e-01	5.5218702555e-01	5.6102228165e-01	1.1696682456e+01	1.5247886577e+01	1.5247886577e+01	4.0035003424e-01	3.9262348413e-01	3.9262348413e-01	8.8352560997e-03	4.4810609096e-01	5.1533975496e-01	0	2.8051114082e+00	1	0
14	464_564	4.6400000000e+02	5.6400000000e+02	4	0	1	4.5864248841e+02	5.6902607145e+02	-5.3575115877e+00	5.0260714479e+00	5.3575115877e+00	4.6455401182e-01	4.6553513408e-01	4.6553513408e-01	1.2156422291e+01	1.6651477679e+01	1.6651477679e+01	4.8992288113e-01	4.6942684054e-01	4.6942684054e-01	9.8112225533e-04	4.6571896717e-01	5.6277756154e-01	0	2.3276756704e+00	1	0
14	464_564	4.6400000000e+02	5.6400000000e+02	5	0	1	4.5864248841e+02	5.6902607145e+02	-5.3575115877e+00	5.0260714479e+00	5.3575115877e+00	3.2302811742e-01	4.2307919264e-01	4.2307919264e-01	1.3492967961e+01	2.7996457582e+01	2.7996457582e+01	6.2796404958e-01	4.9664676189e-01	4.9664676189e-01	1.0005107522e-01	5.1692273865e-01	9.4620900523e-01	0	2.1153959632e+00	1	0
14	464_564	4.6400000000e+02	5.6400000000e+02	6	0	1	4.5864248841e+02	5.6902607145e+02	-5.3575115877e+00	5.0260714479e+00	5.3575115877e+00	2.1290385723e-01	2.9155033827e-01	2.9155033827e-01	1.6289154435e+01	2.8144852827e+01	2.8144852827e+01	7.2859650850e-01	6.2566775084e-01	6.2566775084e-01	7.8646481037e-02	6.2404612128e-01	9.5122438681e-01	1	1.4577516913e+00	1	0
14	464_564	4.6400000000e+02	5.6400000000e+02	7	0	1	4.5864248841e+02	5.6902607145e+02	-5.3575115877e+00	5.0260714479e+00	5.3575115877e+00	2.3481720686e-01	2.0745137334e-01	2.3481720686e-01	1.5152178811e+01	2.1333207053e+01	2.1333207053e+01	7.0955342054e-01	7.1143415570e-01	7.0955342054e-01	2.7365833521e-02	5.8048798380e-01	7.2100809771e-01	1	1.1986057606e+00	1	0
14	464_564	4.6400000000e+02	5.6400000000e+02	8	0	1	4.5864248841e+02	5.6902607145e+02	-5.3575115877e+00	5.0260714479e+00	5.3575115877e+00	4.8786371946e-01	5.4582393169e-01	5.4582393169e-01	1.2158008708e+01	1.8596240993e+01	1.8596240993e+01	4.6769791842e-01	3.8820779324e-01	3.8820779324e-01	5.7960212231e-02	4.6577974364e-01	6.2850561144e-01	0	2.7291196585e+00	1	0
14	464_564	4.6400000000e+02	5.6400000000e+02	9	0	1	4.5864248841e+02	5.6902607145e+02	-5.3575115877e+00	5.0260714479e+00	5.3575115877e+00	4.7142037749e-01	4.7609099746e-01	4.7609099746e-01	1.2116948707e+01	1.6754530576e+01	1.6754530576e+01	4.8320391774e-01	4.6042039990e-01	4.6042039990e-01	4.6706199646e-03	4.6420671330e-01	5.6626048716e-01	0	2.3804549873e+00	1	0
14	464_564	4.6400000000e+02	5.6400000000e+02	10	1	1	4.6074103562e+02	5.5391653156e+02	-3.2589643817e+00	-1.0083468435e+01	1.0083468435e+01	3.3218018711e-02	4.0298625827e-02	4.0298625827e-02	3.1447710042e+01	3.6964278109e+01	3.6964278109e+01	8.8910640031e-01	7.7719803154e-01	7.7719803154e-01	7.0806071162e-03	1.2047784035e+00	1.2492985127e+00	1	7.1228146489e-01	0	0
14	464_564	4.6400000000e+02	5.6400000000e+02	11	1	1	4.5864248841e+02	5.6902607145e+02	-5.3575115877e+00	5.0260714479e+00	5.3575115877e+00	4.4480842352e-01	5.0619775057e-01	5.0619775057e-01	1.2387037445e+01	1.8467205363e+01	1.8467205363e+01	5.0923335552e-01	4.2674249411e-01	4.2674249411e-01	6.1389327049e-02	4.7455395568e-01	6.2414453561e-01	0	2.5309887528e+00	1	0
14	464_564	4.6400000000e+02	5.6400000000e+02	12	1	1	4.5906219785e+02	5.7070490921e+02	-4.9378021465e+00	6.7049092127e+00	6.7049092127e+00	6.8854257464e-02	1.0534554720e-01	1.0534554720e-01	2.4755585256e+01	3.4949946054e+01	3.4949946054e+01	8.4312327206e-01	7.9385387897e-01	7.9385387897e-01	3.6491289735e-02	9.4839956371e-01	1.1812192164e+00	1	6.2983883211e-01	1	0
14	464_564	4.6400000000e+02	5.6400000000e+02	13	1	1	4.5864248841e+02	5.6902607145e+02	-5.3575115877e+00	5.0260714479e+00	5.3575115877e+00	4.4925341010e-01	5.3544163704e-01	5.3544163704e-01	1.2383099561e+01	2.1087571406e+01	2.1087571406e+01	5.0481072068e-01	3.9490282536e-01	3.9490282536e-01	8.6188226938e-02	4.7440309326e-01	7.1270623807e-01	0	2.6772081852e+00	1	0
14	464_564	4.6400000000e+02	5.6400000000e+02	14	1	1	4.5864248841e+02	5.6902607145e+02	-5.3575115877e+00	5.0260714479e+00	5.3575115877e+00	1.7928817868e-01	1.8616740406e-01	1.8616740406e-01	1.7013103421e+01	2.4439713935e+01	2.4439713935e+01	7.6159188151e-01	7.3134614527e-01	7.3134614527e-01	6.8792253733e-03	6.5178098981e-01	8.2600012314e-01	1	9.9491145768e-01	1	0
14	464_564	4.6400000000e+02	5.6400000000e+02	15	1	1	4.5906219785e+02	5.6986549033e+02	-4.9378021465e+00	5.8654903303e+00	5.8654903303e+00	8.0809503794e-02	7.5758054852e-02	8.0809503794e-02	2.3040469930e+01	3.1384727090e+01	3.1384727090e+01	8.3708432317e-01	8.3213661611e-01	8.3213661611e-01	5.0514489412e-03	8.8269258848e-01	1.0607238902e+00	1	6.0086287554e-01	1	1
14	464_564	4.6400000000e+02	5.6400000000e+02	16	1	1	4.5990161674e+02	5.5727420709e+02	-4.0983832641e+00	-6.7257929057e+00	6.7257929057e+00	3.4188471735e-02	1.4718256891e-01	1.4718256891e-01	3.0244722206e+01	4.7684326258e+01	4.7684326258e+01	8.8000056893e-01	6.9583870471e-01	6.9583870471e-01	1.1299409717e-01	1.1586913033e+00	1.6116088538e+00	0	1.7474538679e+00	1	0
14	464_564	4.6400000000e+02	5.6400000000e+02	17	1	1	4.5990161674e+02	5.7070490921e+02	-4.0983832641e+00	6.7049092127e+00	6.7049092127e+00	4.7239478678e-02	2.3324901238e-02	4.7239478678e-02	2.6529802655e+01	3.7653882518e+01	3.7653882518e+01	8.3082229272e-01	8.8470686041e-01	8.3082229272e-01	2.3914577439e-02	1.0163707706e+00	1.2726053865e+00	1	7.7887253274e-01	1	0
14	464_564	4.6400000000e+02	5.6400000000e+02	18	1	1	4.5864248841e+02	5.6902607145e+02	-5.3575115877e+00	5.0260714479e+00	5.3575115877e+00	2.6281344891e-01	3.0738601089e-01	3.0738601089e-01	1.4658809883e+01	2.3569559274e+01	2.3569559274e+01	6.8835276365e-01	6.1800840497e-01	6.1800840497e-01	4.4572561979e-02	5.6158675925e-01	7.9659111046e-01	1	1.5369300544e+00	1	0
14	464_564	4.6400000000e+02	5.6400000000e+02	19	1	1	4.5864248841e+02	5.6902607145e+02	-5.3575115877e+00	5.0260714479e+00	5.3575115877e+00	1.9737802446e-01	1.9059187174e-01	1.9737802446e-01	1.6395293203e+01	2.3063879287e+01	2.3063879287e+01	7.4402488768e-01	7.2816002369e-01	7.2816002369e-01	6.7861527205e-03	6.2811235362e-01	7.7950041405e-01	1	1.0625361325e+00	1	0
15	454_574	4.5400000000e+02	5.7400000000e+02	0	0	1	4.5864248841e+02	5.6902607145e+02	4.6424884123e+00	-4.9739285521e+00	4.9739285521e+00	4.0965473652e-01	4.9554079771e-01	4.9554079771e-01	1.2580234854e+01	1.9110736387e+01	1.9110736387e+01	5.4283696413e-01	4.2859154940e-01	4.2859154940e-01	8.5886061192e-02	4.3176589639e-01	7.0405094899e-01	0	2.4777039886e+00	1	0
15	454_574	4.5400000000e+02	5.7400000000e+02	1	0	1	4.5864248841e+02	5.6902607145e+02	4.6424884123e+00	-4.9739285521e+00	4.9739285521e+00	5.5554813147e-01	5.4836964607e-01	5.5554813147e-01	1.1683583062e+01	1.5528539502e+01	1.5528539502e+01	4.0200120211e-01	3.9135539532e-01	3.9135539532e-01	7.1784853935e-03	4.0099193476e-01	5.7208067501e-01	0	2.7777406573e+00	1	0
15	454_574	4.5400000000e+02	5.7400000000e+02	2	0	1	4.5864248841e+02	5.6902607145e+02	4.6424884123e+00	-4.9739285521e+00	4.9739285521e+00	3.4515851736e-01	4.2800587416e-01	4.2800587416e-01	1.3162755484e+01	1.9971050558e+01	1.9971050558e+01	6.0590267181e-01	4.9314767122e-01	4.9314767122e-01	8.2847356796e-02	4.5175857099e-01	7.3574543714e-01	0	2.1400293708e+00	1	0
15	454_574	4.5400000000e+02	5.7400000000e+02	3	0	1	4.5864248841e+02	5.6902607145e+02	4.6424884123e+00	-4.9739285521e+00	4.9739285521e+00	5.5491876602e-01	5.4783624411e-01	5.5491876602e-01	1.1692691515e+01	1.5555899472e+01	1.5555899472e+01	4.0245622396e-01	3.9150387049e-01	3.9150387049e-01	7.0825219154e-03	4.0130454574e-01	5.7308863267e-01	0	2.7745938301e+00	1	0
15	454_574	4.5400000000e+02	5.7400000000e+02	4	0	1	4.5864248841e+02	5.6902607145e+02	4.6424884123e+00	-4.9739285521e+00	4.9739285521e+00	4.8150247335e-01	5.0451070070e-01	5.0451070070e-01	1.2250340355e+01	1.7453445955e+01	1.7453445955e+01	4.7233545780e-01	4.2724877596e-01	4.2724877596e-01	2.3008227348e-02	4.2044359632e-01	6.4299537908e-01	0	2.5225535035e+00	1	0
15	454_574	4.5400000000e+02	5.7400000000e+02	5	0	1	4.5864248841e+02	5.8623415854e+02	4.6424884123e+00	1.2234158537e+01	1.2234158537e+01	4.0401095152e-01	5.4227441549e-01	5.4227441549e-01	1.2791174039e+01	2.9254136897e+01	2.9254136897e+01	5.4776710272e-01	3.7240660191e-01	3.7240660191e-01	1.3826346397e-01	4.3900553440e-01	1.0777398854e+00	0	2.7113720775e+00	0	0
15	454_574	4.5400000000e+02	5.7400000000e+02	6	0	1	4.5864248841e+02	5.6902607145e+02	4.6424884123e+00	-4.9739285521e+00	4.9739285521e+00	2.8274986148e-01	4.1642904282e-01	4.1642904282e-01	1.4200857542e+01	3.0911701238e+01	3.0911701238e+01	6.6793742776e-01	5.0176328421e-01	5.0176328421e-01	1.3367918134e-01	4.8738724336e-01	1.1388055463e+00	0	2.0821452141e+00	1	0
15	454_574	4.5400000000e+02	5.7400000000e+02	7	0	1	4.5864248841e+02	5.6902607145e+02	4.6424884123e+00	-4.9739285521e+00	4.9739285521e+00	3.1696048379e-01	4.3126687407e-01	4.3126687407e-01	1.3610702167e+01	2.9361899898e+01	2.9361899898e+01	6.3405469060e-01	4.8748943210e-01	4.8748943210e-01	1.1430639029e-01	4.6713253686e-01	1.0817099388e+00	0	2.1563343704e+00	1	0
15	454_574	4.5400000000e+02	5.7400000000e+02	8	0	1	4.5864248841e+02	5.6902607145e+02	4.6424884123e+00	-4.9739285521e+00	4.9739285521e+00	5.2270984650e-01	6.2078809738e-01	6.2078809738e-01	1.2195541262e+01	2.7376576796e+01	2.7376576796e+01	4.3367254734e-01	3.1100976467e-01	3.1100976467e-01	9.8078250885e-02	4.1856283813e-01	1.0085694493e+00	0	3.1039404869e+00	1	0
15	454_574	4.5400000000e+02	5.7400000000e+02	9	0	1	4.5864248841e+02	5.6902607145e+02	4.6424884123e+00	-4.9739285521e+00	4.9739285521e+00	4.8613846302e-01	5.0585383177e-01	5.0585383177e-01	1.2202293168e+01	1.7309519678e+01	1.7309519678e+01	4.6788120270e-01	4.2674314976e-01	4.2674314976e-01	1.9715368748e-02	4.1879457013e-01	6.3769304901e-01	0	2.5292691588e+00	1	0
15	454_574	4.5400000000e+02	5.7400000000e+02	10	1	1	4.5948190729e+02	5.7070490921e+02	5.4819072947e+00	-3.2950907873e+00	5.4819072947e+00	5.0929743797e-02	2.5619251654e-02	5.0929743797e-02	2.6188819005e+01	3.6834505050e+01	3.6834505050e+01	8.3005027100e-01	8.8193150051e-01	8.3005027100e-01	2.5310492143e-02	8.9882574089e-01	1.3570051781e+00	1	1.0200147947e+00	1	0
15	454_574	4.5400000000e+02	5.7400000000e+02	11	1	1	4.5864248841e+02	5.6902607145e+02	4.6424884123e+00	-4.9739285521e+00	4.9739285521e+00	3.8479605317e-01	5.1250749826e-01	5.1250749826e-01	1.2848372696e+01	2.9454483989e+01	2.9454483989e+01	5.6659820676e-01	4.0565067530e-01	4.0565067530e-01	1.2771144509e-01	4.4096864794e-01	1.0851207920e+00	0	2.5625374913e+00	1	0
15	454_574	4.5400000000e+02	5.7400000000e+02	12	1	1	4.5906219785e+02	5.7070490921e+02	5.0621978535e+00	-3.2950907873e+00	5.0621978535e+00	7.1127966046e-02	1.0205529630e-01	1.0205529630e-01	2.4416999283e+01	3.4427594687e+01	3.4427594687e+01	8.4118734300e-01	7.9680468142e-01	7.9680468142e-01	3.0927330256e-02	8.3801516465e-01	1.2683331620e+00	1	7.6666617721e-01	1	1
15	454_574	4.5400000000e+02	5.7400000000e+02	13	1	1	4.5864248841e+02	5.6902607145e+02	4.6424884123e+00	-4.9739285521e+00	4.9739285521e+00	3.9025500417e-01	5.3080964088e-01	5.3080964088e-01	1.2802932520e+01	2.9967277344e+01	2.9967277344e+01	5.6133875251e-01	3.8713181019e-01	3.8713181019e-01	1.4055463672e-01	4.3940909689e-01	1.1040124056e+00	0	2.6540482044e+00	1	0
15	454_574	4.5400000000e+02	5.7400000000e+02	14	1	1	4.5864248841e+02	5.6902607145e+02	4.6424884123e+00	-4.9739285521e+00	4.9739285521e+00	1.7786414921e-01	1.8457806110e-01	1.8457806110e-01	1.7366301810e+01	2.5828247910e+01	2.5828247910e+01	7.6121900976e-01	7.3048061132e-01	7.3048061132e-01	6.7139118910e-03	5.9602836950e-01	9.5152808783e-01	1	1.1542046586e+00	1	0
15	454_574	4.5400000000e+02	5.7400000000e+02	15	1	1	4.5906219785e+02	5.7070490921e+02	5.0621978535e+00	-3.2950907873e+00	5.0621978535e+00	8.2740537822e-02	1.2266678363e-01	1.2266678363e-01	2.3021100759e+01	3.4744530093e+01	3.4744530093e+01	8.3852691203e-01	7.7784060687e-01	7.7784060687e-01	3.9926245809e-02	7.9010656957e-01	1.2800092518e+00	1	8.0002643361e-01	1	0
15	454_574	4.5400000000e+02	5.7400000000e+02	16	1	1	4.5990161674e+02	5.7322316586e+02	5.9016167359e+00	-7.7683414013e-01	5.9016167359e+00	4.5523826033e-02	7.0291727781e-02	7.0291727781e-02	2.9356773812e+01	4.1356414072e+01	4.1356414072e+01	8.4859114513e-01	8.1034949422e-01	8.1034949422e-01	2.4767901748e-02	1.0075530312e+00	1.5235950088e+00	0	1.4959857394e+00	1	0
15	454_574	4.5400000000e+02	5.7400000000e+02	17	1	1	4.5948190729e+02	5.7154432810e+02	5.4819072947e+00	-2.4556719049e+00	5.4819072947e+00	5.2748650312e-02	7.5762897730e-02	7.5762897730e-02	2.7012084648e+01	3.8037183617e+01	3.8037183617e+01	8.4317258000e-01	8.1772163510e-01	8.1772163510e-01	2.3014247417e-02	9.2708101848e-01	1.4013125753e+00	1	1.1466073579e+00	1	0
15	454_574	4.5400000000e+02	5.7400000000e+02	18	1	1	4.5864248841e+02	5.6902607145e+02	4.6424884123e+00	-4.9739285521e+00	4.9739285521e+00	2.0200389624e-01	2.2142882645e-01	2.2142882645e-01	1.6376714460e+01	2.4503114751e+01	2.4503114751e+01	7.4011278152e-01	6.9564376771e-01	6.9564376771e-01	1.9424930215e-02	5.6206476912e-01	9.0270939034e-01	1	1.2512435168e+00	1	0
15	454_574	4.5400000000e+02	5.7400000000e+02	19	1	1	4.5864248841e+02	5.6902607145e+02	4.6424884123e+00	-4.9739285521e+00	4.9739285521e+00	1.8363605440e-01	1.9552487135e-01	1.9552487135e-01	1.7078831932e+01	2.5391318630e+01	2.5391318630e+01	7.5675518811e-01	7.2027665377e-01	7.2027665377e-01	1.1888816953e-02	5.8616212368e-01	9.3543135206e-01	1	1.1823939323e+00	1	0
16	516_556	5.1600000000e+02	5.5600000000e+02	0	0	1	5.2075948571e+02	5.5139827492e+02	4.7594857099e+00	-4.6017250825e+00	4.7594857099e+00	1.7727802694e-01	1.4167109132e-01	1.7727802694e-01	1.1423324157e+01	5.4570303386e+01	5.4570303386e+01	3.5686321557e-01	8.3383646607e-01	3.5686321557e-01	3.5606935620e-02	6.8074375395e-01	7.6217350872e-01	1	1.4010970540e+00	1	0
16	516_556	5.1600000000e+02	5.5600000000e+02	1	0	1	5.2033977627e+02	5.5013914659e+02	4.3397762687e+00	-5.8608534061e+00	5.8608534061e+00	4.4336548448e-01	4.2843437195e-01	4.4336548448e-01	1.0066294540e+01	2.0063201169e+01	2.0063201169e+01	3.2250073552e-01	5.5294466019e-01	3.2250073552e-01	1.4931112528e-02	5.9987504859e-01	2.8021908405e-01	0	2.2168274224e+00	1	0
16	516_556	5.1600000000e+02	5.5600000000e+02	2	0	1	5.2159890459e+02	5.5139827492e+02	5.5989045923e+00	-4.6017250825e+00	5.5989045923e+00	1.1664869636e-01	7.0173464715e-02	1.1664869636e-01	1.1413123072e+01	6.0946095941e+01	6.0946095941e+01	2.6288873702e-01	9.0540567786e-01	2.6288873702e-01	4.6475231647e-02	6.8013584642e-01	8.5122304448e-01	0	1.9019453084e+00	1	0
16	516_556	5.1600000000e+02	5.5600000000e+02	3	0	1	5.2033977627e+02	5.5013914659e+02	4.3397762687e+00	-5.8608534061e+00	5.8608534061e+00	4.4624850154e-01	4.3010625243e-01	4.4624850154e-01	1.0080307850e+01	1.9934110027e+01	1.9934110027e+01	3.2208403945e-01	5.5124786496e-01	3.2208403945e-01	1.6142249107e-02	6.0071013591e-01	2.7841609153e-01	0	2.2312425077e+00	1	0
16	516_556	5.1600000000e+02	5.5600000000e+02	4	0	1	5.2033977627e+02	5.5139827492e+02	4.3397762687e+00	-4.6017250825e+00	4.6017250825e+00	2.4339178205e-01	2.2858478129e-01	2.4339178205e-01	1.1155824647e+01	2.5455703074e+01	2.5455703074e+01	3.8981923461e-01	7.4992124736e-01	3.8981923461e-01	1.4807000756e-02	6.6480280561e-01	3.5553517802e-01	0	1.8413280628e+00	1	0
16	516_556	5.1600000000e+02	5.5600000000e+02	5	0	1	5.2075948571e+02	5.5139827492e+02	4.7594857099e+00	-4.6017250825e+00	4.7594857099e+00	1.8902109563e-01	1.1268670112e-01	1.8902109563e-01	1.1456379436e+01	5.8089449165e+01	5.8089449165e+01	3.1391842663e-01	8.6182855815e-01	3.1391842663e-01	7.6334394515e-02	6.8271359867e-01	8.1132477817e-01	1	1.5927704702e+00	1	0
16	516_556	5.1600000000e+02	5.5600000000e+02	6	0	1	5.2243832347e+02	5.5307711268e+02	6.4383234747e+00	-2.9228873177e+00	6.4383234747e+00	3.3275865018e-02	2.1030738950e-02	3.3275865018e-02	1.3086182728e+01	6.8030868408e+01	6.8030868408e+01	1.6191025823e-01	9.4383554161e-01	1.6191025823e-01	1.2245126069e-02	7.7983755282e-01	9.5017477380e-01	0	3.0881304585e+00	1	0
16	516_556	5.1600000000e+02	5.5600000000e+02	7	0	1	5.2243832347e+02	5.5223769380e+02	6.4383234747e+00	-3.7623062001e+00	6.4383234747e+00	4.6990267932e-02	3.2487250865e-02	4.6990267932e-02	1.2624444077e+01	6.5392953787e+01	6.5392953787e+01	1.9605394453e-01	9.3698289245e-01	1.9605394453e-01	1.4503017068e-02	7.5232142016e-01	9.1333149975e-01	0	2.5503184912e+00	1	0
16	516_556	5.1600000000e+02	5.5600000000e+02	8	0	1	5.2033977627e+02	5.5097856548e+02	4.3397762687e+00	-5.0214345237e+00	5.0214345237e+00	2.9080182314e-01	2.8916984797e-01	2.9080182314e-01	1.0797653622e+01	2.4257537459e+01	2.4257537459e+01	3.7531423569e-01	6.9034028053e-01	3.7531423569e-01	1.6319751740e-03	6.4345852045e-01	3.3880061665e-01	0	1.8891410953e+00	1	0
16	516_556	5.1600000000e+02	5.5600000000e+02	9	0	1	5.2033977627e+02	5.5097856548e+02	4.3397762687e+00	-5.0214345237e+00	5.0214345237e+00	2.5513985753e-01	2.4398297071e-01	2.5513985753e-01	1.1057372544e+01	2.5066814679e+01	2.5066814679e+01	3.8657924533e-01	7.3480749130e-01	3.8657924533e-01	1.1156886816e-02	6.5893580462e-01	3.5010364449e-01	0	1.8568467300e+00	1	0
16	516_556	5.1600000000e+02	5.5600000000e+02	10	1	1	5.2159890459e+02	5.5181798436e+02	5.5989045923e+00	-4.1820156413e+00	5.5989045923e+00	7.2368927300e-02	5.6117262691e-02	7.2368927300e-02	1.2190183735e+01	6.1703409834e+01	6.1703409834e+01	2.4509417266e-01	9.1741058603e-01	2.4509417266e-01	1.6251664609e-02	7.2644278699e-01	8.6180030998e-01	0	2.0400321827e+00	1	0
16	516_556	5.1600000000e+02	5.5600000000e+02	11	1	1	5.2033977627e+02	5.5097856548e+02	4.3397762687e+00	-5.0214345237e+00	5.0214345237e+00	2.7358546853e-01	2.5546768308e-01	2.7358546853e-01	1.0928174478e+01	2.4442793946e+01	2.4442793946e+01	3.7938472629e-01	7.2338613868e-01	3.7938472629e-01	1.8117785454e-02	6.5123657665e-01	3.4138806033e-01	0	1.8817483991e+00	1	0
16	516_556	5.1600000000e+02	5.5600000000e+02	12	1	1	5.0648936471e+02	5.5223769380e+02	-9.5106352909e+00	-3.7623062001e+00	9.5106352909e+00	1.5912218392e-01	3.8813043386e-02	1.5912218392e-01	1.1662980985e+01	7.4752523848e+01	7.4752523848e+01	1.8456725776e-01	9.2950243875e-01	1.8456725776e-01	1.2030914053e-01	6.9502548900e-01	1.0440549136e+00	0	2.7090395451e+00	0	0
16	516_556	5.1600000000e+02	5.5600000000e+02	13	1	1	5.2033977627e+02	5.5097856548e+02	4.3397762687e+00	-5.0214345237e+00	5.0214345237e+00	2.6893663406e-01	2.5271561742e-01	2.6893663406e-01	1.0933425591e+01	2.4626306374e+01	2.4626306374e+01	3.8050663471e-01	7.2602537274e-01	3.8050663471e-01	1.6221016645e-02	6.5154950332e-01	3.4395114506e-01	0	1.8744252998e+00	1	0
16	516_556	5.1600000000e+02	5.5600000000e+02	14	1	1	5.0606965527e+02	5.5139827492e+02	-9.9303447321e+00	-4.6017250825e+00	9.9303447321e+00	2.6814123988e-01	1.0974843800e-01	2.6814123988e-01	2.0596491518e+01	3.2893896920e+01	3.2893896920e+01	2.8876194358e-01	8.6266104877e-01	2.8876194358e-01	1.5839280188e-01	1.2273951751e+00	4.5942307951e-01	0	1.7315301102e+00	0	0
16	516_556	5.1600000000e+02	5.5600000000e+02	15	1	1	5.2159890459e+02	5.5181798436e+02	5.5989045923e+00	-4.1820156413e+00	5.5989045923e+00	6.7104242742e-02	4.9467090517e-02	6.7104242742e-02	1.2226264418e+01	6.3170732048e+01	6.3170732048e+01	2.3021868616e-01	9.2400878295e-01	2.3021868616e-01	1.7637152225e-02	7.2859292293e-01	8.8229413264e-01	0	2.1718480299e+00	1	0
16	516_556	5.1600000000e+02	5.5600000000e+02	16	1	1	5.2243832347e+02	5.5265740324e+02	6.4383234747e+00	-3.3425967589e+00	6.4383234747e+00	3.6290522665e-02	2.3184156045e-02	3.6290522665e-02	1.2982348277e+01	6.7753865025e+01	6.7753865025e+01	1.6874868050e-01	9.4296070375e-01	1.6874868050e-01	1.3106366619e-02	7.7364980458e-01	9.4630591790e-01	0	2.9629861313e+00	1	0
16	516_556	5.1600000000e+02	5.5600000000e+02	17	1	1	5.2159890459e+02	5.5223769380e+02	5.5989045923e+00	-3.7623062001e+00	5.5989045923e+00	1.5525354445e-01	2.9813002795e-02	1.5525354445e-01	2.3147723945e+01	7.5389117665e+01	7.5389117665e+01	1.2593869865e-01	9.3736361340e-01	1.2593869865e-01	1.2544054165e-01	1.3794293393e+00	1.0529461037e+00	0	3.9701855376e+00	1	0
16	516_556	5.1600000000e+02	5.5600000000e+02	18	1	1	5.2075948571e+02	5.5139827492e+02	4.7594857099e+00	-4.6017250825e+00	4.7594857099e+00	1.7305426300e-01	1.5379770100e-01	1.7305426300e-01	1.1445072396e+01	5.4017320524e+01	5.4017320524e+01	3.7293721735e-01	8.2142679393e-01	3.7293721735e-01	1.9256561995e-02	6.8203978456e-01	7.5445009759e-01	1	1.3407082392e+00	1	1
16	516_556	5.1600000000e+02	5.5600000000e+02	19	1	1	5.2075948571e+02	5.5139827492e+02	4.7594857099e+00	-4.6017250825e+00	4.7594857099e+00	1.7819872499e-01	1.1730316281e-01	1.7819872499e-01	1.1376781079e+01	5.6588142620e+01	5.6588142620e+01	3.2407125831e-01	8.5721334815e-01	3.2407125831e-01	6.0895562172e-02	6.7797013842e-01	7.9035630254e-01	1	1.5428705483e+00	1	0
17	506_566	5.0600000000e+02	5.6600000000e+02	0	0	1	5.0439081750e+02	5.6902607145e+02	-1.6091824969e+00	3.0260714479e+00	3.0260714479e+00	2.9805323482e-01	2.4921539426e-01	2.9805323482e-01	1.5094983920e+01	2.3238843648e+01	2.3238843648e+01	5.7780441642e-01	7.3168179393e-01	5.7780441642e-01	4.8837840557e-02	4.7457264059e-01	1.0738074943e+00	0	1.5012210269e+00	1	0
17	506_566	5.0600000000e+02	5.6600000000e+02	1	0	1	5.0439081750e+02	5.6860636201e+02	-1.6091824969e+00	2.6063620067e+00	2.6063620067e+00	5.0329244137e-01	4.9536827207e-01	5.0329244137e-01	1.3210535185e+01	1.7834739115e+01	1.7834739115e+01	4.2345160246e-01	4.8671087623e-01	4.2345160246e-01	7.9241693020e-03	4.1532727691e-01	8.2409765348e-01	0	2.5164622068e+00	1	0
17	506_566	5.0600000000e+02	5.6600000000e+02	2	0	1	5.0439081750e+02	5.6902607145e+02	-1.6091824969e+00	3.0260714479e+00	3.0260714479e+00	2.3888717592e-01	2.0412334800e-01	2.3888717592e-01	1.5886854034e+01	2.5093399238e+01	2.5093399238e+01	6.1507232487e-01	7.7562734485e-01	6.1507232487e-01	3.4763827920e-02	4.9946832073e-01	1.1595017621e+00	0	1.4300905122e+00	1	0
17	506_566	5.0600000000e+02	5.6600000000e+02	3	0	1	5.0439081750e+02	5.6860636201e+02	-1.6091824969e+00	2.6063620067e+00	2.6063620067e+00	5.0219535828e-01	4.9460461736e-01	5.0219535828e-01	1.3205052539e+01	1.7849384156e+01	1.7849384156e+01	4.2435449362e-01	4.8747053742e-01	4.2435449362e-01	7.5907409191e-03	4.1515490748e-01	8.2477436335e-01	0	2.5109767914e+00	1	0
17	506_566	5.0600000000e+02	5.6600000000e+02	4	0	1	5.0439081750e+02	5.6902607145e+02	-1.6091824969e+00	3.0260714479e+00	3.0260714479e+00	3.7785628438e-01	3.4870737791e-01	3.7785628438e-01	1.4078953682e+01	2.0411560378e+01	2.0411560378e+01	5.2044203877e-01	6.3218957186e-01	5.2044203877e-01	2.9148906469e-02	4.4262956895e-01	9.4316596969e-01	0	1.8892814219e+00	1	0
17	506_566	5.0600000000e+02	5.6600000000e+02	5	0	1	5.0439081750e+02	5.6902607145e+02	-1.6091824969e+00	3.0260714479e+00	3.0260714479e+00	2.6684916019e-01	2.2418758273e-01	2.6684916019e-01	1.5507073787e+01	2.4312049094e+01	2.4312049094e+01	5.9886020422e-01	7.5621870160e-01	5.9886020422e-01	4.2661577463e-02	4.8752837328e-01	1.1233975715e+00	0	1.4642046478e+00	1	0
17	506_566	5.0600000000e+02	5.6600000000e+02	6	0	1	5.0564994583e+02	5.6902607145e+02	-3.5005417333e-01	3.0260714479e+00	3.0260714479e+00	7.6749898493e-02	1.4531742036e-01	1.4531742036e-01	2.6906740993e+01	3.3304282661e+01	3.3304282661e+01	8.9732452482e-01	5.0347258151e-01	5.0347258151e-01	6.8567521870e-02	8.4592359890e-01	1.5389056726e+00	0	1.5397304930e+00	1	0
17	506_566	5.0600000000e+02	5.6600000000e+02	7	0	1	5.0481052694e+02	5.6902607145e+02	-1.1894730557e+00	3.0260714479e+00	3.0260714479e+00	1.2972560525e-01	1.2834124267e-01	1.2972560525e-01	1.7207154510e+01	3.1361870212e+01	3.1361870212e+01	6.3103696704e-01	8.4946985543e-01	6.3103696704e-01	1.3843625784e-03	5.4097737342e-01	1.4491517641e+00	1	1.3114932188e+00	1	0
17	506_566	5.0600000000e+02	5.6600000000e+02	8	0	1	5.0439081750e+02	5.6902607145e+02	-1.6091824969e+00	3.0260714479e+00	3.0260714479e+00	4.1644719243e-01	4.0854910016e-01	4.1644719243e-01	1.3403965388e+01	1.9515002175e+01	1.9515002175e+01	4.9303093553e-01	5.7318058610e-01	4.9303093553e-01	7.8980922699e-03	4.2140854754e-01	9.0173830952e-01	0	2.0822359622e+00	1	0
17	506_566	5.0600000000e+02	5.6600000000e+02	9	0	1	5.0439081750e+02	5.6902607145e+02	-1.6091824969e+00	3.0260714479e+00	3.0260714479e+00	3.8470789790e-01	3.5845646262e-01	3.8470789790e-01	1.3951437169e+01	2.0229935660e+01	2.0229935660e+01	5.1556655765e-01	6.2257674336e-01	5.1556655765e-01	2.6251435280e-02	4.3862056513e-01	9.3477355630e-01	0	1.9235394895e+00	1	0
17	506_566	5.0600000000e+02	5.6600000000e+02	10	1	1	5.0481052694e+02	5.6902607145e+02	-1.1894730557e+00	3.0260714479e+00	3.0260714479e+00	8.3962149918e-02	1.0934250057e-01	1.0934250057e-01	2.7624485660e+01	2.9089747776e+01	2.9089747776e+01	8.9002674073e-01	6.0462774336e-01	6.0462774336e-01	2.5380350649e-02	8.6848884203e-01	1.3441628009e+00	1	9.8332228840e-01	1	0
17	506_566	5.0600000000e+02	5.6600000000e+02	11	1	1	5.0439081750e+02	5.6902607145e+02	-1.6091824969e+00	3.0260714479e+00	3.0260714479e+00	3.4771236777e-01	3.0197626352e-01	3.4771236777e-01	1.4568036626e+01	2.1399818606e+01	2.1399818606e+01	5.4112735391e-01	6.7888498306e-01	5.4112735391e-01	4.5736104250e-02	4.5800589433e-01	9.8883085336e-01	0	1.7385618389e+00	1	0
17	506_566	5.0600000000e+02	5.6600000000e+02	12	1	1	5.0564994583e+02	5.6986549033e+02	-3.5005417333e-01	3.8654903303e+00	3.8654903303e+00	5.2211832255e-02	3.3673997968e-02	5.2211832255e-02	2.1611013947e+01	4.1232437160e+01	4.1232437160e+01	6.1406635121e-01	9.3992996588e-01	6.1406635121e-01	1.8537834287e-02	6.7943073071e-01	1.9052454029e+00	0	2.5864154369e+00	1	0
17	506_566	5.0600000000e+02	5.6600000000e+02	13	1	1	5.0439081750e+02	5.6902607145e+02	-1.6091824969e+00	3.0260714479e+00	3.0260714479e+00	3.4177726507e-01	2.9380002618e-01	3.4177726507e-01	1.4601994069e+01	2.1568275540e+01	2.1568275540e+01	5.4530918598e-01	6.8715575337e-01	5.4530918598e-01	4.7977238894e-02	4.5907348561e-01	9.9661481720e-01	0	1.7088863254e+00	1	0
17	506_566	5.0600000000e+02	5.6600000000e+02	14	1	1	5.0481052694e+02	5.6902607145e+02	-1.1894730557e+00	3.0260714479e+00	3.0260714479e+00	1.4066565037e-01	1.1361093819e-01	1.4066565037e-01	1.7675836150e+01	2.9242858900e+01	2.9242858900e+01	6.5679520369e-01	8.6571358144e-01	6.5679520369e-01	2.7054712176e-02	5.5571230027e-01	1.3512376742e+00	1	1.2693934278e+00	1	0
17	506_566	5.0600000000e+02	5.6600000000e+02	15	1	1	5.0481052694e+02	5.6902607145e+02	-1.1894730557e+00	3.0260714479e+00	3.0260714479e+00	7.4962295592e-02	9.4298541546e-02	9.4298541546e-02	2.7996978790e+01	2.9018478268e+01	2.9018478268e+01	8.9943673462e-01	6.1122596264e-01	6.1122596264e-01	1.9336245954e-02	8.8019968909e-01	1.3408696194e+00	1	9.7391319822e-01	1	1
17	506_566	5.0600000000e+02	5.6600000000e+02	16	1	1	5.0606965527e+02	5.7196403754e+02	6.9655267867e-02	5.9640375363e+00	5.9640375363e+00	4.8120889813e-02	8.3596512675e-02	8.3596512675e-02	3.3612545419e+01	3.8170830312e+01	3.8170830312e+01	9.1480543837e-01	5.4014338553e-01	5.4014338553e-01	3.5475622863e-02	1.0567480245e+00	1.7637763855e+00	0	2.1822182443e+00	0	0
17	506_566	5.0600000000e+02	5.6600000000e+02	17	1	1	5.0564994583e+02	5.7070490921e+02	-3.5005417333e-01	4.7049092127e+00	4.7049092127e+00	4.7725521028e-02	4.1009500623e-02	4.7725521028e-02	2.2613669613e+01	4.4194932388e+01	4.4194932388e+01	5.9619519860e-01	9.3078534305e-01	5.9619519860e-01	6.7160204053e-03	7.1095331791e-01	2.0421347261e+00	0	2.9775277888e+00	1	0
17	506_566	5.0600000000e+02	5.6600000000e+02	18	1	1	5.0439081750e+02	5.6902607145e+02	-1.6091824969e+00	3.0260714479e+00	3.0260714479e+00	2.0817999542e-01	1.6263757646e-01	2.0817999542e-01	1.6599900044e+01	2.6488741575e+01	2.6488741575e+01	6.3128824532e-01	8.1804813445e-01	6.3128824532e-01	4.5542418957e-02	5.2188584230e-01	1.2239769606e+00	1	1.3660404506e+00	1	0
17	506_566	5.0600000000e+02	5.6600000000e+02	19	1	1	5.0481052694e+02	5.6902607145e+02	-1.1894730557e+00	3.0260714479e+00	3.0260714479e+00	1.5886551142e-01	1.2661498785e-01	1.5886551142e-01	1.7340328622e+01	2.8225325266e+01	2.8225325266e+01	6.5257483721e-01	8.5326308012e-01	6.5257483721e-01	3.2250523567e-02	5.4516424706e-01	1.3042200489e+00	1	1.2995307227e+00	1	0
18	496_576	4.9600000000e+02	5.7600000000e+02	0	0	1	4.8928127762e+02	5.6734723368e+02	-6.7187223801e+00	-8.6527663169e+00	8.6527663169e+00	4.0585044026e-01	3.7884831429e-01	4.0585044026e-01	1.5356074407e+01	1.9374719075e+01	1.9374719075e+01	5.2626690269e-01	5.9482967854e-01	5.2626690269e-01	2.7002125978e-02	5.0340464532e-01	7.9269695319e-01	0	2.0292522013e+00	0	0
18	496_576	4.9600000000e+02	5.7600000000e+02	1	0	1	4.1247444988e+02	5.6860636201e+02	-8.3525550120e+01	-7.3936379933e+00	8.3525550120e+01	6.4968276024e-01	5.5067056417e-01	6.4968276024e-01	4.5941435666e+01	1.6976750659e+01	4.5941435666e+01	2.9734468460e-01	4.3072199821e-01	2.9734468460e-01	9.9012196064e-02	1.5060575713e+00	6.9458651095e-01	0	3.2484138012e+00	0	0
18	496_576	4.9600000000e+02	5.7600000000e+02	2	0	1	4.8928127762e+02	5.6734723368e+02	-6.7187223801e+00	-8.6527663169e+00	8.6527663169e+00	3.8033866882e-01	3.6414790154e-01	3.8033866882e-01	1.5394393552e+01	1.9566687272e+01	1.9566687272e+01	5.5082958937e-01	6.0934424400e-01	5.5082958937e-01	1.6190767288e-02	5.0466082805e-01	8.0055113702e-01	0	1.9016933441e+00	0	0
18	496_576	4.9600000000e+02	5.7600000000e+02	3	0	1	4.1247444988e+02	5.6860636201e+02	-8.3525550120e+01	-7.3936379933e+00	8.3525550120e+01	6.4837610722e-01	5.4728424549e-01	6.4837610722e-01	4.5851999296e+01	1.6987027927e+01	4.5851999296e+01	2.9788559675e-01	4.3429261446e-01	2.9788559675e-01	1.0109186172e-01	1.5031256577e+00	6.9500699492e-01	0	3.2418805361e+00	0	0
18	496_576	4.9600000000e+02	5.7600000000e+02	4	0	1	4.8928127762e+02	5.6902607145e+02	-6.7187223801e+00	-6.9739285521e+00	6.9739285521e+00	5.5966943502e-01	4.8046553135e-01	5.5966943502e-01	1.5878200540e+01	1.7976401763e+01	1.7976401763e+01	3.8337969780e-01	4.9662518501e-01	3.8337969780e-01	7.9203903675e-02	5.2052104586e-01	7.3548622057e-01	0	2.7983471751e+00	1	0
18	496_576	4.9600000000e+02	5.7600000000e+02	5	0	1	4.8928127762e+02	5.6734723368e+02	-6.7187223801e+00	-8.6527663169e+00	8.6527663169e+00	3.8465133309e-01	3.5071077943e-01	3.8465133309e-01	1.5502690899e+01	1.9649946252e+01	1.9649946252e+01	5.4403856397e-01	6.2304636836e-01	5.4403856397e-01	3.3940553665e-02	5.0821104448e-01	8.0395759361e-01	0	1.9232566655e+00	0	0
18	496_576	4.9600000000e+02	5.7600000000e+02	6	0	1	4.8886156818e+02	5.6902607145e+02	-7.1384318213e+00	-6.9739285521e+00	7.1384318213e+00	2.7220112085e-01	2.2138881683e-01	2.7220112085e-01	1.6976267419e+01	2.2647735866e+01	2.2647735866e+01	6.3975000381e-01	7.5169295073e-01	6.3975000381e-01	5.0812304020e-02	5.5651800401e-01	9.2660911100e-01	1	1.3610056043e+00	0	0
18	496_576	4.9600000000e+02	5.7600000000e+02	7	0	1	4.8844185874e+02	5.6734723368e+02	-7.5581412625e+00	-8.6527663169e+00	8.6527663169e+00	3.2838866115e-01	3.0844756961e-01	3.2838866115e-01	1.5811811036e+01	2.0440159376e+01	2.0440159376e+01	5.9574744105e-01	6.6492608190e-01	5.9574744105e-01	1.9941091537e-02	5.1834465733e-01	8.3628836103e-01	1	1.6419433057e+00	0	0
18	496_576	4.9600000000e+02	5.7600000000e+02	8	0	1	4.8928127762e+02	5.6902607145e+02	-6.7187223801e+00	-6.9739285521e+00	6.9739285521e+00	5.6562256813e-01	5.1649665833e-01	5.6562256813e-01	1.5212106697e+01	1.7516903208e+01	1.7516903208e+01	3.8417798281e-01	4.6208745241e-01	3.8417798281e-01	4.9125909805e-02	4.9868507884e-01	7.1668630389e-01	0	2.8281128407e+00	1	0
18	496_576	4.9600000000e+02	5.7600000000e+02	9	0	1	4.1121532156e+02	5.6860636201e+02	-8.4784678443e+01	-7.3936379933e+00	8.4784678443e+01	6.4868211746e-01	4.6723604202e-01	6.4868211746e-01	4.4174320521e+01	1.8252660333e+01	4.4174320521e+01	2.8332424164e-01	5.1216953993e-01	2.8332424164e-01	1.8144607544e-01	1.4481277939e+00	7.4678905938e-01	0	3.2434105873e+00	0	0
18	496_576	4.9600000000e+02	5.7600000000e+02	10	1	1	4.9012069650e+02	5.7070490921e+02	-5.8793034977e+00	-5.2950907873e+00	5.8793034977e+00	4.5474790037e-02	5.8147676289e-02	5.8147676289e-02	2.9210471867e+01	3.3316262384e+01	3.3316262384e+01	9.1446933895e-01	7.1413635463e-01	7.1413635463e-01	1.2672886252e-02	9.5758113954e-01	1.3631010381e+00	1	1.0374315374e+00	1	0
18	496_576	4.9600000000e+02	5.7600000000e+02	11	1	1	4.8928127762e+02	5.6776694312e+02	-6.7187223801e+00	-8.2330568757e+00	8.2330568757e+00	4.0353313088e-01	4.0373641253e-01	4.0373641253e-01	1.6326543276e+01	1.8154414306e+01	1.8154414306e+01	5.6981566548e-01	5.3153014183e-01	5.3153014183e-01	2.0328164101e-04	5.3521867040e-01	7.4276942296e-01	0	2.0186820626e+00	0	0
18	496_576	4.9600000000e+02	5.7600000000e+02	12	1	1	4.9054040594e+02	5.7196403754e+02	-5.4595940565e+00	-4.0359624637e+00	5.4595940565e+00	4.7345504165e-02	1.2647925317e-01	1.2647925317e-01	3.0692699957e+01	3.9822202976e+01	3.9822202976e+01	8.9972980320e-01	6.5334762633e-01	6.5334762633e-01	7.9133749008e-02	1.0061717159e+00	1.6292849897e+00	0	1.7979571135e+00	1	0
18	496_576	4.9600000000e+02	5.7600000000e+02	13	1	1	4.8928127762e+02	5.6860636201e+02	-6.7187223801e+00	-7.3936379933e+00	7.3936379933e+00	4.3985584378e-01	4.1631683707e-01	4.3985584378e-01	1.5294319303e+01	1.9002370708e+01	1.9002370708e+01	4.9623146653e-01	5.5728140473e-01	4.9623146653e-01	2.3539006710e-02	5.0138018220e-01	7.7746269795e-01	0	2.1992792189e+00	0	0
18	496_576	4.9600000000e+02	5.7600000000e+02	14	1	1	4.8928127762e+02	5.6902607145e+02	-6.7187223801e+00	-6.9739285521e+00	6.9739285521e+00	1.6131648421e-01	1.8559063971e-01	1.8559063971e-01	2.1556745474e+01	2.7619724250e+01	2.7619724250e+01	8.0252143741e-01	6.9737182558e-01	6.9737182558e-01	2.4274155498e-02	7.0667577674e-01	1.1300329660e+00	1	9.2795319855e-01	1	1
18	496_576	4.9600000000e+02	5.7600000000e+02	15	1	1	4.9012069650e+02	5.7070490921e+02	-5.8793034977e+00	-5.2950907873e+00	5.8793034977e+00	4.9778740853e-02	1.1807293445e-01	1.1807293445e-01	2.8870373434e+01	3.5292490174e+01	3.5292490174e+01	9.0410627797e-01	6.7379050702e-01	6.7379050702e-01	6.8294193596e-02	9.4643199254e-01	1.4439563910e+00	1	1.2684468313e+00	1	0
18	496_576	4.9600000000e+02	5.7600000000e+02	16	1	1	4.9137982483e+02	5.7364287530e+02	-4.6201751741e+00	-2.3571246989e+00	4.6201751741e+00	3.9470840245e-02	7.1697495878e-02	7.1697495878e-02	3.4976636507e+01	4.2189815003e+01	4.2189815003e+01	9.0666503832e-01	6.5917525440e-01	6.5917525440e-01	3.2226655632e-02	1.1466082299e+00	1.7261534311e+00	0	2.0747240890e+00	1	0
18	496_576	4.9600000000e+02	5.7600000000e+02	17	1	1	4.9137982483e+02	5.7364287530e+02	-4.6201751741e+00	-2.3571246989e+00	4.6201751741e+00	4.6103119850e-02	8.7041519582e-02	8.7041519582e-02	3.3524749985e+01	4.2130132989e+01	4.2130132989e+01	9.0061801672e-01	6.6914967448e-01	6.6914967448e-01	4.0938399732e-02	1.0990123145e+00	1.7237116022e+00	0	2.0677474348e+00	1	0
18	496_576	4.9600000000e+02	5.7600000000e+02	18	1	1	4.8928127762e+02	5.6902607145e+02	-6.7187223801e+00	-6.9739285521e+00	6.9739285521e+00	1.9739663601e-01	2.4887311459e-01	2.4887311459e-01	2.0355833746e+01	2.5836157804e+01	2.5836157804e+01	7.6773124933e-01	6.4746874571e-01	6.4746874571e-01	5.1476478577e-02	6.6730734660e-01	1.0570601563e+00	1	1.2443655729e+00	1	0
18	496_576	4.9600000000e+02	5.7600000000e+02	19	1	1	4.8928127762e+02	5.6902607145e+02	-6.7187223801e+00	-6.9739285521e+00	6.9739285521e+00	1.6746734083e-01	1.9993528724e-01	1.9993528724e-01	2.1279044377e+01	2.6700822548e+01	2.6700822548e+01	7.9750455916e-01	6.8470987678e-01	6.8470987678e-01	3.2467946410e-02	6.9757214656e-01	1.0924370361e+00	1	9.9967643619e-01	1	0
19	486_586	4.8600000000e+02	5.8600000000e+02	0	0	1	4.8928127762e+02	5.9924515121e+02	3.2812776199e+00	1.3245151214e+01	1.3245151214e+01	4.1632330418e-01	6.4618873596e-01	6.4618873596e-01	1.5802955132e+01	2.8762827800e+01	2.8762827800e+01	5.3493463993e-01	2.9891866446e-01	2.9891866446e-01	2.2986543179e-01	5.2731980291e-01	1.1017524619e+00	0	3.2309436798e+00	0	0
19	486_586	4.8600000000e+02	5.8600000000e+02	1	0	1	4.8844185874e+02	6.0302253619e+02	2.4418587375e+00	1.7022536185e+01	1.7022536185e+01	5.4155236483e-01	6.4980989695e-01	6.4980989695e-01	1.4937603307e+01	1.8893664949e+01	1.8893664949e+01	4.1250181198e-01	2.9949933290e-01	2.9949933290e-01	1.0825753212e-01	4.9844437108e-01	7.2371680615e-01	0	3.2490494847e+00	0	0
19	486_586	4.8600000000e+02	5.8600000000e+02	2	0	1	4.8928127762e+02	5.8707357742e+02	3.2812776199e+00	1.0735774195e+00	3.2812776199e+00	4.5330879092e-01	5.8157718182e-01	5.8157718182e-01	1.6227327030e+01	2.2359138742e+01	2.2359138742e+01	5.0155213475e-01	3.6592817307e-01	3.6592817307e-01	1.2826839089e-01	5.4148042691e-01	8.5646085724e-01	0	2.9078859091e+00	1	0
19	486_586	4.8600000000e+02	5.8600000000e+02	3	0	1	4.1583212541e+02	4.8844185874e+02	-7.0167874590e+01	-9.7558141263e+01	9.7558141263e+01	6.7083752155e-01	5.4040819407e-01	6.7083752155e-01	4.2349611804e+01	1.4961676996e+01	4.2349611804e+01	2.3801046610e-01	4.1347801685e-01	2.3801046610e-01	1.3042932749e-01	1.4131400592e+00	5.7310305434e-01	0	3.3541876078e+00	0	0
19	486_586	4.8600000000e+02	5.8600000000e+02	4	0	1	4.8844185874e+02	5.8623415854e+02	2.4418587375e+00	2.3415853707e-01	2.4418587375e+00	5.2111184597e-01	5.4460430145e-01	5.4460430145e-01	1.5180900515e+01	1.5336982273e+01	1.5336982273e+01	4.3860208988e-01	4.0753614902e-01	4.0753614902e-01	2.3492455482e-02	5.0656281694e-01	5.8747902307e-01	0	2.7230215073e+00	1	0
19	486_586	4.8600000000e+02	5.8600000000e+02	5	0	1	4.8928127762e+02	5.8623415854e+02	3.2812776199e+00	2.3415853707e-01	3.2812776199e+00	4.2927056551e-01	4.3879008293e-01	4.3879008293e-01	1.5763082125e+01	1.6536748882e+01	1.6536748882e+01	5.3152334690e-01	5.0929707289e-01	5.0929707289e-01	9.5195174217e-03	5.2598930327e-01	6.3343576363e-01	0	2.1939504147e+00	1	0
19	486_586	4.8600000000e+02	5.8600000000e+02	6	0	1	4.8844185874e+02	5.8665386798e+02	2.4418587375e+00	6.5386797827e-01	2.4418587375e+00	3.3674275875e-01	3.1204968691e-01	3.3674275875e-01	1.6250632841e+01	1.7763726525e+01	1.7763726525e+01	6.0432821512e-01	6.4724665880e-01	6.0432821512e-01	2.4693071842e-02	5.4225810524e-01	6.8043481563e-01	1	1.6837137938e+00	1	0
19	486_586	4.8600000000e+02	5.8600000000e+02	7	0	1	4.8928127762e+02	5.8623415854e+02	3.2812776199e+00	2.3415853707e-01	3.2812776199e+00	3.9009588957e-01	4.2815500498e-01	4.2815500498e-01	1.6133507889e+01	1.7716506961e+01	1.7716506961e+01	5.6791764498e-01	5.1636672020e-01	5.1636672020e-01	3.8059115410e-02	5.3834982946e-01	6.7862608279e-01	0	2.1407750249e+00	1	0
19	486_586	4.8600000000e+02	5.8600000000e+02	8	0	1	4.1583212541e+02	4.8844185874e+02	-7.0167874590e+01	-9.7558141263e+01	9.7558141263e+01	6.6967982054e-01	5.2713149786e-01	6.6967982054e-01	4.2375787834e+01	1.4980180667e+01	4.2375787834e+01	2.3906350136e-01	4.2529147863e-01	2.3906350136e-01	1.4254832268e-01	1.4140135122e+00	5.7381183255e-01	0	3.3483991027e+00	0	0
19	486_586	4.8600000000e+02	5.8600000000e+02	9	0	1	4.8844185874e+02	5.8623415854e+02	2.4418587375e+00	2.3415853707e-01	2.4418587375e+00	5.2154779434e-01	5.7157832384e-01	5.7157832384e-01	1.5151767894e+01	1.5744241827e+01	1.5744241827e+01	4.3676453829e-01	3.8018578291e-01	3.8018578291e-01	5.0030529499e-02	5.0559070711e-01	6.0307899187e-01	0	2.8578916192e+00	1	0
19	486_586	4.8600000000e+02	5.8600000000e+02	10	1	1	4.8970098706e+02	5.8749328686e+02	3.7009870611e+00	1.4932868607e+00	3.7009870611e+00	5.9161517769e-02	3.7199188024e-02	5.9161517769e-02	2.5198767120e+01	3.5045050685e+01	3.5045050685e+01	7.8422084078e-01	9.0233327076e-01	7.8422084078e-01	2.1962329745e-02	8.4084329801e-01	1.3423913371e+00	1	9.7826096301e-01	1	0
19	486_586	4.8600000000e+02	5.8600000000e+02	11	1	1	4.8928127762e+02	5.8623415854e+02	3.2812776199e+00	2.3415853707e-01	3.2812776199e+00	4.0398812294e-01	3.8770428300e-01	4.0398812294e-01	1.5907617861e+01	1.6997919047e+01	1.6997919047e+01	5.4399627447e-01	5.7308027148e-01	5.4399627447e-01	1.6283839941e-02	5.3081223387e-01	6.5110076403e-01	0	2.0199406147e+00	1	0
19	486_586	4.8600000000e+02	5.8600000000e+02	12	1	1	4.8970098706e+02	5.8749328686e+02	3.7009870611e+00	1.4932868607e+00	3.7009870611e+00	6.5759375691e-02	5.0779368728e-02	6.5759375691e-02	2.5596698056e+01	3.5969220123e+01	3.5969220123e+01	7.8722159564e-01	8.8745686784e-01	7.8722159564e-01	1.4980006963e-02	8.5412162862e-01	1.3777914013e+00	1	1.0794040038e+00	1	0
19	486_586	4.8600000000e+02	5.8600000000e+02	13	1	1	4.8928127762e+02	5.8623415854e+02	3.2812776199e+00	2.3415853707e-01	3.2812776199e+00	4.2935344577e-01	4.1806337237e-01	4.2935344577e-01	1.5797216553e+01	1.6806883908e+01	1.6806883908e+01	5.2015176415e-01	5.4359039664e-01	5.2015176415e-01	1.1290073395e-02	5.2712831555e-01	6.4378321388e-01	0	2.1467672288e+00	1	0
19	486_586	4.8600000000e+02	5.8600000000e+02	14	1	1	4.8928127762e+02	5.8665386798e+02	3.2812776199e+00	6.5386797827e-01	3.2812776199e+00	2.0330479741e-01	1.5972550213e-01	2.0330479741e-01	1.9550021042e+01	2.3332561002e+01	2.3332561002e+01	7.1786823869e-01	7.9416291416e-01	7.1786823869e-01	4.3579295278e-02	6.5235350962e-01	8.9374753775e-01	1	1.0165239871e+00	1	0
19	486_586	4.8600000000e+02	5.8600000000e+02	15	1	1	4.8970098706e+02	5.8707357742e+02	3.7009870611e+00	1.0735774195e+00	3.7009870611e+00	8.3400405943e-02	4.7362934798e-02	8.3400405943e-02	2.4596762182e+01	3.2215472577e+01	3.2215472577e+01	7.8526820987e-01	8.9330576733e-01	7.8526820987e-01	3.6037471145e-02	8.2075533835e-01	1.2340051009e+00	1	6.6858600258e-01	1	1
19	486_586	4.8600000000e+02	5.8600000000e+02	16	1	1	4.9012069650e+02	5.8875241518e+02	4.1206965023e+00	2.7524151843e+00	4.1206965023e+00	4.4357746840e-02	5.1177378744e-02	5.1177378744e-02	3.0405329503e+01	3.7841233526e+01	3.7841233526e+01	8.9197346568e-01	7.7694219723e-01	7.7694219723e-01	6.8196319044e-03	1.0145781107e+00	1.4494983764e+00	1	1.2842810755e+00	1	0
19	486_586	4.8600000000e+02	5.8600000000e+02	17	1	1	4.9012069650e+02	5.8875241518e+02	4.1206965023e+00	2.7524151843e+00	4.1206965023e+00	4.9634069204e-02	5.9450928122e-02	5.9450928122e-02	2.9744031491e+01	3.7954571234e+01	3.7954571234e+01	8.8638463616e-01	7.7686190233e-01	7.7686190233e-01	9.8168589175e-03	9.9251163424e-01	1.4538397471e+00	1	1.2966849918e+00	1	0
19	486_586	4.8600000000e+02	5.8600000000e+02	18	1	1	4.8844185874e+02	5.8623415854e+02	2.4418587375e+00	2.3415853707e-01	2.4418587375e+00	2.3676797748e-01	1.9432908297e-01	2.3676797748e-01	1.8412687863e+01	2.0979583255e+01	2.0979583255e+01	6.9132015109e-01	7.6183593273e-01	6.9132015109e-01	4.2438894510e-02	6.1440248699e-01	8.0361735155e-01	1	1.1838398874e+00	1	0
19	486_586	4.8600000000e+02	5.8600000000e+02	19	1	1	4.8928127762e+02	5.8623415854e+02	3.2812776199e+00	2.3415853707e-01	3.2812776199e+00	2.1307218075e-01	1.7165109515e-01	2.1307218075e-01	1.9163220162e+01	2.2466820854e+01	2.2466820854e+01	7.1090602875e-01	7.8310593963e-01	7.1090602875e-01	4.1421085596e-02	6.3944657154e-01	8.6058559185e-01	1	1.0653609037e+00	1	0
20	476_596	4.7600000000e+02	5.9600000000e+02	0	0	1	4.7417173774e+02	6.0260282674e+02	-1.8282622633e+00	6.6028267439e+00	6.6028267439e+00	4.4763991237e-01	4.1874867678e-01	4.4763991237e-01	1.4284612899e+01	1.6110783904e+01	1.6110783904e+01	5.0471416116e-01	5.0636512041e-01	5.0471416116e-01	2.8891235590e-02	5.2621611129e-01	5.4368938563e-01	0	2.2381995618e+00	1	0
20	476_596	4.7600000000e+02	5.9600000000e+02	1	0	1	4.7333231885e+02	6.0386195507e+02	-2.6676811457e+00	7.8619550675e+00	7.8619550675e+00	5.8191114664e-01	5.8977222443e-01	5.8977222443e-01	1.3821255071e+01	1.6068983962e+01	1.6068983962e+01	3.7306666374e-01	3.3725076914e-01	3.3725076914e-01	7.8610777855e-03	5.0914695049e-01	5.4227876619e-01	0	2.9488611221e+00	0	0
20	476_596	4.7600000000e+02	5.9600000000e+02	2	0	1	4.7417173774e+02	6.0260282674e+02	-1.8282622633e+00	6.6028267439e+00	6.6028267439e+00	4.5551517606e-01	4.1774830222e-01	4.5551517606e-01	1.4221865176e+01	1.6044299925e+01	1.6044299925e+01	4.9730762839e-01	5.0579658151e-01	4.9730762839e-01	3.7766873837e-02	5.2390461266e-01	5.4144575591e-01	0	2.2775758803e+00	1	0
20	476_596	4.7600000000e+02	5.9600000000e+02	3	0	1	4.7333231885e+02	6.0386195507e+02	-2.6676811457e+00	7.8619550675e+00	7.8619550675e+00	5.8260273933e-01	5.8902710676e-01	5.8902710676e-01	1.3848347867e+01	1.6067228329e+01	1.6067228329e+01	3.7222659588e-01	3.3813238144e-01	3.3813238144e-01	6.4243674278e-03	5.1014499403e-01	5.4221951900e-01	0	2.9451355338e+00	0	0
20	476_596	4.7600000000e+02	5.9600000000e+02	4	0	1	4.7333231885e+02	6.0302253619e+02	-2.6676811457e+00	7.0225361851e+00	7.0225361851e+00	5.5533134937e-01	5.4183071852e-01	5.5533134937e-01	1.3857669991e+01	1.5800799534e+01	1.5800799534e+01	4.0020424128e-01	3.8501578569e-01	3.8501578569e-01	1.3500630856e-02	5.1048840216e-01	5.3322836692e-01	0	2.7766567469e+00	1	0
20	476_596	4.7600000000e+02	5.9600000000e+02	5	0	1	4.7417173774e+02	6.0260282674e+02	-1.8282622633e+00	6.6028267439e+00	6.6028267439e+00	4.3965202570e-01	4.0922465920e-01	4.3965202570e-01	1.4346504696e+01	1.6180228623e+01	1.6180228623e+01	5.1230651140e-01	5.1514217257e-01	5.1230651140e-01	3.0427366495e-02	5.2849607931e-01	5.4603293121e-01	0	2.1982601285e+00	1	0
20	476_596	4.7600000000e+02	5.9600000000e+02	6	0	1	4.7375202830e+02	6.0260282674e+02	-2.2479717045e+00	6.6028267439e+00	6.6028267439e+00	3.9310652018e-01	3.6188268661e-01	3.9310652018e-01	1.4957226117e+01	1.7031855078e+01	1.7031855078e+01	5.5720061064e-01	5.5860006809e-01	5.5720061064e-01	3.1223833561e-02	5.5099381541e-01	5.7477270371e-01	0	1.9655326009e+00	1	0
20	476_596	4.7600000000e+02	5.9600000000e+02	7	0	1	4.7417173774e+02	6.0260282674e+02	-1.8282622633e+00	6.6028267439e+00	6.6028267439e+00	4.2404904962e-01	3.9127671719e-01	4.2404904962e-01	1.4534629312e+01	1.6395722026e+01	1.6395722026e+01	5.2818587422e-01	5.3138560057e-01	5.2818587422e-01	3.2772332430e-02	5.3542620787e-01	5.5330517051e-01	0	2.1202452481e+00	1	0
20	476_596	4.7600000000e+02	5.9600000000e+02	8	0	1	4.7333231885e+02	6.0302253619e+02	-2.6676811457e+00	7.0225361851e+00	7.0225361851e+00	5.6041425467e-01	5.5707609653e-01	5.6041425467e-01	1.3856725289e+01	1.5966502360e+01	1.5966502360e+01	3.9448124170e-01	3.6962085962e-01	3.6962085962e-01	3.3381581306e-03	5.1045360123e-01	5.3882032745e-01	0	2.8020712733e+00	1	0
20	476_596	4.7600000000e+02	5.9600000000e+02	9	0	1	4.7333231885e+02	6.0302253619e+02	-2.6676811457e+00	7.0225361851e+00	7.0225361851e+00	5.5279082060e-01	5.4099017382e-01	5.5279082060e-01	1.3882026674e+01	1.5844540700e+01	1.5844540700e+01	4.0241575241e-01	3.8564234972e-01	3.8564234972e-01	1.1800646782e-02	5.1138565284e-01	5.3470449670e-01	0	2.7639541030e+00	1	0
20	476_596	4.7600000000e+02	5.9600000000e+02	10	1	1	4.7459144718e+02	5.8917212463e+02	-1.4085528221e+00	-6.8278753745e+00	6.8278753745e+00	3.6815918982e-02	2.1925499663e-02	3.6815918982e-02	2.7742807462e+01	4.0989840310e+01	4.0989840310e+01	8.2452078909e-01	8.9235533215e-01	8.2452078909e-01	1.4890419319e-02	1.0219886504e+00	1.3832809892e+00	1	1.0950885405e+00	1	0
20	476_596	4.7600000000e+02	5.9600000000e+02	11	1	1	4.7375202830e+02	6.0092398898e+02	-2.2479717045e+00	4.9239889791e+00	4.9239889791e+00	3.9381819963e-01	5.4190319777e-01	5.4190319777e-01	1.4946144087e+01	2.5159932345e+01	2.5159932345e+01	5.5564844608e-01	3.7898790836e-01	3.7898790836e-01	1.4808499813e-01	5.5058557592e-01	8.4907030228e-01	0	2.7095159888e+00	1	0
20	476_596	4.7600000000e+02	5.9600000000e+02	12	1	1	4.7417173774e+02	5.8875241518e+02	-1.8282622633e+00	-7.2475848157e+00	7.2475848157e+00	8.5925303400e-02	8.5939474404e-02	8.5939474404e-02	2.8248936135e+01	4.1473536070e+01	4.1473536070e+01	8.2580289990e-01	8.1269787997e-01	8.1269787997e-01	1.4171004295e-05	1.0406334022e+00	1.3996042328e+00	1	1.1417263795e+00	1	0
20	476_596	4.7600000000e+02	5.9600000000e+02	13	1	1	4.7417173774e+02	6.0092398898e+02	-1.8282622633e+00	4.9239889791e+00	4.9239889791e+00	4.0540528297e-01	5.6806731224e-01	5.6806731224e-01	1.4745364000e+01	2.5757962859e+01	2.5757962859e+01	5.4423582554e-01	3.5361981392e-01	3.5361981392e-01	1.6266202927e-01	5.4318924554e-01	8.6925199206e-01	0	2.8403365612e+00	1	0
20	476_596	4.7600000000e+02	5.9600000000e+02	14	1	1	4.7375202830e+02	5.8791299630e+02	-2.2479717045e+00	-8.0870036981e+00	8.0870036981e+00	1.8175007403e-01	2.9728427529e-01	2.9728427529e-01	1.9004341060e+01	3.3579896556e+01	3.3579896556e+01	7.5146119297e-01	6.2692716718e-01	6.2692716718e-01	1.1553420126e-01	7.0008130573e-01	1.1332181871e+00	0	1.4864213765e+00	0	0
20	476_596	4.7600000000e+02	5.9600000000e+02	15	1	1	4.7417173774e+02	5.8791299630e+02	-1.8282622633e+00	-8.0870036981e+00	8.0870036981e+00	8.2949250937e-02	6.3451044261e-02	8.2949250937e-02	2.5473108945e+01	3.5461182317e+01	3.5461182317e+01	8.2177767158e-01	8.5476762801e-01	8.2177767158e-01	1.9498206675e-02	9.3837756935e-01	1.1967057930e+00	1	6.0843707160e-01	0	0
20	476_596	4.7600000000e+02	5.9600000000e+02	16	1	1	4.7501115662e+02	5.8959183407e+02	-9.8884338093e-01	-6.4081659333e+00	6.4081659333e+00	3.4070644528e-02	3.5352159292e-02	3.5352159292e-02	3.0219157875e+01	4.1172322320e+01	4.1172322320e+01	8.7480106577e-01	8.2169319317e-01	8.2169319317e-01	1.2815147638e-03	1.1132123674e+00	1.3894391956e+00	1	1.1126834159e+00	1	0
20	476_596	4.7600000000e+02	5.9600000000e+02	17	1	1	4.7459144718e+02	5.8875241518e+02	-1.4085528221e+00	-7.2475848157e+00	7.2475848157e+00	5.9462770820e-02	3.5846032202e-02	5.9462770820e-02	2.7948561797e+01	4.0194403582e+01	4.0194403582e+01	8.1886257231e-01	8.7625630945e-01	8.1886257231e-01	2.3616738617e-02	1.0295682220e+00	1.3564374471e+00	1	1.0183927060e+00	1	1
20	476_596	4.7600000000e+02	5.9600000000e+02	18	1	1	4.7375202830e+02	5.8791299630e+02	-2.2479717045e+00	-8.0870036981e+00	8.0870036981e+00	2.4097697437e-01	3.3640739322e-01	3.3640739322e-01	1.7143194106e+01	2.9199064835e+01	2.9199064835e+01	6.9851399958e-01	5.9310051799e-01	5.9310051799e-01	9.5430418849e-02	6.3152043400e-01	9.8537859585e-01	1	1.6820369661e+00	0	0
20	476_596	4.7600000000e+02	5.9600000000e+02	19	1	1	4.7375202830e+02	5.8791299630e+02	-2.2479717045e+00	-8.0870036981e+00	8.0870036981e+00	1.9850049913e-01	3.0781576037e-01	3.0781576037e-01	1.8363921146e+01	3.2467900003e+01	3.2467900003e+01	7.3668529093e-01	6.1816421151e-01	6.1816421151e-01	1.0931526124e-01	6.7648953747e-01	1.0956917249e+00	0	1.5390788019e+00	0	0
21	538_578	5.3800000000e+02	5.7800000000e+02	0	0	1	4.1247444988e+02	5.5307711268e+02	-1.2552555012e+02	-2.4922887318e+01	1.2552555012e+02	6.0330623388e-01	8.5678156465e-03	6.0330623388e-01	4.2479495984e+01	5.8168511280e+01	5.8168511280e+01	3.2186406851e-01	9.6949284710e-01	3.2186406851e-01	5.9473841824e-01	5.9207095696e-01	3.4662483752e+00	0	7.0464239292e+00	0	0
21	538_578	5.3800000000e+02	5.7800000000e+02	1	0	1	4.1667154429e+02	5.6818665257e+02	-1.2132845571e+02	-9.8133474345e+00	1.2132845571e+02	5.9983205795e-01	4.0711930394e-01	5.9983205795e-01	4.4964205340e+01	3.5547828927e+01	4.4964205340e+01	3.0274283886e-01	5.7743576169e-01	3.0274283886e-01	1.9271275401e-01	6.2670235293e-01	2.1182870517e+00	0	3.1951058621e+00	0	0
21	538_578	5.3800000000e+02	5.7800000000e+02	2	0	1	5.3754786336e+02	5.7070490921e+02	-4.5213664213e-01	-7.2950907873e+00	7.2950907873e+00	2.2305186838e-02	1.7466273159e-02	2.2305186838e-02	1.4527072101e+01	7.5995104529e+01	7.5995104529e+01	9.9143322557e-02	9.5712939277e-01	9.9143322557e-02	4.8389136791e-03	2.0247550686e-01	4.5285310179e+00	0	1.0081517194e+01	1	0
21	538_578	5.3800000000e+02	5.7800000000e+02	3	0	1	4.1667154429e+02	5.6818665257e+02	-1.2132845571e+02	-9.8133474345e+00	1.2132845571e+02	5.9933120012e-01	4.3174400926e-01	5.9933120012e-01	4.4245528485e+01	3.5727244713e+01	4.4245528485e+01	3.0181086063e-01	5.5405887961e-01	3.0181086063e-01	1.6758719087e-01	6.1668557463e-01	2.1289783976e+00	0	3.2256525646e+00	0	0
21	538_578	5.3800000000e+02	5.7800000000e+02	4	0	1	5.3754786336e+02	5.6902607145e+02	-4.5213664213e-01	-8.9739285521e+00	8.9739285521e+00	3.0592590570e-01	1.4762966335e-01	3.0592590570e-01	3.9309763011e+00	5.3874098252e+01	5.3874098252e+01	1.9860297441e-02	8.3507861197e-01	1.9860297441e-02	1.5829624236e-01	5.4789183498e-02	3.2103452783e+00	0	2.5175856579e+01	0	0
21	538_578	5.3800000000e+02	5.7800000000e+02	5	0	1	5.3838728224e+02	5.6902607145e+02	3.8728224027e-01	-8.9739285521e+00	8.9739285521e+00	2.8930969536e-02	6.3148297369e-02	6.3148297369e-02	7.2554134017e+01	6.1166710785e+00	7.2554134017e+01	9.4647573680e-01	1.1268392205e-02	1.1268392205e-02	3.4217327833e-02	1.0112454153e+00	3.6449104027e-01	0	4.4371902477e+01	0	0
21	538_578	5.3800000000e+02	5.7800000000e+02	6	0	1	5.3838728224e+02	5.7196403754e+02	3.8728224027e-01	-6.0359624637e+00	6.0359624637e+00	9.8197851330e-03	2.3789716884e-02	2.3789716884e-02	8.0829110681e+01	1.4375585219e+01	8.0829110681e+01	9.6052767895e-01	2.7665367350e-02	2.7665367350e-02	1.3969931751e-02	1.1265804314e+00	8.5663785806e-01	0	1.8073137930e+01	1	0
21	538_578	5.3800000000e+02	5.7800000000e+02	7	0	1	5.3838728224e+02	5.7070490921e+02	3.8728224027e-01	-7.2950907873e+00	7.2950907873e+00	1.6171168536e-02	1.6390258446e-02	1.6390258446e-02	7.9739536951e+01	1.9153004829e+01	7.9739536951e+01	9.5752887800e-01	8.0970844254e-02	8.0970844254e-02	2.1908991039e-04	1.1113941646e+00	1.1413232075e+00	0	6.1750622043e+00	1	1
21	538_578	5.3800000000e+02	5.7800000000e+02	8	0	1	4.1667154429e+02	5.6818665257e+02	-1.2132845571e+02	-9.8133474345e+00	1.2132845571e+02	5.9881907701e-01	2.1948133409e-01	5.9881907701e-01	4.3507899313e+01	3.9188831765e+01	4.3507899313e+01	2.9801237583e-01	7.6559294760e-01	2.9801237583e-01	3.7933774292e-01	6.0640464263e-01	2.3352535838e+00	0	3.8150102395e+00	0	0
21	538_578	5.3800000000e+02	5.7800000000e+02	9	0	1	4.1625183485e+02	5.6818665257e+02	-1.2174816515e+02	-9.8133474345e+00	1.2174816515e+02	6.0279351473e-01	1.5862040222e-01	6.0279351473e-01	4.3571267615e+01	4.5653410881e+01	4.5653410881e+01	2.9986512661e-01	8.2393141091e-01	2.9986512661e-01	4.4417311251e-01	6.0728785770e-01	2.7204763850e+00	0	4.9156468144e+00	0	0
21	538_578	5.3800000000e+02	5.7800000000e+02	10	1	1	5.3670844448e+02	5.6902607145e+02	-1.2915555245e+00	-8.9739285521e+00	8.9739285521e+00	4.7002334148e-02	3.1582053751e-02	4.7002334148e-02	1.3168720344e+01	6.7390764000e+01	6.7390764000e+01	1.7047614977e-01	9.4741148129e-01	1.7047614977e-01	1.5420280397e-02	1.8354306414e-01	4.0158003201e+00	0	8.6165723433e+00	0	0
21	538_578	5.3800000000e+02	5.7800000000e+02	11	1	1	5.3502960671e+02	5.6902607145e+02	-2.9703932893e+00	-8.9739285521e+00	8.9739285521e+00	3.9867451787e-01	5.4408192635e-01	5.4408192635e-01	1.9440829990e+01	2.8401428604e+01	2.8401428604e+01	5.8783337474e-01	2.0033568144e-01	2.0033568144e-01	1.4540740848e-01	2.7096250908e-01	1.6924346796e+00	0	2.7204096317e+00	0	0
21	538_578	5.3800000000e+02	5.7800000000e+02	12	1	1	5.3754786336e+02	5.6986549033e+02	-4.5213664213e-01	-8.1345096697e+00	8.1345096697e+00	3.1898081303e-02	1.9143715501e-02	3.1898081303e-02	1.3777280771e+01	7.3427549614e+01	7.3427549614e+01	1.0651716590e-01	9.5624361932e-01	1.0651716590e-01	1.2754365802e-02	1.9202506106e-01	4.3755310037e+00	0	9.6443742962e+00	1	0
21	538_578	5.3800000000e+02	5.7800000000e+02	13	1	1	5.3502960671e+02	5.6902607145e+02	-2.9703932893e+00	-8.9739285521e+00	8.9739285521e+00	3.8676080108e-01	5.2849572897e-01	5.2849572897e-01	1.9589542780e+01	2.8027486335e+01	2.8027486335e+01	5.9961530566e-01	2.0822077990e-01	2.0822077990e-01	1.4173492789e-01	2.7303523904e-01	1.6701515448e+00	0	2.6424786448e+00	0	0
21	538_578	5.3800000000e+02	5.7800000000e+02	14	1	1	5.3586902559e+02	5.6902607145e+02	-2.1309744069e+00	-8.9739285521e+00	8.9739285521e+00	1.3312454522e-01	9.5323599875e-02	1.3312454522e-01	1.1784360790e+01	5.8607721235e+01	5.8607721235e+01	2.7499048412e-01	8.8657613844e-01	2.7499048412e-01	3.7800945342e-02	1.6424812980e-01	3.4924207967e+00	0	7.1212022762e+00	0	0
21	538_578	5.3800000000e+02	5.7800000000e+02	15	1	1	5.3712815392e+02	5.6902607145e+02	-8.7184608333e-01	-8.9739285521e+00	8.9739285521e+00	3.8872905076e-02	2.6378875598e-02	3.8872905076e-02	1.3520331596e+01	6.9578945525e+01	6.9578945525e+01	1.4611075073e-01	9.5138340630e-01	1.4611075073e-01	1.2494029477e-02	1.8844375341e-01	4.1461935602e+00	0	8.9891244577e+00	0	0
21	538_578	5.3800000000e+02	5.7800000000e+02	16	1	1	5.3838728224e+02	5.7196403754e+02	3.8728224027e-01	-6.0359624637e+00	6.0359624637e+00	1.5491046011e-02	1.2750060298e-02	1.5491046011e-02	1.5245848437e+01	8.1306502208e+01	8.1306502208e+01	6.7264191806e-02	9.6048781183e-01	6.7264191806e-02	2.7409857139e-03	2.1249367171e-01	4.8450359992e+00	0	1.0985817141e+01	1	0
21	538_578	5.3800000000e+02	5.7800000000e+02	17	1	1	5.3838728224e+02	5.7070490921e+02	3.8728224027e-01	-7.2950907873e+00	7.2950907873e+00	2.4328015745e-02	1.4264081605e-02	2.4328015745e-02	1.4438619318e+01	7.7481420717e+01	7.7481420717e+01	8.7877988815e-02	9.5968207251e-01	8.7877988815e-02	1.0063934140e-02	2.0124266916e-01	4.6171002619e+00	0	1.0334572177e+01	1	0
21	538_578	5.3800000000e+02	5.7800000000e+02	18	1	1	5.3586902559e+02	5.6902607145e+02	-2.1309744069e+00	-8.9739285521e+00	8.9739285521e+00	2.0234654844e-01	1.5999829769e-01	2.0234654844e-01	1.1353001390e+01	5.6067191366e+01	5.6067191366e+01	3.2380338013e-01	8.2488584518e-01	3.2380338013e-01	4.2348250747e-02	1.5823592634e-01	3.3410311988e+00	0	6.6886605681e+00	0	0
21	538_578	5.3800000000e+02	5.7800000000e+02	19	1	1	5.3586902559e+02	5.6902607145e+02	-2.1309744069e+00	-8.9739285521e+00	8.9739285521e+00	1.4892801642e-01	1.1024130881e-01	1.4892801642e-01	1.1695852163e+01	5.7820926130e+01	5.7820926130e+01	2.9190313816e-01	8.7221799791e-01	2.9190313816e-01	3.8686707616e-02	1.6301451377e-01	3.4455358551e+00	0	6.9872453003e+00	0	0
22	528_588	5.2800000000e+02	5.8800000000e+02	0	0	1	5.1992006683e+02	5.8623415854e+02	-8.0799331725e+00	-1.7658414629e+00	8.0799331725e+00	2.3759724200e-01	2.9825189710e-01	2.9825189710e-01	1.8543578659e+01	2.0691009584e+01	2.0691009584e+01	7.4962978065e-01	5.1069483161e-01	5.1069483161e-01	6.0654655099e-02	8.5683655736e-01	6.4678280853e-01	1	1.4912594855e+00	0	0
22	528_588	5.2800000000e+02	5.8800000000e+02	1	0	1	5.1992006683e+02	6.0260282674e+02	-8.0799331725e+00	1.4602826744e+01	1.4602826744e+01	5.3625166416e-01	5.0836312771e-01	5.3625166416e-01	1.3904025821e+01	1.7885608127e+01	1.7885608127e+01	3.8374704123e-01	4.6984887123e-01	3.8374704123e-01	2.7888536453e-02	6.4245838611e-01	5.5908842001e-01	0	2.6812583208e+00	0	0
22	528_588	5.2800000000e+02	5.8800000000e+02	2	0	1	5.2159890459e+02	5.6902607145e+02	-6.4010954077e+00	-1.8973928552e+01	1.8973928552e+01	1.4919525385e-01	8.5107125342e-02	1.4919525385e-01	1.3016611614e+01	7.4273925533e+01	7.4273925533e+01	3.5463660955e-01	8.9584245533e-01	3.5463660955e-01	6.4088128507e-02	6.0145395282e-01	2.3217377558e+00	0	3.7763935881e+00	0	0
22	528_588	5.2800000000e+02	5.8800000000e+02	3	0	1	5.1992006683e+02	6.0260282674e+02	-8.0799331725e+00	1.4602826744e+01	1.4602826744e+01	5.2922761440e-01	5.0503456593e-01	5.2922761440e-01	1.3925143664e+01	1.7933221775e+01	1.7933221775e+01	3.8995110989e-01	4.7297465801e-01	3.8995110989e-01	2.4193048477e-02	6.4343417077e-01	5.6057678088e-01	0	2.6461380720e+00	0	0
22	528_588	5.2800000000e+02	5.8800000000e+02	4	0	1	5.2075948571e+02	5.8707357742e+02	-7.2405142901e+00	-9.2642258053e-01	7.2405142901e+00	4.4128322601e-01	4.0275636315e-01	4.4128322601e-01	1.4351044737e+01	1.9621258142e+01	1.9621258142e+01	4.2254930735e-01	5.8291068673e-01	4.2254930735e-01	3.8526862860e-02	6.6311363050e-01	6.1334331691e-01	0	2.2064161301e+00	0	0
22	528_588	5.2800000000e+02	5.8800000000e+02	5	0	1	5.2075948571e+02	5.7028519977e+02	-7.2405142901e+00	-1.7714800229e+01	1.7714800229e+01	1.9387818873e-01	2.8248912096e-01	2.8248912096e-01	2.0948659999e+01	2.7314343220e+01	2.7314343220e+01	7.8923384845e-01	4.3439668417e-01	4.3439668417e-01	8.8610932231e-02	9.6796729718e-01	8.5382240773e-01	1	1.4124456048e+00	0	0
22	528_588	5.2800000000e+02	5.8800000000e+02	6	0	1	5.3712815392e+02	5.6902607145e+02	9.1281539167e+00	-1.8973928552e+01	1.8973928552e+01	9.7634084523e-02	2.5508536026e-02	9.7634084523e-02	1.1857840582e+01	7.6106121068e+01	7.6106121068e+01	1.0227606446e-01	9.5086638816e-01	1.0227606446e-01	7.2125548497e-02	5.4791103102e-01	2.3790105810e+00	0	4.8887293685e+00	0	0
22	528_588	5.2800000000e+02	5.8800000000e+02	7	0	1	5.2243832347e+02	5.6902607145e+02	-5.5616765253e+00	-1.8973928552e+01	1.8973928552e+01	1.5547347069e-01	3.9287798107e-02	1.5547347069e-01	1.0073154042e+01	7.8328896657e+01	7.8328896657e+01	1.4532697201e-01	9.3820483238e-01	1.4532697201e-01	1.1618567258e-01	4.6544665351e-01	2.4484925960e+00	0	4.1385502742e+00	0	0
22	528_588	5.2800000000e+02	5.8800000000e+02	8	0	1	5.1992006683e+02	6.0218311730e+02	-8.0799331725e+00	1.4183117303e+01	1.4183117303e+01	5.0899302959e-01	4.6422833204e-01	5.0899302959e-01	1.4052453460e+01	1.8088295240e+01	1.8088295240e+01	4.0192532539e-01	5.1422530413e-01	4.0192532539e-01	4.4764697552e-02	6.4931672933e-01	5.6542424135e-01	0	2.5449651480e+00	0	0
22	528_588	5.2800000000e+02	5.8800000000e+02	9	0	1	5.2117919515e+02	5.8623415854e+02	-6.8208048489e+00	-1.7658414629e+00	6.8208048489e+00	5.9151983261e-01	4.2312097549e-01	5.9151983261e-01	2.2512017187e+01	1.7772226540e+01	2.2512017187e+01	2.8007304668e-01	5.6438887119e-01	2.8007304668e-01	1.6839885712e-01	1.0402047879e+00	5.5554421105e-01	0	2.9575991631e+00	1	0
22	528_588	5.2800000000e+02	5.8800000000e+02	10	1	1	5.2159890459e+02	5.8707357742e+02	-6.4010954077e+00	-9.2642258053e-01	6.4010954077e+00	5.2211128175e-02	3.0478887260e-02	5.2211128175e-02	2.0922174321e+01	4.0232145898e+01	4.0232145898e+01	5.8971927315e-01	9.4449580461e-01	5.8971927315e-01	2.1732240915e-02	9.6674348288e-01	1.2576215874e+00	1	8.4786104637e-01	1	0
22	528_588	5.2800000000e+02	5.8800000000e+02	11	1	1	5.3502960671e+02	5.8623415854e+02	7.0296067107e+00	-1.7658414629e+00	7.0296067107e+00	4.4321337342e-01	3.1670129299e-01	4.4321337342e-01	1.4883681119e+01	1.9517835421e+01	1.9517835421e+01	3.8041934371e-01	6.7073416710e-01	3.8041934371e-01	1.2651208043e-01	6.8772497077e-01	6.1011041337e-01	0	2.2160668671e+00	1	0
22	528_588	5.2800000000e+02	5.8800000000e+02	12	1	1	5.2159890459e+02	5.8833270574e+02	-6.4010954077e+00	3.3270574307e-01	6.4010954077e+00	3.8711238652e-02	2.2030374035e-02	3.8711238652e-02	2.2486796753e+01	4.9407228603e+01	4.9407228603e+01	5.3334129974e-01	9.4950989820e-01	5.3334129974e-01	1.6680864617e-02	1.0390394363e+00	1.5444266239e+00	0	1.5555046398e+00	1	0
22	528_588	5.2800000000e+02	5.8800000000e+02	13	1	1	5.3502960671e+02	5.8623415854e+02	7.0296067107e+00	-1.7658414629e+00	7.0296067107e+00	3.8879707456e-01	3.1772807240e-01	3.8879707456e-01	1.3420543064e+01	1.9852790074e+01	1.9852790074e+01	4.2232659459e-01	6.7027136683e-01	4.2232659459e-01	7.1069002151e-02	6.2011826995e-01	6.2058080198e-01	0	1.9439853728e+00	1	0
22	528_588	5.2800000000e+02	5.8800000000e+02	14	1	1	5.2117919515e+02	5.8707357742e+02	-6.8208048489e+00	-9.2642258053e-01	6.8208048489e+00	1.1516738683e-01	7.2138391435e-02	1.1516738683e-01	1.8006861710e+01	3.1160263088e+01	3.1160263088e+01	6.1180203408e-01	9.0602258593e-01	6.1180203408e-01	4.3028995395e-02	8.3203666782e-01	9.7404248899e-01	1	8.1725782549e-01	1	1
22	528_588	5.2800000000e+02	5.8800000000e+02	15	1	1	5.2159890459e+02	5.8707357742e+02	-6.4010954077e+00	-9.2642258053e-01	6.4010954077e+00	4.2224019766e-02	2.7061229572e-02	4.2224019766e-02	2.1616748236e+01	4.3383489853e+01	4.3383489853e+01	5.7306811213e-01	9.4559078850e-01	5.7306811213e-01	1.5162790194e-02	9.9883741326e-01	1.3561298349e+00	1	1.0175138140e+00	1	0
22	528_588	5.2800000000e+02	5.8800000000e+02	16	1	1	5.2327774236e+02	5.8959183407e+02	-4.7222576429e+00	1.5918340667e+00	4.7222576429e+00	3.5043381155e-02	1.5122758225e-02	3.5043381155e-02	2.4117518958e+01	5.9049766408e+01	5.9049766408e+01	4.7997859865e-01	9.5320917480e-01	4.7997859865e-01	1.9920622930e-02	1.1143896384e+00	1.8458438969e+00	0	2.4166968482e+00	1	0
22	528_588	5.2800000000e+02	5.8800000000e+02	17	1	1	5.2243832347e+02	5.8875241518e+02	-5.5616765253e+00	7.5241518427e-01	5.5616765253e+00	3.5901255906e-02	1.7190938815e-02	3.5901255906e-02	2.3249962205e+01	5.4049078222e+01	5.4049078222e+01	5.0734066218e-01	9.5335530676e-01	5.0734066218e-01	1.8710317090e-02	1.0743027514e+00	1.6895267710e+00	0	1.9700764886e+00	1	0
22	528_588	5.2800000000e+02	5.8800000000e+02	18	1	1	5.2117919515e+02	5.8665386798e+02	-6.8208048489e+00	-1.3461320217e+00	6.8208048489e+00	2.2728225589e-01	1.2838633358e-01	2.2728225589e-01	1.5971938533e+01	2.6483278191e+01	2.6483278191e+01	5.2479770780e-01	8.5523985326e-01	5.2479770780e-01	9.8895922303e-02	7.3800969481e-01	8.2784404396e-01	1	1.1364112794e+00	1	0
22	528_588	5.2800000000e+02	5.8800000000e+02	19	1	1	5.2159890459e+02	5.8665386798e+02	-6.4010954077e+00	-1.3461320217e+00	6.4010954077e+00	2.7848070860e-01	9.2176102102e-02	2.7848070860e-01	2.5309125378e+01	2.9727727754e+01	2.9727727754e+01	4.0330159664e-01	8.9109448344e-01	4.0330159664e-01	1.8630460650e-01	1.1694497733e+00	9.2926269113e-01	0	1.8630460650e+00	1	0
23	518_598	5.1800000000e+02	5.9800000000e+02	0	0	1	5.1992006683e+02	6.0218311730e+02	1.9200668275e+00	4.1831173027e+00	4.1831173027e+00	3.8110300899e-01	3.5424593091e-01	3.8110300899e-01	1.4935810897e+01	1.9526386809e+01	1.9526386809e+01	5.2105537057e-01	6.1937555671e-01	5.2105537057e-01	2.6857078075e-02	6.1106903186e-01	6.3624278259e-01	0	1.9055150449e+00	1	0
23	518_598	5.1800000000e+02	5.9800000000e+02	1	0	1	5.1992006683e+02	6.0260282674e+02	1.9200668275e+00	4.6028267439e+00	4.6028267439e+00	5.0963336229e-01	5.0208568573e-01	5.0963336229e-01	1.3735267346e+01	1.7905165267e+01	1.7905165267e+01	4.1070085764e-01	4.7335720062e-01	4.1070085764e-01	7.5476765633e-03	5.6195117743e-01	5.8341731545e-01	0	2.5481668115e+00	1	0
23	518_598	5.1800000000e+02	5.9800000000e+02	2	0	1	5.2033977627e+02	6.0302253619e+02	2.3397762687e+00	5.0225361851e+00	5.0225361851e+00	2.8984820843e-01	2.6949927211e-01	2.8984820843e-01	1.5721110293e+01	2.1237809335e+01	2.1237809335e+01	5.9604650736e-01	7.0423719287e-01	5.9604650736e-01	2.0348936319e-02	6.4319799661e-01	6.9200733549e-01	1	1.4492410421e+00	1	0
23	518_598	5.1800000000e+02	5.9800000000e+02	3	0	1	5.1992006683e+02	6.0260282674e+02	1.9200668275e+00	4.6028267439e+00	4.6028267439e+00	5.0719505548e-01	4.9887660146e-01	5.0719505548e-01	1.3731957213e+01	1.7911771867e+01	1.7911771867e+01	4.1251444817e-01	4.7687163949e-01	4.1251444817e-01	8.3184540272e-03	5.6181574991e-01	5.8363258320e-01	0	2.5359752774e+00	1	0
23	518_598	5.1800000000e+02	5.9800000000e+02	4	0	1	5.1992006683e+02	6.0176340786e+02	1.9200668275e+00	3.7634078615e+00	3.7634078615e+00	4.5154538751e-01	4.2502552271e-01	4.5154538751e-01	1.4225205810e+01	1.8106101800e+01	1.8106101800e+01	4.5891371369e-01	5.5002552271e-01	4.5891371369e-01	2.6519864798e-02	5.8199603639e-01	5.8996457994e-01	0	2.2577269375e+00	1	0
23	518_598	5.1800000000e+02	5.9800000000e+02	5	0	1	5.1992006683e+02	6.0260282674e+02	1.9200668275e+00	4.6028267439e+00	4.6028267439e+00	3.5194617510e-01	3.2682648301e-01	3.5194617510e-01	1.5115391565e+01	1.9948507706e+01	1.9948507706e+01	5.4637074471e-01	6.4708486199e-01	5.4637074471e-01	2.5119692087e-02	6.1841621814e-01	6.4999706170e-01	0	1.7597308755e+00	1	0
23	518_598	5.1800000000e+02	5.9800000000e+02	6	0	1	5.2075948571e+02	6.0302253619e+02	2.7594857099e+00	5.0225361851e+00	5.0225361851e+00	2.0739105344e-01	1.7434537411e-01	2.0739105344e-01	1.7195472009e+01	2.4366316673e+01	2.4366316673e+01	6.5087863803e-01	7.9510998726e-01	6.5087863803e-01	3.3045679331e-02	7.0351857730e-01	7.9394581668e-01	1	1.0369552672e+00	1	0
23	518_598	5.1800000000e+02	5.9800000000e+02	7	0	1	5.2033977627e+02	6.0302253619e+02	2.3397762687e+00	5.0225361851e+00	5.0225361851e+00	2.5095647573e-01	2.2566632926e-01	2.5095647573e-01	1.6309662430e+01	2.2414227126e+01	2.2414227126e+01	6.2386232615e-01	7.4651165307e-01	6.2386232615e-01	2.5290146470e-02	6.6727743810e-01	7.3033943127e-01	1	1.2547823787e+00	1	0
23	518_598	5.1800000000e+02	5.9800000000e+02	8	0	1	5.1992006683e+02	6.0218311730e+02	1.9200668275e+00	4.1831173027e+00	4.1831173027e+00	4.7802835703e-01	4.5463210344e-01	4.7802835703e-01	1.3961336923e+01	1.8014928568e+01	1.8014928568e+01	4.3687617779e-01	5.2051079273e-01	4.3687617779e-01	2.3396253586e-02	5.7120036508e-01	5.8699381471e-01	0	2.3901417851e+00	1	0
23	518_598	5.1800000000e+02	5.9800000000e+02	9	0	1	5.1992006683e+02	6.0176340786e+02	1.9200668275e+00	3.7634078615e+00	3.7634078615e+00	4.6369433403e-01	4.3760481477e-01	4.6369433403e-01	1.4100806033e+01	1.8012898387e+01	1.8012898387e+01	4.4878947735e-01	5.3761807084e-01	4.4878947735e-01	2.6089519262e-02	5.7690646663e-01	5.8692766382e-01	0	2.3184716702e+00	1	0
23	518_598	5.1800000000e+02	5.9800000000e+02	10	1	1	5.2117919515e+02	6.0470137395e+02	3.1791951511e+00	6.7013739499e+00	6.7013739499e+00	5.5880613625e-02	5.3838130087e-02	5.5880613625e-02	2.2974702646e+01	4.1526226131e+01	4.1526226131e+01	6.4279972762e-01	9.0826034918e-01	6.4279972762e-01	2.0424835384e-03	9.3996431795e-01	1.3530799079e+00	1	1.0087997368e+00	0	0
23	518_598	5.1800000000e+02	5.9800000000e+02	11	1	1	5.2033977627e+02	6.0302253619e+02	2.3397762687e+00	5.0225361851e+00	5.0225361851e+00	2.8763815761e-01	2.6470187306e-01	2.8763815761e-01	1.5657227037e+01	2.1216328163e+01	2.1216328163e+01	5.9704133868e-01	7.0945093036e-01	5.9704133868e-01	2.2936284542e-02	6.4058434006e-01	6.9130739850e-01	1	1.4381907880e+00	1	0
23	518_598	5.1800000000e+02	5.9800000000e+02	12	1	1	5.2159890459e+02	6.0302253619e+02	3.5989045923e+00	5.0225361851e+00	5.0225361851e+00	3.9226237684e-02	1.2686057389e-01	1.2686057389e-01	3.2742983778e+01	3.7091363526e+01	3.7091363526e+01	9.2412983999e-01	5.0758366287e-01	5.0758366287e-01	8.7634336203e-02	1.3396141351e+00	1.2085754815e+00	1	9.8505928496e-01	1	0
23	518_598	5.1800000000e+02	5.9800000000e+02	13	1	1	5.2033977627e+02	6.0302253619e+02	2.3397762687e+00	5.0225361851e+00	5.0225361851e+00	2.8132206202e-01	2.5913956761e-01	2.8132206202e-01	1.5727910713e+01	2.1380936547e+01	2.1380936547e+01	6.0134190321e-01	7.1501019597e-01	6.0134190321e-01	2.2182494402e-02	6.4347622227e-01	6.9667095590e-01	1	1.4066103101e+00	1	0
23	518_598	5.1800000000e+02	5.9800000000e+02	14	1	1	5.2075948571e+02	6.0386195507e+02	2.7594857099e+00	5.8619550675e+00	5.8619550675e+00	1.2793107331e-01	1.4221502841e-01	1.4221502841e-01	2.3763120623e+01	2.5034853504e+01	2.5034853504e+01	8.4058396518e-01	6.6344068944e-01	6.6344068944e-01	1.4283955097e-02	9.7222087326e-01	8.1572924943e-01	1	7.5364687146e-01	1	1
23	518_598	5.1800000000e+02	5.9800000000e+02	15	1	1	5.2117919515e+02	6.0470137395e+02	3.1791951511e+00	6.7013739499e+00	6.7013739499e+00	5.0340089947e-02	4.7939144075e-02	5.0340089947e-02	2.3517230611e+01	4.2115556485e+01	4.2115556485e+01	6.4724036679e-01	9.1334799677e-01	6.4724036679e-01	2.4009458721e-03	9.6216077190e-01	1.3722824971e+00	1	1.0636642773e+00	0	0
23	518_598	5.1800000000e+02	5.9800000000e+02	16	1	1	5.2327774236e+02	5.8959183407e+02	5.2777423571e+00	-8.4081659333e+00	8.4081659333e+00	3.7302162498e-02	2.9072836041e-02	3.7302162498e-02	2.4624579374e+01	6.0574670336e+01	6.0574670336e+01	4.7971097007e-01	9.3487845361e-01	4.7971097007e-01	8.2293264568e-03	1.0074657467e+00	1.9737495312e+00	0	2.7821415177e+00	0	0
23	518_598	5.1800000000e+02	5.9800000000e+02	17	1	1	5.2243832347e+02	6.0386195507e+02	4.4383234747e+00	5.8619550675e+00	5.8619550675e+00	3.4991655499e-02	7.1337290108e-02	7.1337290108e-02	3.5850212219e+01	3.7344349630e+01	3.7344349630e+01	9.2525687441e-01	5.5381195992e-01	5.5381195992e-01	3.6345634609e-02	1.4667402141e+00	1.2168187159e+00	1	1.3335434688e+00	1	0
23	518_598	5.1800000000e+02	5.9800000000e+02	18	1	1	5.2075948571e+02	6.0302253619e+02	2.7594857099e+00	5.0225361851e+00	5.0225361851e+00	1.6879034042e-01	1.5758329630e-01	1.6879034042e-01	1.7896905455e+01	2.6690365848e+01	2.6690365848e+01	6.6511803865e-01	8.1184148788e-01	6.6511803865e-01	1.1207044125e-02	7.3221633328e-01	8.6967203929e-01	1	8.4395170212e-01	1	0
23	518_598	5.1800000000e+02	5.9800000000e+02	19	1	1	5.2075948571e+02	6.0386195507e+02	2.7594857099e+00	5.8619550675e+00	5.8619550675e+00	1.3739964366e-01	1.5125341713e-01	1.5125341713e-01	2.3131358647e+01	2.4491764234e+01	2.4491764234e+01	8.3192780614e-01	6.5992371738e-01	6.5992371738e-01	1.3853773475e-02	9.4637358703e-01	7.9803336785e-01	1	7.5766332810e-01	1	0
24	508_608	5.0800000000e+02	6.0800000000e+02	0	0	1	5.0439081750e+02	6.0302253619e+02	-3.6091824969e+00	-4.9774638149e+00	4.9774638149e+00	4.0041765571e-01	4.7260940075e-01	4.7260940075e-01	1.6071174582e+01	1.8839304868e+01	1.8839304868e+01	5.6381341815e-01	4.6108919382e-01	4.6108919382e-01	7.2191745043e-02	6.1562341661e-01	6.2414280594e-01	0	2.3630470037e+00	0	0
24	508_608	5.0800000000e+02	6.0800000000e+02	1	0	1	5.0439081750e+02	6.0302253619e+02	-3.6091824969e+00	-4.9774638149e+00	4.9774638149e+00	5.1960176229e-01	5.2216994762e-01	5.2216994762e-01	1.5400749590e+01	1.6639968400e+01	1.6639968400e+01	4.4614315033e-01	4.2223083973e-01	4.2223083973e-01	2.5681853294e-03	5.8994207501e-01	5.5127918149e-01	0	2.6108497381e+00	0	0
24	508_608	5.0800000000e+02	6.0800000000e+02	2	0	1	5.0439081750e+02	6.0302253619e+02	-3.6091824969e+00	-4.9774638149e+00	4.9774638149e+00	3.7029263377e-01	3.7262672186e-01	3.7262672186e-01	1.6772733621e+01	1.8618523654e+01	1.8618523654e+01	5.9403386712e-01	5.5560988188e-01	5.5560988188e-01	2.3340880871e-03	6.4249738095e-01	6.1682836374e-01	0	1.8631336093e+00	0	0
24	508_608	5.0800000000e+02	6.0800000000e+02	3	0	1	5.0439081750e+02	6.0302253619e+02	-3.6091824969e+00	-4.9774638149e+00	4.9774638149e+00	5.2693182230e-01	5.2797782421e-01	5.2797782421e-01	1.5597442435e+01	1.6729776881e+01	1.6729776881e+01	4.3914985657e-01	4.1619890928e-01	4.1619890928e-01	1.0460019112e-03	5.9747660342e-01	5.5425452044e-01	0	2.6398891211e+00	0	0
24	508_608	5.0800000000e+02	6.0800000000e+02	4	0	1	5.0439081750e+02	6.0260282674e+02	-3.6091824969e+00	-5.3971732561e+00	5.3971732561e+00	4.7008749843e-01	4.7373256087e-01	4.7373256087e-01	1.5623165752e+01	1.6873308198e+01	1.6873308198e+01	4.9553743005e-01	4.6589282155e-01	4.6589282155e-01	3.6450624466e-03	5.9846196238e-01	5.5900968735e-01	0	2.3686628044e+00	0	0
24	508_608	5.0800000000e+02	6.0800000000e+02	5	0	1	5.0439081750e+02	6.0302253619e+02	-3.6091824969e+00	-4.9774638149e+00	4.9774638149e+00	3.9179909229e-01	4.3221941590e-01	4.3221941590e-01	1.6387786180e+01	1.8611306392e+01	1.8611306392e+01	5.7284337282e-01	4.9933627248e-01	4.9933627248e-01	4.0420323610e-02	6.2775156023e-01	6.1658925713e-01	0	2.1610970795e+00	0	0
24	508_608	5.0800000000e+02	6.0800000000e+02	6	0	1	5.0439081750e+02	6.2107004216e+02	-3.6091824969e+00	1.3070042157e+01	1.3070042157e+01	2.9979598522e-01	4.0221565962e-01	4.0221565962e-01	1.7234104226e+01	2.4917808695e+01	2.4917808695e+01	6.5208756924e-01	5.1875919104e-01	5.1875919104e-01	1.0241967440e-01	6.6017067214e-01	8.2552255221e-01	0	2.0110782981e+00	0	0
24	508_608	5.0800000000e+02	6.0800000000e+02	7	0	1	5.0439081750e+02	6.0302253619e+02	-3.6091824969e+00	-4.9774638149e+00	4.9774638149e+00	3.3996257186e-01	3.3670139313e-01	3.3996257186e-01	1.6019232036e+01	2.0379548646e+01	2.0379548646e+01	5.8505299687e-01	6.2625437975e-01	5.8505299687e-01	3.2611787319e-03	6.1363370219e-01	6.7517080725e-01	1	1.6998128593e+00	0	0
24	508_608	5.0800000000e+02	6.0800000000e+02	8	0	1	5.0439081750e+02	6.0260282674e+02	-3.6091824969e+00	-5.3971732561e+00	5.3971732561e+00	4.8779031634e-01	4.9706569314e-01	4.9706569314e-01	1.5423366205e+01	1.6807778983e+01	1.6807778983e+01	4.7783061862e-01	4.4504889846e-01	4.4504889846e-01	9.2753767967e-03	5.9080842847e-01	5.5683871615e-01	0	2.4853284657e+00	0	0
24	508_608	5.0800000000e+02	6.0800000000e+02	9	0	1	5.0439081750e+02	6.0260282674e+02	-3.6091824969e+00	-5.3971732561e+00	5.3971732561e+00	4.7740465403e-01	4.8530906439e-01	4.8530906439e-01	1.5520351278e+01	1.6839329829e+01	1.6839329829e+01	4.8829865456e-01	4.5559006929e-01	4.5559006929e-01	7.9044103622e-03	5.9452354475e-01	5.5788399004e-01	0	2.4265453219e+00	0	0
24	508_608	5.0800000000e+02	6.0800000000e+02	10	1	1	5.0564994583e+02	6.0554079283e+02	-2.3500541733e+00	-2.4592071677e+00	2.4592071677e+00	4.3246820569e-02	3.3923950046e-02	4.3246820569e-02	2.6241125605e+01	4.1129841823e+01	4.1129841823e+01	7.2272042930e-01	9.0884229913e-01	7.2272042930e-01	9.3228705227e-03	1.0051941952e+00	1.3626243146e+00	1	1.0360694702e+00	1	0
24	508_608	5.0800000000e+02	6.0800000000e+02	11	1	1	5.0439081750e+02	6.0344224563e+02	-3.6091824969e+00	-4.5577543737e+00	4.5577543737e+00	2.4668963253e-01	2.1486966312e-01	2.4668963253e-01	1.7210779892e+01	2.2436178303e+01	2.2436178303e+01	6.6097949445e-01	7.4280799925e-01	6.6097949445e-01	3.1819969416e-02	6.5927720873e-01	7.4330658048e-01	1	1.2334481627e+00	0	0
24	508_608	5.0800000000e+02	6.0800000000e+02	12	1	1	5.0648936471e+02	6.0554079283e+02	-1.5106352909e+00	-2.4592071677e+00	2.4592071677e+00	3.3393185586e-02	2.1500973031e-02	3.3393185586e-02	2.8059968027e+01	4.5061864895e+01	4.5061864895e+01	7.0076086000e-01	9.1870817728e-01	7.0076086000e-01	1.1892212555e-02	1.0748668866e+00	1.4928915367e+00	1	1.4082615336e+00	1	0
24	508_608	5.0800000000e+02	6.0800000000e+02	13	1	1	5.0439081750e+02	6.0344224563e+02	-3.6091824969e+00	-4.5577543737e+00	4.5577543737e+00	2.4547341466e-01	2.1201689541e-01	2.4547341466e-01	1.7237641049e+01	2.2454028885e+01	2.2454028885e+01	6.6174080968e-01	7.4557213485e-01	6.6174080968e-01	3.3456519246e-02	6.6030615390e-01	7.4389796709e-01	1	1.2273670733e+00	0	0
24	508_608	5.0800000000e+02	6.0800000000e+02	14	1	1	5.0439081750e+02	6.0470137395e+02	-3.6091824969e+00	-3.2986260501e+00	3.6091824969e+00	9.5470890403e-02	6.2983021140e-02	9.5470890403e-02	2.2478000222e+01	3.1765910860e+01	3.1765910860e+01	7.4368728697e-01	8.8625647128e-01	7.4368728697e-01	3.2487869263e-02	8.6104367943e-01	1.0523989540e+00	1	6.7232559808e-01	1	0
24	508_608	5.0800000000e+02	6.0800000000e+02	15	1	1	5.0564994583e+02	6.0554079283e+02	-2.3500541733e+00	-2.4592071677e+00	2.4592071677e+00	4.2399454862e-02	3.1254541129e-02	4.2399454862e-02	2.6322000579e+01	4.1430961410e+01	4.1430961410e+01	7.2130228207e-01	9.1180794314e-01	7.2130228207e-01	1.1144913733e-02	1.0082921971e+00	1.3726003527e+00	1	1.0645724363e+00	1	0
24	508_608	5.0800000000e+02	6.0800000000e+02	16	1	1	5.0690907415e+02	6.0679992116e+02	-1.0909258497e+00	-1.2000788441e+00	1.2000788441e+00	2.5994492695e-02	2.3793620989e-02	2.5994492695e-02	2.9916205602e+01	4.9839340941e+01	4.9839340941e+01	6.7640356906e-01	9.1045893915e-01	6.7640356906e-01	2.2008717060e-03	1.1459720390e+00	1.6511684650e+00	0	1.8604813286e+00	1	0
24	508_608	5.0800000000e+02	6.0800000000e+02	17	1	1	5.0690907415e+02	6.0679992116e+02	-1.0909258497e+00	-1.2000788441e+00	1.2000788441e+00	2.9707940295e-02	1.7975516617e-02	2.9707940295e-02	2.8954102748e+01	4.7493647137e+01	4.7493647137e+01	6.8747880869e-01	9.2091935128e-01	6.8747880869e-01	1.1732423678e-02	1.1091176670e+00	1.5734560482e+00	0	1.6384458519e+00	1	0
24	508_608	5.0800000000e+02	6.0800000000e+02	18	1	1	5.0439081750e+02	6.0470137395e+02	-3.6091824969e+00	-3.2986260501e+00	3.6091824969e+00	1.1581113189e-01	9.1225713491e-02	1.1581113189e-01	2.1163181839e+01	2.9246844071e+01	2.9246844071e+01	7.4750826508e-01	8.6098977923e-01	7.4750826508e-01	2.4585418403e-02	8.1067816441e-01	9.6894272111e-01	1	6.6888892519e-01	1	1
24	508_608	5.0800000000e+02	6.0800000000e+02	19	1	1	5.0439081750e+02	6.0470137395e+02	-3.6091824969e+00	-3.2986260501e+00	3.6091824969e+00	9.9633887410e-02	6.7856706679e-02	9.9633887410e-02	2.2118094011e+01	3.0852888709e+01	3.0852888709e+01	7.4645130336e-01	8.8252224773e-01	7.4645130336e-01	3.1777180731e-02	8.4725708966e-01	1.0221506932e+00	1	6.6983605996e-01	1	0
25	498_618	4.9800000000e+02	6.1800000000e+02	0	0	1	5.0439081750e+02	6.1981091383e+02	6.3908175031e+00	1.8109138331e+00	6.3908175031e+00	3.8722598553e-01	4.2599290609e-01	4.2599290609e-01	1.5811021138e+01	1.7913025384e+01	1.7913025384e+01	5.6449222565e-01	5.1120656729e-01	5.1120656729e-01	3.8766920567e-02	5.2888944064e-01	6.5989468684e-01	0	2.1299645305e+00	1	0
25	498_618	4.9800000000e+02	6.1800000000e+02	1	0	1	5.0439081750e+02	6.1981091383e+02	6.3908175031e+00	1.8109138331e+00	6.3908175031e+00	6.0833668709e-01	5.2887696028e-01	6.0833668709e-01	1.6645472703e+01	1.6650533666e+01	1.6650533666e+01	3.3459764719e-01	4.1630160809e-01	3.3459764719e-01	7.9459726810e-02	5.5680241464e-01	6.1338598386e-01	0	3.0416834354e+00	1	0
25	498_618	4.9800000000e+02	6.1800000000e+02	2	0	1	5.0439081750e+02	6.1981091383e+02	6.3908175031e+00	1.8109138331e+00	6.3908175031e+00	3.6430114508e-01	4.0326333046e-01	4.0326333046e-01	1.6104000729e+01	1.8060576622e+01	1.8060576622e+01	5.8721899986e-01	5.3279525042e-01	5.3279525042e-01	3.8962185383e-02	5.3868980780e-01	6.6533030008e-01	0	2.0163166523e+00	1	0
25	498_618	4.9800000000e+02	6.1800000000e+02	3	0	1	5.0439081750e+02	6.1981091383e+02	6.3908175031e+00	1.8109138331e+00	6.3908175031e+00	5.5010432005e-01	5.2407938242e-01	5.5010432005e-01	1.4952639438e+01	1.6783651979e+01	1.6783651979e+01	3.9255940914e-01	4.2442512512e-01	3.9255940914e-01	2.6024937630e-02	5.0017598734e-01	6.1828990519e-01	0	2.7505216002e+00	1	0
25	498_618	4.9800000000e+02	6.1800000000e+02	4	0	1	5.0439081750e+02	6.1981091383e+02	6.3908175031e+00	1.8109138331e+00	6.3908175031e+00	4.6978658438e-01	4.9000635743e-01	4.9000635743e-01	1.5086782041e+01	1.7132260444e+01	1.7132260444e+01	4.8259323835e-01	4.5194837451e-01	4.5194837451e-01	2.0219773054e-02	5.0466314891e-01	6.3113222911e-01	0	2.4500317872e+00	1	0
25	498_618	4.9800000000e+02	6.1800000000e+02	5	0	1	5.0439081750e+02	6.1981091383e+02	6.3908175031e+00	1.8109138331e+00	6.3908175031e+00	3.6582297087e-01	4.0583389997e-01	4.0583389997e-01	1.6094847769e+01	1.7973314720e+01	1.7973314720e+01	5.8656340837e-01	5.2952998877e-01	5.2952998877e-01	4.0010929108e-02	5.3838363506e-01	6.6211567473e-01	0	2.0291694999e+00	1	0
25	498_618	4.9800000000e+02	6.1800000000e+02	6	0	1	5.0439081750e+02	6.2023062327e+02	6.3908175031e+00	2.2306232743e+00	6.3908175031e+00	3.2634130120e-01	3.4704849124e-01	3.4704849124e-01	1.6604399530e+01	1.8813767743e+01	1.8813767743e+01	6.2482222915e-01	5.8379843831e-01	5.8379843831e-01	2.0707190037e-02	5.5542848897e-01	6.9307697091e-01	1	1.7352424562e+00	1	0
25	498_618	4.9800000000e+02	6.1800000000e+02	7	0	1	5.0439081750e+02	6.2023062327e+02	6.3908175031e+00	2.2306232743e+00	6.3908175031e+00	3.4862053394e-01	3.8221767545e-01	3.8221767545e-01	1.6332806366e+01	1.8174186699e+01	1.8174186699e+01	6.0376054049e-01	5.5164423585e-01	5.5164423585e-01	3.3597141504e-02	5.4634351242e-01	6.6951556108e-01	0	1.9110883772e+00	1	0
25	498_618	4.9800000000e+02	6.1800000000e+02	8	0	1	5.0439081750e+02	6.1981091383e+02	6.3908175031e+00	1.8109138331e+00	6.3908175031e+00	4.8835474253e-01	5.0351333618e-01	5.0351333618e-01	1.4983191668e+01	1.6815949815e+01	1.6815949815e+01	4.6430921555e-01	4.3824172020e-01	4.3824172020e-01	1.5158593655e-02	5.0119798027e-01	6.1947971931e-01	0	2.5175666809e+00	1	0
25	498_618	4.9800000000e+02	6.1800000000e+02	9	0	1	5.0439081750e+02	6.1981091383e+02	6.3908175031e+00	1.8109138331e+00	6.3908175031e+00	4.7951462865e-01	4.9385538697e-01	4.9385538697e-01	1.5046694384e+01	1.6879458886e+01	1.6879458886e+01	4.7356233001e-01	4.4725009799e-01	4.4725009799e-01	1.4340758324e-02	5.0332218946e-01	6.2181931845e-01	0	2.4692769349e+00	1	0
25	498_618	4.9800000000e+02	6.1800000000e+02	10	1	1	5.0481052694e+02	6.2274887992e+02	6.8105269443e+00	4.7488799215e+00	6.8105269443e+00	1.0308165848e-01	3.7140291184e-02	1.0308165848e-01	2.8467035736e+01	3.9360818585e+01	3.9360818585e+01	7.2975955904e-01	8.7547774985e-01	7.2975955904e-01	6.5941367298e-02	9.5224176075e-01	1.4500060429e+00	1	1.2857315512e+00	1	0
25	498_618	4.9800000000e+02	6.1800000000e+02	11	1	1	4.9012069650e+02	6.2023062327e+02	-7.8793034977e+00	2.2306232743e+00	7.8793034977e+00	5.7653826475e-01	3.5212683678e-01	5.7653826475e-01	2.9703481518e+01	2.0449853739e+01	2.9703481518e+01	3.5954761505e-01	5.8085024357e-01	3.5954761505e-01	2.2441142797e-01	9.9360171544e-01	7.5334844559e-01	0	2.8826913238e+00	1	0
25	498_618	4.9800000000e+02	6.1800000000e+02	12	1	1	5.0481052694e+02	6.2274887992e+02	6.8105269443e+00	4.7488799215e+00	6.8105269443e+00	1.4014291763e-01	3.2450206578e-02	1.4014291763e-01	3.2135050059e+01	4.1686560528e+01	4.1686560528e+01	6.7982661724e-01	8.6999093741e-01	6.7982661724e-01	1.0769271106e-01	1.0749393415e+00	1.5356836277e+00	0	1.5305246507e+00	1	0
25	498_618	4.9800000000e+02	6.1800000000e+02	13	1	1	5.0439081750e+02	6.2107004216e+02	6.3908175031e+00	3.0700421567e+00	6.3908175031e+00	3.1210306287e-01	3.4398722649e-01	3.4398722649e-01	1.6539230935e+01	1.9269734487e+01	1.9269734487e+01	6.3738247752e-01	5.8756673336e-01	5.8756673336e-01	3.1884163618e-02	5.5324855501e-01	7.0987424695e-01	1	1.7199361324e+00	1	0
25	498_618	4.9800000000e+02	6.1800000000e+02	14	1	1	4.8886156818e+02	6.2232917048e+02	-9.1384318213e+00	4.3291704803e+00	9.1384318213e+00	1.7844744027e-01	1.1364074796e-01	1.7844744027e-01	2.1687388535e+01	2.6459606345e+01	2.6459606345e+01	7.4207495153e-01	8.0310282856e-01	7.4207495153e-01	6.4806692302e-02	7.2545793796e-01	9.7474062971e-01	1	8.9223720133e-01	0	0
25	498_618	4.9800000000e+02	6.1800000000e+02	15	1	1	5.0481052694e+02	6.2274887992e+02	6.8105269443e+00	4.7488799215e+00	6.8105269443e+00	1.0701628774e-01	4.2650956661e-02	1.0701628774e-01	2.7814338294e+01	3.8754799084e+01	3.8754799084e+01	7.3245999962e-01	8.7198523805e-01	7.3245999962e-01	6.4365331084e-02	9.3040858616e-01	1.4276810006e+00	1	1.2219457161e+00	1	1
25	498_618	4.9800000000e+02	6.1800000000e+02	16	1	1	4.9431779091e+02	6.2400800825e+02	-3.6822090857e+00	6.0080082451e+00	6.0080082451e+00	2.0245718956e-01	1.9276816398e-02	2.0245718956e-01	3.6705964104e+01	4.6974077782e+01	4.6974077782e+01	5.9182929993e-01	8.7794927880e-01	5.9182929993e-01	1.8318037316e-01	1.2278395339e+00	1.7304695149e+00	0	2.0870557570e+00	1	0
25	498_618	4.9800000000e+02	6.1800000000e+02	17	1	1	5.0481052694e+02	6.2358829880e+02	6.8105269443e+00	5.5882988039e+00	6.8105269443e+00	1.0454770178e-01	2.8343804181e-02	1.0454770178e-01	3.0241965564e+01	4.4617533942e+01	4.4617533942e+01	6.9555089623e-01	8.7522148341e-01	6.9555089623e-01	7.6203897595e-02	1.0116143740e+00	1.6436572247e+00	0	1.8390206419e+00	1	0
25	498_618	4.9800000000e+02	6.1800000000e+02	18	1	1	5.0439081750e+02	6.2190946104e+02	6.3908175031e+00	3.9094610391e+00	6.3908175031e+00	3.3875787258e-01	1.6246743500e-01	3.3875787258e-01	2.7982905472e+01	2.4646669201e+01	2.7982905472e+01	5.7918184996e-01	7.6801447570e-01	5.7918184996e-01	1.7629043758e-01	9.3604727322e-01	9.0795416771e-01	0	1.7629043758e+00	1	0
25	498_618	4.9800000000e+02	6.1800000000e+02	19	1	1	4.9012069650e+02	6.2232917048e+02	-7.8793034977e+00	4.3291704803e+00	7.8793034977e+00	3.5542586446e-01	1.2878306210e-01	3.5542586446e-01	3.0774073270e+01	2.5579875696e+01	3.0774073270e+01	5.6202569604e-01	7.9592333734e-01	5.6202569604e-01	2.2664280236e-01	1.0294137397e+00	9.4233239220e-01	0	2.2664280236e+00	1	0
26	560_600	5.6000000000e+02	6.0000000000e+02	0	0	1	4.1667154429e+02	5.7154432810e+02	-1.4332845571e+02	-2.8455671905e+01	1.4332845571e+02	5.8878660202e-01	1.9195860252e-02	5.8878660202e-01	4.1521950118e+01	6.6159091824e+01	6.6159091824e+01	2.9151678085e-01	9.6774064936e-01	2.9151678085e-01	5.6959074177e-01	2.4739503814e+00	9.2079564130e-01	0	5.6959074177e+00	0	0
26	560_600	5.6000000000e+02	6.0000000000e+02	1	0	1	5.6776694312e+02	6.0344224563e+02	7.7669431243e+00	3.4422456263e+00	7.7669431243e+00	4.7710233927e-01	4.7284626961e-01	4.7710233927e-01	1.3326955094e+01	2.4640591854e+01	2.4640591854e+01	2.8855788708e-01	5.1776266098e-01	2.8855788708e-01	4.2560696602e-03	7.9404328419e-01	3.4294529978e-01	0	2.3855116963e+00	1	0
26	560_600	5.6000000000e+02	6.0000000000e+02	2	0	1	4.1625183485e+02	5.7280345642e+02	-1.4374816515e+02	-2.7196543581e+01	1.4374816515e+02	5.8699131012e-01	9.2002814636e-03	5.8699131012e-01	4.1416575013e+01	7.3621956238e+01	7.3621956238e+01	2.9720485210e-01	9.7611051146e-01	2.9720485210e-01	5.7779102866e-01	2.4676719484e+00	1.0246630439e+00	0	5.7779102866e+00	0	0
26	560_600	5.6000000000e+02	6.0000000000e+02	3	0	1	5.6776694312e+02	6.0344224563e+02	7.7669431243e+00	3.4422456263e+00	7.7669431243e+00	4.7237354517e-01	4.6728807688e-01	4.7237354517e-01	1.3504029565e+01	2.4370883775e+01	2.4370883775e+01	2.9727423191e-01	5.2312970161e-01	2.9727423191e-01	5.0854682922e-03	8.0459369077e-01	3.3919152963e-01	0	2.3618677258e+00	1	0
26	560_600	5.6000000000e+02	6.0000000000e+02	4	0	1	5.6944578089e+02	6.0302253619e+02	9.4457808891e+00	3.0225361851e+00	9.4457808891e+00	1.4430554211e-01	2.3491202295e-01	2.3491202295e-01	6.2773536906e+01	8.3184674843e+00	6.2773536906e+01	8.4210340679e-01	9.5535829663e-02	9.5535829663e-02	9.0606480837e-02	3.7401570767e+00	1.1577560076e-01	0	7.8290202191e+00	0	0
26	560_600	5.6000000000e+02	6.0000000000e+02	5	0	1	4.1667154429e+02	5.8665386798e+02	-1.4332845571e+02	-1.3346132022e+01	1.4332845571e+02	5.8560496569e-01	1.5576247126e-02	5.8560496569e-01	4.1428497627e+01	7.0337165232e+01	7.0337165232e+01	2.9462605715e-01	9.7037231550e-01	2.9462605715e-01	5.7002871856e-01	2.4683823186e+00	9.7894565027e-01	0	5.7002871856e+00	0	0
26	560_600	5.6000000000e+02	6.0000000000e+02	6	0	1	4.1541241597e+02	5.7490200362e+02	-1.4458758403e+02	-2.5097996375e+01	1.4458758403e+02	5.9007227421e-01	4.5571387745e-03	5.9007227421e-01	4.1319677682e+01	8.2360018289e+01	8.2360018289e+01	2.9830002785e-01	9.7623109212e-01	2.9830002785e-01	5.8551513543e-01	2.4618986360e+00	1.1462785200e+00	0	5.8551513543e+00	0	0
26	560_600	5.6000000000e+02	6.0000000000e+02	7	0	1	4.1625183485e+02	5.7406258474e+02	-1.4374816515e+02	-2.5937415258e+01	1.4374816515e+02	5.8859336376e-01	6.4629176632e-03	5.8859336376e-01	4.1362329734e+01	7.8431090540e+01	7.8431090540e+01	2.9595386982e-01	9.7628964391e-01	2.9595386982e-01	5.8213044610e-01	2.4644399198e+00	1.0915960954e+00	0	5.8213044610e+00	0	0
26	560_600	5.6000000000e+02	6.0000000000e+02	8	0	1	5.6818665257e+02	6.0302253619e+02	8.1866525655e+00	3.0225361851e+00	8.1866525655e+00	2.6441079378e-01	2.2948452830e-01	2.6441079378e-01	1.4449030652e+01	2.7578942752e+01	2.7578942752e+01	3.7883687019e-01	7.5817278028e-01	3.7883687019e-01	3.4926265478e-02	8.6089850769e-01	3.8384097450e-01	0	1.7604543586e+00	0	0
26	560_600	5.6000000000e+02	6.0000000000e+02	9	0	1	5.6944578089e+02	6.0344224563e+02	9.4457808891e+00	3.4422456263e+00	9.4457808891e+00	1.5657529235e-01	2.1813699603e-01	2.1813699603e-01	6.2881319959e+01	1.0236309364e+01	6.2881319959e+01	8.3015421033e-01	1.5117853880e-01	1.5117853880e-01	6.1561703682e-02	3.7465789794e+00	1.4246793275e-01	0	7.8473685126e+00	0	0
26	560_600	5.6000000000e+02	6.0000000000e+02	10	1	1	5.5223769380e+02	6.0386195507e+02	-7.7623062001e+00	3.8619550675e+00	7.7623062001e+00	1.0839473456e-01	3.9011094719e-02	1.0839473456e-01	2.1273085346e+01	9.1125147170e+01	9.1125147170e+01	4.0083421022e-01	9.4073000178e-01	4.0083421022e-01	6.9383639842e-02	1.2674876169e+00	1.2682707095e+00	1	1.2473985185e+00	1	0
26	560_600	5.6000000000e+02	6.0000000000e+02	11	1	1	5.5139827492e+02	6.0218311730e+02	-8.6017250825e+00	2.1831173027e+00	8.6017250825e+00	4.3108159304e-01	2.9920741916e-01	4.3108159304e-01	1.7532248170e+01	2.3944350540e+01	2.3944350540e+01	3.2485908270e-01	6.8962386250e-01	3.2485908270e-01	1.3187417388e-01	1.0446019978e+00	3.3325508261e-01	0	2.1554079652e+00	0	0
26	560_600	5.6000000000e+02	6.0000000000e+02	12	1	1	5.5307711268e+02	6.0386195507e+02	-6.9228873177e+00	3.8619550675e+00	6.9228873177e+00	4.7866124660e-02	3.5992991179e-02	4.7866124660e-02	2.4253786944e+01	9.7727402175e+01	9.7727402175e+01	4.1701845452e-01	9.4159530476e-01	4.1701845452e-01	1.1873133481e-02	1.4450830293e+00	1.3601602361e+00	1	1.2716657981e+00	1	0
26	560_600	5.6000000000e+02	6.0000000000e+02	13	1	1	5.6650781480e+02	6.0218311730e+02	6.5078148007e+00	2.1831173027e+00	6.5078148007e+00	4.8066666722e-01	2.9646784067e-01	4.8066666722e-01	2.4327069711e+01	2.4375281339e+01	2.4375281339e+01	2.4251475930e-01	6.9198232889e-01	2.4251475930e-01	1.8419882655e-01	1.4494493447e+00	3.3925273449e-01	0	2.4033333361e+00	1	0
26	560_600	5.6000000000e+02	6.0000000000e+02	14	1	1	5.5223769380e+02	6.0386195507e+02	-7.7623062001e+00	3.8619550675e+00	7.7623062001e+00	1.4805193245e-01	8.6058475077e-02	1.4805193245e-01	1.9442571120e+01	3.2934902520e+01	3.2934902520e+01	4.8273651302e-01	8.9662941545e-01	4.8273651302e-01	6.1993457377e-02	1.1584223790e+00	4.5838468835e-01	0	1.5474723190e+00	1	0
26	560_600	5.6000000000e+02	6.0000000000e+02	15	1	1	5.5223769380e+02	6.0386195507e+02	-7.7623062001e+00	3.8619550675e+00	7.7623062001e+00	7.9919211566e-02	4.0769238025e-02	7.9919211566e-02	2.2616060587e+01	9.4315598112e+01	9.4315598112e+01	4.1866562515e-01	9.3752042577e-01	4.1866562515e-01	3.9149973541e-02	1.3475044298e+00	1.3126750875e+00	1	1.1942704869e+00	1	1
26	560_600	5.6000000000e+02	6.0000000000e+02	16	1	1	5.5391653156e+02	6.0554079283e+02	-6.0834684353e+00	5.5407928323e+00	6.0834684353e+00	2.5446876884e-02	1.4880346134e-02	2.5446876884e-02	2.6062700928e+01	1.0314898136e+02	1.0314898136e+02	3.6467497051e-01	9.5881892554e-01	3.6467497051e-01	1.0566530749e-02	1.5528612870e+00	1.4356172344e+00	0	1.5796036773e+00	1	0
26	560_600	5.6000000000e+02	6.0000000000e+02	17	1	1	5.5391653156e+02	6.0470137395e+02	-6.0834684353e+00	4.7013739499e+00	6.0834684353e+00	3.2877761871e-02	2.2945629433e-02	3.2877761871e-02	2.5118387750e+01	1.0095319133e+02	1.0095319133e+02	3.8364468142e-01	9.5230085962e-01	3.8364468142e-01	9.9321324378e-03	1.4965974569e+00	1.4050564478e+00	1	1.4188498769e+00	1	0
26	560_600	5.6000000000e+02	6.0000000000e+02	18	1	1	5.5433624101e+02	6.0386195507e+02	-5.6637589941e+00	3.8619550675e+00	5.6637589941e+00	3.3505654335e-01	1.2696595490e-01	3.3505654335e-01	2.7932986513e+01	3.1424487980e+01	3.1424487980e+01	2.6641637087e-01	8.6040364206e-01	2.6641637087e-01	2.0809058845e-01	1.6642961721e+00	4.3736288943e-01	0	2.0809058845e+00	1	0
26	560_600	5.6000000000e+02	6.0000000000e+02	19	1	1	5.5433624101e+02	6.0386195507e+02	-5.6637589941e+00	3.8619550675e+00	5.6637589941e+00	2.9659876227e-01	9.6444614232e-02	2.9659876227e-01	2.7849970208e+01	3.3347393047e+01	3.3347393047e+01	2.7517417073e-01	8.8970261067e-01	2.7517417073e-01	2.0015414804e-01	1.6593499155e+00	4.6412569035e-01	0	2.0015414804e+00	1	0
27	550_610	5.5000000000e+02	6.1000000000e+02	0	0	1	5.5223769380e+02	6.0386195507e+02	2.2376937999e+00	-6.1380449325e+00	6.1380449325e+00	2.9671302438e-01	2.0222952962e-01	2.9671302438e-01	1.9243616395e+01	2.8938784365e+01	2.8938784365e+01	3.8301417232e-01	7.8369560838e-01	3.8301417232e-01	9.4483494759e-02	5.9922510998e-01	1.3370716692e+00	1	1.4835651219e+00	1	0
27	550_610	5.5000000000e+02	6.1000000000e+02	1	0	1	4.2338689535e+02	5.5097856548e+02	-1.2661310465e+02	-5.9021434524e+01	1.2661310465e+02	6.1205947399e-01	6.3449400663e-01	6.3449400663e-01	5.6091620175e+01	2.9068894915e+01	5.6091620175e+01	3.7533754110e-01	2.2758668661e-01	2.2758668661e-01	2.2434532642e-02	1.7466315363e+00	1.3430832254e+00	0	3.1724700332e+00	0	0
27	550_610	5.5000000000e+02	6.1000000000e+02	2	0	1	5.5223769380e+02	6.0470137395e+02	2.2376937999e+00	-5.2986260501e+00	5.2986260501e+00	1.0383129865e-01	8.1468038261e-02	1.0383129865e-01	2.1497054997e+01	3.5024854691e+01	3.5024854691e+01	5.4528158158e-01	8.9894295484e-01	5.4528158158e-01	2.2363260388e-02	6.6939471671e-01	1.6182691137e+00	0	1.7664831819e+00	1	0
27	550_610	5.5000000000e+02	6.1000000000e+02	3	0	1	5.5097856548e+02	6.1981091383e+02	9.7856547627e-01	9.8109138331e+00	9.8109138331e+00	5.4695135355e-01	5.4009449482e-01	5.4695135355e-01	1.5908588027e+01	2.0891591825e+01	2.0891591825e+01	3.2532882690e-01	4.4572299719e-01	3.2532882690e-01	6.8568587303e-03	4.9537598414e-01	9.6526361303e-01	0	2.7347567677e+00	0	0
27	550_610	5.5000000000e+02	6.1000000000e+02	4	0	1	5.6776694312e+02	6.0218311730e+02	1.7766943124e+01	-7.8168826973e+00	1.7766943124e+01	4.3543902040e-01	3.7712323666e-01	4.3543902040e-01	1.0383395839e+01	6.1141885399e+01	6.1141885399e+01	1.7902460694e-01	6.0777527094e-01	1.7902460694e-01	5.8315783739e-02	3.2332755890e-01	2.8249660295e+00	0	5.2141886557e+00	0	0
27	550_610	5.5000000000e+02	6.1000000000e+02	5	0	1	5.5307711268e+02	6.0428166451e+02	3.0771126823e+00	-5.7183354913e+00	5.7183354913e+00	2.1183931828e-01	1.1936884373e-01	2.1183931828e-01	2.6883059071e+01	3.3757741687e+01	3.3757741687e+01	4.0024441481e-01	8.6316836625e-01	4.0024441481e-01	9.2470474541e-02	8.3710897671e-01	1.5597241217e+00	0	1.5992117762e+00	1	0
27	550_610	5.5000000000e+02	6.1000000000e+02	6	0	1	5.5307711268e+02	6.0470137395e+02	3.0771126823e+00	-5.2986260501e+00	5.2986260501e+00	5.1907010376e-02	1.8663736060e-02	5.1907010376e-02	2.4409244207e+01	9.7584396653e+01	9.7584396653e+01	4.1004192084e-01	9.5776060037e-01	4.1004192084e-01	3.3243274316e-02	7.6007709488e-01	4.5087357669e+00	0	1.0024959334e+01	1	0
27	550_610	5.5000000000e+02	6.1000000000e+02	7	0	1	5.5223769380e+02	6.0386195507e+02	2.2376937999e+00	-6.1380449325e+00	6.1380449325e+00	6.3889674842e-02	3.4359969199e-02	6.3889674842e-02	2.2777797221e+01	4.3692859755e+01	4.3692859755e+01	4.7805518657e-01	9.4343205541e-01	4.7805518657e-01	2.9529705644e-02	7.0927562495e-01	2.0187608501e+00	0	2.9107452859e+00	1	0
27	550_610	5.5000000000e+02	6.1000000000e+02	8	0	1	4.2464602368e+02	6.0302253619e+02	-1.2535397632e+02	-6.9774638149e+00	1.2535397632e+02	6.0601586103e-01	4.1926538944e-01	6.0601586103e-01	4.1867025281e+01	4.5629625280e+01	4.5629625280e+01	2.3154085875e-01	5.6713891029e-01	2.3154085875e-01	1.8675047159e-01	1.3036932515e+00	2.1082460986e+00	0	3.1664174247e+00	0	0
27	550_610	5.5000000000e+02	6.1000000000e+02	9	0	1	5.6776694312e+02	6.1939120439e+02	1.7766943124e+01	9.3912043919e+00	1.7766943124e+01	4.2497548461e-01	5.3958785534e-01	5.3958785534e-01	2.6124239660e+01	2.6908149746e+01	2.6908149746e+01	5.5953565240e-01	2.1037155390e-01	2.1037155390e-01	1.1461237073e-01	8.1348017246e-01	1.2432493446e+00	0	2.6979392767e+00	0	0
27	550_610	5.5000000000e+02	6.1000000000e+02	10	1	1	5.5265740324e+02	6.0470137395e+02	2.6574032411e+00	-5.2986260501e+00	5.2986260501e+00	4.4726904482e-02	2.2544417530e-02	4.4726904482e-02	2.4143282843e+01	9.6069644104e+01	9.6069644104e+01	4.3796554580e-01	9.5334329829e-01	4.3796554580e-01	2.2182486951e-02	7.5179534971e-01	4.4387489737e+00	0	9.8249970677e+00	1	0
27	550_610	5.5000000000e+02	6.1000000000e+02	11	1	1	5.5097856548e+02	6.0302253619e+02	9.7856547627e-01	-6.9774638149e+00	6.9774638149e+00	3.2575312257e-01	2.6772513986e-01	3.2575312257e-01	1.6695670977e+01	2.4587332547e+01	2.4587332547e+01	4.4109746814e-01	7.2119465470e-01	4.4109746814e-01	5.8027982712e-02	5.1988488402e-01	1.1360195838e+00	1	1.6287656128e+00	0	0
27	550_610	5.5000000000e+02	6.1000000000e+02	12	1	1	5.5307711268e+02	6.0470137395e+02	3.0771126823e+00	-5.2986260501e+00	5.2986260501e+00	3.8508329540e-02	1.6179492697e-02	3.8508329540e-02	2.5090778388e+01	9.9518805156e+01	9.9518805156e+01	4.0160733089e-01	9.5881874301e-01	4.0160733089e-01	2.2328836843e-02	7.8129932184e-01	4.5981121130e+00	0	1.0280320323e+01	1	0
27	550_610	5.5000000000e+02	6.1000000000e+02	13	1	1	5.5097856548e+02	6.0302253619e+02	9.7856547627e-01	-6.9774638149e+00	6.9774638149e+00	3.2644948363e-01	2.6494809985e-01	3.2644948363e-01	1.6713517519e+01	2.4742770998e+01	2.4742770998e+01	4.3477812409e-01	7.2392317653e-01	4.3477812409e-01	6.1501383781e-02	5.2044060577e-01	1.1432013764e+00	1	1.6322474182e+00	0	0
27	550_610	5.5000000000e+02	6.1000000000e+02	14	1	1	5.5223769380e+02	6.0386195507e+02	2.2376937999e+00	-6.1380449325e+00	6.1380449325e+00	1.3317845762e-01	5.5655315518e-02	1.3317845762e-01	2.0310649083e+01	3.6524353541e+01	3.6524353541e+01	4.6593274176e-01	9.2580990493e-01	4.6593274176e-01	7.7523142099e-02	6.3245133769e-01	1.6875511334e+00	0	1.9644318097e+00	1	0
27	550_610	5.5000000000e+02	6.1000000000e+02	15	1	1	5.5307711268e+02	6.0470137395e+02	3.0771126823e+00	-5.2986260501e+00	5.2986260501e+00	4.3845456094e-02	2.0515965298e-02	4.3845456094e-02	2.4535607874e+01	9.7275195145e+01	9.7275195145e+01	4.2609145120e-01	9.5549370162e-01	4.2609145120e-01	2.3329490796e-02	7.6401192091e-01	4.4944495906e+00	0	9.9841416874e+00	1	0
27	550_610	5.5000000000e+02	6.1000000000e+02	16	1	1	5.5517565989e+02	6.0554079283e+02	5.1756598883e+00	-4.4592071677e+00	5.1756598883e+00	1.7918201163e-02	9.9943969399e-03	1.7918201163e-02	2.7443072398e+01	1.0598452335e+02	1.0598452335e+02	3.3713301830e-01	9.6134053729e-01	3.3713301830e-01	7.9238042235e-03	8.5454717756e-01	4.8968505988e+00	0	1.1133858854e+01	1	0
27	550_610	5.5000000000e+02	6.1000000000e+02	17	1	1	5.5391653156e+02	6.0554079283e+02	3.9165315647e+00	-4.4592071677e+00	4.4592071677e+00	2.7205804363e-02	1.1243458837e-02	2.7205804363e-02	2.6145075843e+01	1.0260810766e+02	1.0260810766e+02	3.6939107440e-01	9.6181649342e-01	3.6939107440e-01	1.5962345526e-02	8.1412898833e-01	4.7408485458e+00	0	1.0688138702e+01	1	0
27	550_610	5.5000000000e+02	6.1000000000e+02	18	1	1	5.5223769380e+02	6.0386195507e+02	2.2376937999e+00	-6.1380449325e+00	6.1380449325e+00	1.7705442011e-01	1.1017010361e-01	1.7705442011e-01	1.9337315849e+01	3.0443441841e+01	3.0443441841e+01	4.7861222923e-01	8.7384297699e-01	4.7861222923e-01	6.6884316504e-02	6.0214280821e-01	1.4065920353e+00	1	1.1616915293e+00	1	1
27	550_610	5.5000000000e+02	6.1000000000e+02	19	1	1	5.5223769380e+02	6.0386195507e+02	2.2376937999e+00	-6.1380449325e+00	6.1380449325e+00	1.3797476888e-01	7.3246084154e-02	1.3797476888e-01	2.0035101257e+01	3.3569947339e+01	3.3569947339e+01	4.9377945065e-01	9.0855041891e-01	4.9377945065e-01	6.4728684723e-02	6.2387108058e-01	1.5510473749e+00	0	1.5744210712e+00	1	0
28	540_620	5.4000000000e+02	6.2000000000e+02	0	0	1	5.3544931615e+02	6.2023062327e+02	-4.5506838481e+00	2.3062327427e-01	4.5506838481e+00	3.1645417213e-01	2.8405457735e-01	3.1645417213e-01	1.6677680069e+01	2.2886919258e+01	2.2886919258e+01	5.4900872707e-01	6.8581920862e-01	5.4900872707e-01	3.2399594784e-02	5.4125667168e-01	9.3637428514e-01	1	1.5822708607e+00	1	0
28	540_620	5.4000000000e+02	6.2000000000e+02	1	0	1	5.3419018783e+02	6.1981091383e+02	-5.8098121717e+00	-1.8908616693e-01	5.8098121717e+00	5.4241061211e-01	5.3273403645e-01	5.4241061211e-01	1.5422262619e+01	2.0194670715e+01	2.0194670715e+01	3.4368664026e-01	4.4587099552e-01	3.4368664026e-01	9.6765756607e-03	5.0051341076e-01	8.2622611373e-01	0	2.7120530605e+00	0	0
28	540_620	5.4000000000e+02	6.2000000000e+02	2	0	1	5.3586902559e+02	6.2148975160e+02	-4.1309744069e+00	1.4897515979e+00	4.1309744069e+00	2.4111713469e-01	2.1631160378e-01	2.4111713469e-01	1.7960133989e+01	2.4844915824e+01	2.4844915824e+01	6.0893492401e-01	7.5019392371e-01	6.0893492401e-01	2.4805530906e-02	5.8287737298e-01	1.0164819490e+00	1	1.2055856735e+00	1	0
28	540_620	5.4000000000e+02	6.2000000000e+02	3	0	1	5.3419018783e+02	6.1981091383e+02	-5.8098121717e+00	-1.8908616693e-01	5.8098121717e+00	5.4215717316e-01	5.3221124411e-01	5.4215717316e-01	1.5443781438e+01	2.0209327095e+01	2.0209327095e+01	3.4386050701e-01	4.4638049603e-01	3.4386050701e-01	9.9459290504e-03	5.0121178153e-01	8.2682575134e-01	0	2.7107858658e+00	0	0
28	540_620	5.4000000000e+02	6.2000000000e+02	4	0	1	5.3502960671e+02	6.1981091383e+02	-4.9703932893e+00	-1.8908616693e-01	4.9703932893e+00	3.5862791538e-01	3.2968503237e-01	3.5862791538e-01	1.6013611088e+01	2.1645018574e+01	2.1645018574e+01	5.1157099009e-01	6.4303588867e-01	5.1157099009e-01	2.8942883015e-02	5.1970500712e-01	8.8556430708e-01	0	1.7931395769e+00	1	0
28	540_620	5.4000000000e+02	6.2000000000e+02	5	0	1	5.3544931615e+02	6.2065033272e+02	-4.5506838481e+00	6.5033271547e-01	4.5506838481e+00	2.7828225493e-01	2.4992699921e-01	2.7828225493e-01	1.7278692752e+01	2.3995555161e+01	2.3995555161e+01	5.7919988036e-01	7.1791224182e-01	5.7919988036e-01	2.8355255723e-02	5.6076191003e-01	9.8173199094e-01	1	1.3914112747e+00	1	0
28	540_620	5.4000000000e+02	6.2000000000e+02	6	0	1	5.3586902559e+02	6.2190946104e+02	-4.1309744069e+00	1.9094610391e+00	4.1309744069e+00	1.1755395681e-01	9.3390576541e-02	1.1755395681e-01	2.0933535900e+01	3.1600313673e+01	3.1600313673e+01	6.7418747395e-01	8.7104982883e-01	6.7418747395e-01	2.4163380265e-02	6.7937602360e-01	1.2928660599e+00	1	9.1606850400e-01	1	1
28	540_620	5.4000000000e+02	6.2000000000e+02	7	0	1	5.3586902559e+02	6.2148975160e+02	-4.1309744069e+00	1.4897515979e+00	4.1309744069e+00	1.7250548303e-01	1.5182726085e-01	1.7250548303e-01	1.9376558333e+01	2.7527403030e+01	2.7527403030e+01	6.5923728049e-01	8.1205768883e-01	6.5923728049e-01	2.0678222179e-02	6.2884594432e-01	1.1262307540e+00	1	1.0604401591e+00	1	0
28	540_620	5.4000000000e+02	6.2000000000e+02	8	0	1	5.3419018783e+02	6.1981091383e+02	-5.8098121717e+00	-1.8908616693e-01	5.8098121717e+00	4.6972551942e-01	4.4833463430e-01	4.6972551942e-01	1.5028485187e+01	2.0254235443e+01	2.0254235443e+01	4.1012957692e-01	5.2737247944e-01	4.1012957692e-01	2.1390885115e-02	4.8773377587e-01	8.2866309003e-01	0	2.3486275971e+00	0	0
28	540_620	5.4000000000e+02	6.2000000000e+02	9	0	1	5.3419018783e+02	6.1981091383e+02	-5.8098121717e+00	-1.8908616693e-01	5.8098121717e+00	3.9007964730e-01	3.6562356353e-01	3.9007964730e-01	1.5596190004e+01	2.0952343761e+01	2.0952343761e+01	4.8379775882e-01	6.0815313458e-01	4.8379775882e-01	2.4456083775e-02	5.0615804223e-01	8.5722484923e-01	0	1.9503982365e+00	0	0
28	540_620	5.4000000000e+02	6.2000000000e+02	10	1	1	5.3670844448e+02	6.2274887992e+02	-3.2915555245e+00	2.7488799215e+00	3.2915555245e+00	4.5384280384e-02	3.4691188484e-02	4.5384280384e-02	2.6092089459e+01	4.7299786990e+01	4.7299786990e+01	6.2540972978e-01	9.1948768124e-01	6.2540972978e-01	1.0693091899e-02	8.4679148658e-01	1.9351798173e+00	0	2.6719423352e+00	1	0
28	540_620	5.4000000000e+02	6.2000000000e+02	11	1	1	5.3544931615e+02	6.2065033272e+02	-4.5506838481e+00	6.5033271547e-01	4.5506838481e+00	2.8312379122e-01	2.5339397788e-01	2.8312379122e-01	1.7170750870e+01	2.3995890670e+01	2.3995890670e+01	5.7127362490e-01	7.1591046453e-01	5.7127362490e-01	2.9729813337e-02	5.5725876909e-01	9.8174571766e-01	1	1.4156189561e+00	1	0
28	540_620	5.4000000000e+02	6.2000000000e+02	12	1	1	5.3670844448e+02	6.2274887992e+02	-3.2915555245e+00	2.7488799215e+00	3.2915555245e+00	3.1993098557e-02	2.1023970097e-02	3.1993098557e-02	2.7848030867e+01	5.1872171315e+01	5.1872171315e+01	6.1254256219e-01	9.3349643424e-01	6.1254256219e-01	1.0969128460e-02	9.0377872928e-01	2.1222501283e+00	0	3.2064289381e+00	1	0
28	540_620	5.4000000000e+02	6.2000000000e+02	13	1	1	5.3544931615e+02	6.2065033272e+02	-4.5506838481e+00	6.5033271547e-01	4.5506838481e+00	2.8371483088e-01	2.5509974360e-01	2.8371483088e-01	1.7130318495e+01	2.3906823851e+01	2.3906823851e+01	5.7020264864e-01	7.1443864703e-01	5.7020264864e-01	2.8615087271e-02	5.5594657861e-01	9.7810172006e-01	1	1.4185741544e+00	1	0
28	540_620	5.4000000000e+02	6.2000000000e+02	14	1	1	5.3586902559e+02	6.2190946104e+02	-4.1309744069e+00	1.9094610391e+00	4.1309744069e+00	7.4078746140e-02	5.0730515271e-02	7.4078746140e-02	2.3498712529e+01	3.8092246857e+01	3.8092246857e+01	6.6226350516e-01	9.1083950922e-01	6.6226350516e-01	2.3348230869e-02	7.6262614942e-01	1.5584710208e+00	0	1.5956314880e+00	1	0
28	540_620	5.4000000000e+02	6.2000000000e+02	15	1	1	5.3670844448e+02	6.2274887992e+02	-3.2915555245e+00	2.7488799215e+00	3.2915555245e+00	3.6112941802e-02	2.7960712090e-02	3.6112941802e-02	2.7113620379e+01	5.0278724500e+01	5.0278724500e+01	6.1663910002e-01	9.2557460628e-01	6.1663910002e-01	8.1522297114e-03	8.7994420467e-01	2.0570573164e+00	0	3.0201637612e+00	1	0
28	540_620	5.4000000000e+02	6.2000000000e+02	16	1	1	5.3796757280e+02	6.2400800825e+02	-2.0324272009e+00	4.0080082451e+00	4.0080082451e+00	2.1437060088e-02	1.2967938557e-02	2.1437060088e-02	3.0601433412e+01	6.0874071902e+01	6.0874071902e+01	5.5856632069e-01	9.3436015211e-01	5.5856632069e-01	8.4691215307e-03	9.9313753048e-01	2.4905455783e+00	0	4.2587016523e+00	1	0
28	540_620	5.4000000000e+02	6.2000000000e+02	17	1	1	5.3754786336e+02	6.2400800825e+02	-2.4521366421e+00	4.0080082451e+00	4.0080082451e+00	2.6579333469e-02	1.8473358825e-02	2.6579333469e-02	2.8910515646e+01	5.6079896976e+01	5.6079896976e+01	5.8757375367e-01	9.3260940723e-01	5.8757375367e-01	8.1059746444e-03	9.3826056206e-01	2.2944011314e+00	0	3.6982889469e+00	1	0
28	540_620	5.4000000000e+02	6.2000000000e+02	18	1	1	5.3586902559e+02	6.2190946104e+02	-4.1309744069e+00	1.9094610391e+00	4.1309744069e+00	1.1990460753e-01	9.3409068882e-02	1.1990460753e-01	2.0835977730e+01	3.1381295421e+01	3.1381295421e+01	6.7353209853e-01	8.7061392516e-01	6.7353209853e-01	2.6495538652e-02	6.7620987516e-01	1.2839053494e+00	1	9.2511464239e-01	1	0
28	540_620	5.4000000000e+02	6.2000000000e+02	19	1	1	5.3586902559e+02	6.2190946104e+02	-4.1309744069e+00	1.9094610391e+00	4.1309744069e+00	9.5935128629e-02	7.1207977831e-02	9.5935128629e-02	2.2625879542e+01	3.5897858140e+01	3.5897858140e+01	6.6143707186e-01	8.9095773548e-01	6.6143707186e-01	2.4727150798e-02	7.3429926731e-01	1.4686918267e+00	1	1.3391195049e+00	1	0
29	530_630	5.3000000000e+02	6.3000000000e+02	0	0	1	5.2117919515e+02	6.2023062327e+02	-8.8208048489e+00	-9.7693767257e+00	9.7693767257e+00	3.6772650480e-01	3.3828461170e-01	3.6772650480e-01	1.6546245507e+01	2.1108660073e+01	2.1108660073e+01	5.3812605143e-01	6.2687325478e-01	5.3812605143e-01	2.9441893101e-02	5.4576288537e-01	8.0866731896e-01	0	1.8386325240e+00	0	0
29	530_630	5.3000000000e+02	6.3000000000e+02	1	0	1	4.2002921982e+02	6.1897149495e+02	-1.0997078018e+02	-1.1028505049e+01	1.0997078018e+02	6.3552641869e-01	6.3445359468e-01	6.3552641869e-01	4.6637296526e+01	2.1737852597e+01	4.6637296526e+01	2.7865445614e-01	3.3723080158e-01	2.7865445614e-01	1.0728240013e-03	1.5382888830e+00	8.3277152213e-01	0	3.1776320934e+00	0	0
29	530_630	5.3000000000e+02	6.3000000000e+02	2	0	1	5.2117919515e+02	6.2023062327e+02	-8.8208048489e+00	-9.7693767257e+00	9.7693767257e+00	3.3601737022e-01	3.1386175752e-01	3.3601737022e-01	1.6600481779e+01	2.1341769366e+01	2.1341769366e+01	5.6726515293e-01	6.5007415414e-01	5.6726515293e-01	2.2155612707e-02	5.4755181957e-01	8.1759767579e-01	1	1.6800868511e+00	0	0
29	530_630	5.3000000000e+02	6.3000000000e+02	3	0	1	4.2002921982e+02	6.1897149495e+02	-1.0997078018e+02	-1.1028505049e+01	1.0997078018e+02	6.3304835558e-01	5.9829294682e-01	6.3304835558e-01	4.6502536074e+01	1.9832185584e+01	4.6502536074e+01	2.7867358923e-01	3.7452578545e-01	2.7867358923e-01	3.4755408764e-02	1.5338439318e+00	7.5976591076e-01	0	3.1652417779e+00	0	0
29	530_630	5.3000000000e+02	6.3000000000e+02	4	0	1	5.3502960671e+02	6.1981091383e+02	5.0296067107e+00	-1.0189086167e+01	1.0189086167e+01	4.7296246886e-01	4.0741622448e-01	4.7296246886e-01	1.6727072576e+01	2.0539783878e+01	2.0539783878e+01	4.2515477538e-01	5.6406843662e-01	4.2515477538e-01	6.5546244383e-02	5.5172730210e-01	7.8687381875e-01	0	2.3648123443e+00	0	0
29	530_630	5.3000000000e+02	6.3000000000e+02	5	0	1	5.2075948571e+02	6.2023062327e+02	-9.2405142901e+00	-9.7693767257e+00	9.7693767257e+00	3.3148545027e-01	3.1994283199e-01	3.3148545027e-01	1.6347603819e+01	2.1391270684e+01	2.1391270684e+01	5.7258534431e-01	6.4364397526e-01	5.7258534431e-01	1.1542618275e-02	5.3921086965e-01	8.1949405852e-01	1	1.6574272513e+00	0	0
29	530_630	5.3000000000e+02	6.3000000000e+02	6	0	1	5.2117919515e+02	6.2148975160e+02	-8.8208048489e+00	-8.5102484021e+00	8.8208048489e+00	2.3618470132e-01	2.3287214339e-01	2.3618470132e-01	1.7765422782e+01	2.4469776867e+01	2.4469776867e+01	6.5010960400e-01	7.2549812496e-01	6.5010960400e-01	3.3125579357e-03	5.8597634088e-01	9.3743083580e-01	1	1.1829247404e+00	1	0
29	530_630	5.3000000000e+02	6.3000000000e+02	7	0	1	5.2117919515e+02	6.2065033272e+02	-8.8208048489e+00	-9.3496672845e+00	9.3496672845e+00	3.3518612385e-01	2.8427305818e-01	3.3518612385e-01	1.8856087653e+01	2.2498143309e+01	2.2498143309e+01	5.6276047230e-01	6.7901644111e-01	5.6276047230e-01	5.0913065672e-02	6.2195093143e-01	8.6189806308e-01	1	1.6759306192e+00	0	0
29	530_630	5.3000000000e+02	6.3000000000e+02	8	0	1	5.3419018783e+02	6.1981091383e+02	4.1901878283e+00	-1.0189086167e+01	1.0189086167e+01	5.3700542450e-01	5.4617530107e-01	5.4617530107e-01	1.9408096072e+01	1.7423921243e+01	1.9408096072e+01	4.3581902981e-01	3.5493803024e-01	3.5493803024e-01	9.1698765755e-03	6.4015842793e-01	6.6750592548e-01	0	2.7308765054e+00	0	0
29	530_630	5.3000000000e+02	6.3000000000e+02	9	0	1	5.3502960671e+02	6.1981091383e+02	5.0296067107e+00	-1.0189086167e+01	1.0189086167e+01	4.8041307926e-01	4.6444305778e-01	4.8041307926e-01	1.5512037578e+01	2.0442499493e+01	2.0442499493e+01	4.1728675365e-01	5.0849077106e-01	4.1728675365e-01	1.5970021486e-02	5.1165047584e-01	7.8314687908e-01	0	2.4020653963e+00	0	0
29	530_630	5.3000000000e+02	6.3000000000e+02	10	1	1	5.3754786336e+02	6.2400800825e+02	7.5478633579e+00	-5.9919917549e+00	7.5478633579e+00	2.3630121723e-02	1.6982110217e-02	2.3630121723e-02	2.9527764207e+01	5.7963731642e+01	5.7963731642e+01	5.7427599095e-01	9.3076261692e-01	5.7427599095e-01	6.6480115056e-03	9.7394649353e-01	2.2205755980e+00	0	3.4873588513e+00	1	0
29	530_630	5.3000000000e+02	6.3000000000e+02	11	1	1	5.3586902559e+02	6.2148975160e+02	5.8690255931e+00	-8.5102484021e+00	8.5102484021e+00	2.1442048252e-01	1.9274218380e-01	2.1442048252e-01	1.8427491761e+01	2.5924781253e+01	2.5924781253e+01	6.2828005850e-01	7.7292989194e-01	6.2828005850e-01	2.1678298712e-02	6.0781408504e-01	9.9317167825e-01	1	1.1205311856e+00	1	0
29	530_630	5.3000000000e+02	6.3000000000e+02	12	1	1	5.2285803292e+02	6.2400800825e+02	-7.1419670841e+00	-5.9919917549e+00	7.1419670841e+00	2.6019614190e-02	1.0288684629e-02	2.6019614190e-02	3.1006712443e+01	5.8356339684e+01	5.8356339684e+01	6.3086904958e-01	9.2549225781e-01	6.3086904958e-01	1.5730929561e-02	1.0227282583e+00	2.2356163107e+00	0	3.5303323163e+00	1	0
29	530_630	5.3000000000e+02	6.3000000000e+02	13	1	1	5.3586902559e+02	6.2148975160e+02	5.8690255931e+00	-8.5102484021e+00	8.5102484021e+00	2.1467293799e-01	1.9187341630e-01	2.1467293799e-01	1.8434051044e+01	2.5964043727e+01	2.5964043727e+01	6.2616465986e-01	7.7465631068e-01	6.2616465986e-01	2.2799521685e-02	6.0803043707e-01	9.9467581349e-01	1	1.1199130370e+00	1	1
29	530_630	5.3000000000e+02	6.3000000000e+02	14	1	1	5.2159890459e+02	6.2274887992e+02	-8.4010954077e+00	-7.2511200785e+00	8.4010954077e+00	5.4660312831e-02	4.0692988783e-02	5.4660312831e-02	2.5552071487e+01	4.1609402039e+01	4.1609402039e+01	7.1365357190e-01	9.0298938379e-01	7.1365357190e-01	1.3967324048e-02	8.4281187879e-01	1.5940454522e+00	0	1.6972727204e+00	1	0
29	530_630	5.3000000000e+02	6.3000000000e+02	15	1	1	5.3754786336e+02	6.2400800825e+02	7.5478633579e+00	-5.9919917549e+00	7.5478633579e+00	2.7455464005e-02	1.6363091767e-02	2.7455464005e-02	2.9853086839e+01	5.8218942880e+01	5.8218942880e+01	5.7150833309e-01	9.3086903542e-01	5.7150833309e-01	1.1092372239e-02	9.8467696518e-01	2.2303526746e+00	0	3.5152933560e+00	1	0
29	530_630	5.3000000000e+02	6.3000000000e+02	16	1	1	5.3670844448e+02	6.2484742713e+02	6.7084444755e+00	-5.1525728725e+00	6.7084444755e+00	6.8861179054e-02	1.1525373906e-02	6.8861179054e-02	3.7939862863e+01	6.7730252280e+01	6.7730252280e+01	4.9411416799e-01	9.2748751119e-01	4.9411416799e-01	5.7335805148e-02	1.2514119302e+00	2.5947284827e+00	0	4.5563670935e+00	1	0
29	530_630	5.3000000000e+02	6.3000000000e+02	17	1	1	5.2327774236e+02	6.2400800825e+02	-6.7222576429e+00	-5.9919917549e+00	6.7222576429e+00	2.2373655811e-02	1.0594988242e-02	2.2373655811e-02	3.2082725163e+01	6.1161714119e+01	6.1161714119e+01	6.1535235308e-01	9.2268166505e-01	6.1535235308e-01	1.1778667569e-02	1.0582195610e+00	2.3430894812e+00	0	3.8373985178e+00	1	0
29	530_630	5.3000000000e+02	6.3000000000e+02	18	1	1	5.3586902559e+02	6.2190946104e+02	5.8690255931e+00	-8.0905389609e+00	8.0905389609e+00	9.2308945954e-02	7.4672564864e-02	9.2308945954e-02	2.2940214607e+01	3.6699535359e+01	3.6699535359e+01	6.6688536853e-01	8.8488061726e-01	6.6688536853e-01	1.7636381090e-02	7.5666215095e-01	1.4059497270e+00	1	1.1598563627e+00	1	0
29	530_630	5.3000000000e+02	6.3000000000e+02	19	1	1	5.3586902559e+02	6.2274887992e+02	5.8690255931e+00	-7.2511200785e+00	7.2511200785e+00	7.1094185114e-02	4.5651029795e-02	7.1094185114e-02	2.4277456192e+01	4.0582848379e+01	4.0582848379e+01	6.4934095740e-01	9.1167818382e-01	6.4934095740e-01	2.5443155318e-02	8.0076985051e-01	1.5547184464e+00	0	1.5849098468e+00	1	0
30	520_640	5.2000000000e+02	6.4000000000e+02	0	0	1	5.2033977627e+02	6.2148975160e+02	3.3977626867e-01	-1.8510248402e+01	1.8510248402e+01	3.4289902449e-01	5.2704042196e-01	5.2704042196e-01	1.6874601956e+01	3.3068406517e+01	3.3068406517e+01	6.1341065168e-01	3.8261955976e-01	3.8261955976e-01	1.8414139748e-01	6.2166907101e-01	1.1004566308e+00	0	2.6352021098e+00	0	0
30	520_640	5.2000000000e+02	6.4000000000e+02	1	0	1	5.2033977627e+02	6.3869783869e+02	3.3977626867e-01	-1.3021613129e+00	1.3021613129e+00	5.0208514929e-01	5.0266319513e-01	5.0266319513e-01	1.6045040431e+01	1.6070963428e+01	1.6070963428e+01	4.5238542557e-01	4.1775614023e-01	4.1775614023e-01	5.7804584503e-04	5.9110759501e-01	5.3481253350e-01	0	2.5133159757e+00	1	0
30	520_640	5.2000000000e+02	6.4000000000e+02	2	0	1	5.2033977627e+02	6.2065033272e+02	3.3977626867e-01	-1.9349667285e+01	1.9349667285e+01	3.4864300489e-01	5.0497663021e-01	5.0497663021e-01	1.6919974333e+01	3.1736408204e+01	3.1736408204e+01	6.0908651352e-01	4.0405207872e-01	4.0405207872e-01	1.5633362532e-01	6.2334061287e-01	1.0561301413e+00	0	2.5248831511e+00	0	0
30	520_640	5.2000000000e+02	6.4000000000e+02	3	0	1	5.2033977627e+02	6.3869783869e+02	3.3977626867e-01	-1.3021613129e+00	1.3021613129e+00	5.0091022253e-01	5.0559931993e-01	5.0559931993e-01	1.6094930672e+01	1.6024811753e+01	1.6094930672e+01	4.5436447859e-01	4.1462910175e-01	4.1462910175e-01	4.6890974045e-03	5.9294557731e-01	5.3327668939e-01	0	2.5279965997e+00	1	0
30	520_640	5.2000000000e+02	6.4000000000e+02	4	0	1	5.2033977627e+02	6.3869783869e+02	3.3977626867e-01	-1.3021613129e+00	1.3021613129e+00	4.7462001443e-01	4.6857935190e-01	4.7462001443e-01	1.5170036406e+01	1.8116678228e+01	1.8116678228e+01	4.3897089362e-01	4.8811554909e-01	4.3897089362e-01	6.0406625271e-03	5.5887199380e-01	6.0289021407e-01	0	2.3731000721e+00	1	0
30	520_640	5.2000000000e+02	6.4000000000e+02	5	0	1	5.2033977627e+02	6.3785841980e+02	3.3977626867e-01	-2.1415801953e+00	2.1415801953e+00	3.4602025151e-01	5.4843664169e-01	5.4843664169e-01	1.6912626294e+01	3.3985663557e+01	3.3985663557e+01	6.0908159614e-01	3.6150658131e-01	3.6150658131e-01	2.0241639018e-01	6.2306990728e-01	1.1309812825e+00	0	2.7421832085e+00	1	0
30	520_640	5.2000000000e+02	6.4000000000e+02	6	0	1	5.2033977627e+02	6.2023062327e+02	3.3977626867e-01	-1.9769376726e+01	1.9769376726e+01	2.9585853219e-01	3.1949201226e-01	3.1949201226e-01	1.7629327710e+01	2.1315440395e+01	2.1315440395e+01	6.6293749213e-01	5.8364400268e-01	5.8364400268e-01	2.3633480072e-02	6.4947355844e-01	7.0933922110e-01	1	1.5974600613e+00	0	0
30	520_640	5.2000000000e+02	6.4000000000e+02	7	0	1	5.2033977627e+02	6.2023062327e+02	3.3977626867e-01	-1.9769376726e+01	1.9769376726e+01	3.3228933811e-01	4.1816008091e-01	4.1816008091e-01	1.7071165905e+01	2.4273281810e+01	2.4273281810e+01	6.2666583061e-01	4.8980569839e-01	4.8980569839e-01	8.5870742798e-02	6.2891058862e-01	8.0777082215e-01	0	2.0908004045e+00	0	0
30	520_640	5.2000000000e+02	6.4000000000e+02	8	0	1	5.2033977627e+02	6.3869783869e+02	3.3977626867e-01	-1.3021613129e+00	1.3021613129e+00	4.8756825924e-01	4.8066446185e-01	4.8756825924e-01	1.5101949325e+01	1.7792056085e+01	1.7792056085e+01	4.2756652832e-01	4.7578796744e-01	4.2756652832e-01	6.9037973881e-03	5.5636363049e-01	5.9208737754e-01	0	2.4378412962e+00	1	0
30	520_640	5.2000000000e+02	6.4000000000e+02	9	0	1	5.2033977627e+02	6.3869783869e+02	3.3977626867e-01	-1.3021613129e+00	1.3021613129e+00	4.8310866952e-01	4.7414588928e-01	4.8310866952e-01	1.5155174912e+01	1.7968480639e+01	1.7968480639e+01	4.3072357774e-01	4.8262715340e-01	4.3072357774e-01	8.9627802372e-03	5.5832448864e-01	5.9795846692e-01	0	2.4155433476e+00	1	0
30	520_640	5.2000000000e+02	6.4000000000e+02	10	1	1	5.2159890459e+02	6.4079638589e+02	1.5989045923e+00	7.9638589307e-01	1.5989045923e+00	5.0289895386e-02	3.4948371351e-02	5.0289895386e-02	2.5906502301e+01	3.9761011278e+01	3.9761011278e+01	7.6294401661e-01	8.8875148445e-01	7.6294401661e-01	1.5341524035e-02	9.5440895497e-01	1.3231743866e+00	1	9.2335539021e-01	1	0
30	520_640	5.2000000000e+02	6.4000000000e+02	11	1	1	5.2075948571e+02	6.3869783869e+02	7.5948570987e-01	-1.3021613129e+00	1.3021613129e+00	2.7192687988e-01	2.4879856408e-01	2.7192687988e-01	1.6822121230e+01	2.2028523073e+01	2.2028523073e+01	6.2719649076e-01	6.9769971073e-01	6.2719649076e-01	2.3128315806e-02	6.1973565388e-01	7.3306932011e-01	1	1.3596343994e+00	1	0
30	520_640	5.2000000000e+02	6.4000000000e+02	12	1	1	5.2159890459e+02	6.4079638589e+02	1.5989045923e+00	7.9638589307e-01	1.5989045923e+00	3.5149738193e-02	2.4567779154e-02	3.5149738193e-02	2.7813762513e+01	4.4288132114e+01	4.4288132114e+01	7.5182040036e-01	8.9888292924e-01	7.5182040036e-01	1.0581959039e-02	1.0246734084e+00	1.4738287624e+00	1	1.3537964640e+00	1	0
30	520_640	5.2000000000e+02	6.4000000000e+02	13	1	1	5.2033977627e+02	6.3869783869e+02	3.3977626867e-01	-1.3021613129e+00	1.3021613129e+00	2.8283751011e-01	2.6159822941e-01	2.8283751011e-01	1.6760011347e+01	2.1819300761e+01	2.1819300761e+01	6.1748528481e-01	6.8613952398e-01	6.1748528481e-01	2.1239280701e-02	6.1744749366e-01	7.2610678079e-01	1	1.4141875505e+00	1	0
30	520_640	5.2000000000e+02	6.4000000000e+02	14	1	1	5.2117919515e+02	6.4079638589e+02	1.1791951511e+00	7.9638589307e-01	1.1791951511e+00	8.8758528233e-02	6.1711221933e-02	8.8758528233e-02	2.2749009140e+01	3.2639940456e+01	3.2639940456e+01	7.6383519173e-01	8.6861714721e-01	7.6383519173e-01	2.7047306299e-02	8.3808527249e-01	1.0861980569e+00	1	6.5459146870e-01	1	1
30	520_640	5.2000000000e+02	6.4000000000e+02	15	1	1	5.2159890459e+02	6.4079638589e+02	1.5989045923e+00	7.9638589307e-01	1.5989045923e+00	4.4882837683e-02	3.1610000879e-02	4.4882837683e-02	2.6469949440e+01	4.0929690468e+01	4.0929690468e+01	7.6144224033e-01	8.9201701805e-01	7.6144224033e-01	1.3272836804e-02	9.7516663923e-01	1.3620659117e+00	1	1.0344740335e+00	1	0
30	520_640	5.2000000000e+02	6.4000000000e+02	16	1	1	5.2243832347e+02	6.4247522366e+02	2.4383234747e+00	2.4752236579e+00	2.4752236579e+00	2.5973835960e-02	1.5766615048e-02	2.5973835960e-02	3.0033753263e+01	4.9633861420e+01	4.9633861420e+01	7.2717466019e-01	9.0532190166e-01	7.2717466019e-01	1.0207220912e-02	1.1064590168e+00	1.6517249443e+00	0	1.8620712694e+00	1	0
30	520_640	5.2000000000e+02	6.4000000000e+02	17	1	1	5.2159890459e+02	6.4079638589e+02	1.5989045923e+00	7.9638589307e-01	1.5989045923e+00	2.9737809673e-02	2.0265594125e-02	2.9737809673e-02	2.8700485347e+01	4.6463691627e+01	4.6463691627e+01	7.4820693396e-01	9.0190593898e-01	7.4820693396e-01	9.4722155482e-03	1.0573407366e+00	1.5462274397e+00	0	1.5606498277e+00	1	0
30	520_640	5.2000000000e+02	6.4000000000e+02	18	1	1	5.2117919515e+02	6.4079638589e+02	1.1791951511e+00	7.9638589307e-01	1.1791951511e+00	1.3089102507e-01	1.0659882426e-01	1.3089102507e-01	2.0351140371e+01	2.7990111472e+01	2.7990111472e+01	7.4316906929e-01	8.2900241017e-01	7.4316906929e-01	2.4292200804e-02	7.4974654578e-01	9.3146017637e-01	1	7.1500986920e-01	1	0
30	520_640	5.2000000000e+02	6.4000000000e+02	19	1	1	5.2117919515e+02	6.4079638589e+02	1.1791951511e+00	7.9638589307e-01	1.1791951511e+00	9.8422259092e-02	7.3834717274e-02	9.8422259092e-02	2.2013379369e+01	3.0994566130e+01	3.0994566130e+01	7.6217332482e-01	8.5831278563e-01	7.6217332482e-01	2.4587541819e-02	8.1098429093e-01	1.0314429817e+00	1	6.5601876071e-01	1	0
